solid OpenSCAD_Model
  facet normal -1 0 0
    outer loop
      vertex 0 24.5859 36.83
      vertex 0 28.7134 36.83
      vertex 0 28.7134 0
    endloop
  endfacet
  facet normal -1 0 -0
    outer loop
      vertex 0 28.4921 37.0532
      vertex 0 28.7134 36.83
      vertex 0 24.5859 36.83
    endloop
  endfacet
  facet normal -1 0 0
    outer loop
      vertex 0 28.7134 36.83
      vertex 0 28.685 36.913
      vertex 0 28.7134 36.9013
    endloop
  endfacet
  facet normal -1 0 0
    outer loop
      vertex 0 28.7134 36.83
      vertex 0 28.583 36.9755
      vertex 0 28.685 36.913
    endloop
  endfacet
  facet normal -1 0 0
    outer loop
      vertex 0 28.7134 36.83
      vertex 0 28.4921 37.0532
      vertex 0 28.583 36.9755
    endloop
  endfacet
  facet normal -1 -0 0
    outer loop
      vertex 0 28.4921 37.0532
      vertex 0 24.5859 36.83
      vertex 0 28.4144 37.1441
    endloop
  endfacet
  facet normal -1 -0 0
    outer loop
      vertex 0 28.4144 37.1441
      vertex 0 24.5859 36.83
      vertex 0 28.352 37.246
    endloop
  endfacet
  facet normal -1 -0 0
    outer loop
      vertex 0 28.352 37.246
      vertex 0 24.5859 36.83
      vertex 0 28.3062 37.3565
    endloop
  endfacet
  facet normal -1 -0 0
    outer loop
      vertex 0 28.3062 37.3565
      vertex 0 24.5859 36.83
      vertex 0 28.2783 37.4728
    endloop
  endfacet
  facet normal -1 0 0
    outer loop
      vertex 0 24.5859 43.688
      vertex 0 28.2689 43.688
      vertex 0 28.2689 37.592
    endloop
  endfacet
  facet normal -1 -0 0
    outer loop
      vertex 0 28.2783 37.4728
      vertex 0 24.5859 36.83
      vertex 0 28.2689 37.592
    endloop
  endfacet
  facet normal -1 0 0
    outer loop
      vertex 0 24.5859 43.688
      vertex 0 28.2689 37.592
      vertex 0 24.5859 36.83
    endloop
  endfacet
  facet normal -1 0 0
    outer loop
      vertex 0 28.2689 43.688
      vertex 0 24.5859 43.688
      vertex 0 27.5069 44.45
    endloop
  endfacet
  facet normal -1 0 0
    outer loop
      vertex 0 28.7134 0
      vertex 0 22.0459 36.83
      vertex 0 24.5859 36.83
    endloop
  endfacet
  facet normal -1 0 0
    outer loop
      vertex 0 -7.3025 41.0028
      vertex 0 22.0459 43.688
      vertex 0 22.0459 36.83
    endloop
  endfacet
  facet normal -1 -0 0
    outer loop
      vertex 0 22.0459 43.688
      vertex 0 -7.3025 41.0028
      vertex 0 21.8487 45.186
    endloop
  endfacet
  facet normal -1 0 0
    outer loop
      vertex 0 1.52399 19.05
      vertex 0 22.0459 36.83
      vertex 0 28.7134 0
    endloop
  endfacet
  facet normal -1 0 0
    outer loop
      vertex 0 0 20.574
      vertex 0 22.0459 36.83
      vertex 0 1.52399 19.05
    endloop
  endfacet
  facet normal -1 -0 0
    outer loop
      vertex 0 15.3155 69.6017
      vertex 0 -7.3025 41.0028
      vertex 0 15.3047 69.6841
    endloop
  endfacet
  facet normal -1 -0 0
    outer loop
      vertex 0 15.3307 69.5199
      vertex 0 -7.3025 41.0028
      vertex 0 15.3155 69.6017
    endloop
  endfacet
  facet normal -1 -0 0
    outer loop
      vertex 0 15.3501 69.4391
      vertex 0 -7.3025 41.0028
      vertex 0 15.3307 69.5199
    endloop
  endfacet
  facet normal -1 -0 0
    outer loop
      vertex 0 21.8487 45.186
      vertex 0 -7.3025 41.0028
      vertex 0 15.3501 69.4391
    endloop
  endfacet
  facet normal -1 0 0
    outer loop
      vertex 0 1.52399 19.05
      vertex 0 28.7134 0
      vertex 0 1.58749 0
    endloop
  endfacet
  facet normal -1 -0 0
    outer loop
      vertex 0 27.5069 44.45
      vertex 0 24.5859 43.688
      vertex 0 25.3479 44.45
    endloop
  endfacet
  facet normal -1 0 0
    outer loop
      vertex 0 21.5104 93.2516
      vertex 0 21.5558 93.8284
      vertex 0 21.5596 93.5379
    endloop
  endfacet
  facet normal -1 0 0
    outer loop
      vertex 0 21.5104 93.2516
      vertex 0 21.4992 94.1134
      vertex 0 21.5558 93.8284
    endloop
  endfacet
  facet normal -1 0 0
    outer loop
      vertex 0 21.5104 93.2516
      vertex 0 21.3915 94.3832
      vertex 0 21.4992 94.1134
    endloop
  endfacet
  facet normal -1 0 0
    outer loop
      vertex 0 21.5104 93.2516
      vertex 0 21.2365 94.6289
      vertex 0 21.3915 94.3832
    endloop
  endfacet
  facet normal -1 0 0
    outer loop
      vertex 0 21.5104 93.2516
      vertex 0 21.0393 94.8422
      vertex 0 21.2365 94.6289
    endloop
  endfacet
  facet normal -1 0 0
    outer loop
      vertex 0 21.5104 93.2516
      vertex 0 20.8065 95.0161
      vertex 0 21.0393 94.8422
    endloop
  endfacet
  facet normal -1 0 0
    outer loop
      vertex 0 21.5104 93.2516
      vertex 0 20.5459 95.1445
      vertex 0 20.8065 95.0161
    endloop
  endfacet
  facet normal -1 0 0
    outer loop
      vertex 0 21.5104 93.2516
      vertex 0 20.2663 95.2234
      vertex 0 20.5459 95.1445
    endloop
  endfacet
  facet normal -1 0 0
    outer loop
      vertex 0 21.5104 93.2516
      vertex 0 19.977 95.25
      vertex 0 20.2663 95.2234
    endloop
  endfacet
  facet normal -1 0 0
    outer loop
      vertex 0 1.11049 95.25
      vertex 0 21.5104 93.2516
      vertex 0 15.3501 70.2609
    endloop
  endfacet
  facet normal -1 0 0
    outer loop
      vertex 0 -0.148148 94.1494
      vertex 0 15.3501 70.2609
      vertex 0 15.3307 70.1801
    endloop
  endfacet
  facet normal -1 0 0
    outer loop
      vertex 0 -0.148148 94.1494
      vertex 0 15.3307 70.1801
      vertex 0 15.3155 70.0983
    endloop
  endfacet
  facet normal -1 -0 0
    outer loop
      vertex 0 15.3047 69.6841
      vertex 0 -7.3025 41.0028
      vertex 0 15.2982 69.7669
    endloop
  endfacet
  facet normal -1 -0 0
    outer loop
      vertex 0 15.2982 69.7669
      vertex 0 -7.3025 41.0028
      vertex 0 15.296 69.85
    endloop
  endfacet
  facet normal -1 0 -0
    outer loop
      vertex 0 -0.148148 94.1494
      vertex 0 15.296 69.85
      vertex 0 -7.3025 41.0028
    endloop
  endfacet
  facet normal -1 0 0
    outer loop
      vertex 0 15.296 69.85
      vertex 0 -0.148148 94.1494
      vertex 0 15.2982 69.9331
    endloop
  endfacet
  facet normal -1 0 0
    outer loop
      vertex 0 15.2982 69.9331
      vertex 0 -0.148148 94.1494
      vertex 0 15.3047 70.0159
    endloop
  endfacet
  facet normal -1 0 0
    outer loop
      vertex 0 15.3047 70.0159
      vertex 0 -0.148148 94.1494
      vertex 0 15.3155 70.0983
    endloop
  endfacet
  facet normal -1 0 0
    outer loop
      vertex 0 15.3501 70.2609
      vertex 0 -0.148148 94.1494
      vertex 0 1.11049 95.25
    endloop
  endfacet
  facet normal -1 0 0
    outer loop
      vertex 0 21.5104 93.2516
      vertex 0 1.11049 95.25
      vertex 0 19.977 95.25
    endloop
  endfacet
  facet normal -1 0 0
    outer loop
      vertex 0 1.11049 95.25
      vertex 0 -0.148148 94.1494
      vertex 0 0.928619 95.2369
    endloop
  endfacet
  facet normal -1 0 0
    outer loop
      vertex 0 0.928619 95.2369
      vertex 0 -0.148148 94.1494
      vertex 0 0.750488 95.1979
    endloop
  endfacet
  facet normal -1 0 0
    outer loop
      vertex 0 0.750488 95.1979
      vertex 0 -0.148148 94.1494
      vertex 0 0.579803 95.1338
    endloop
  endfacet
  facet normal -1 0 0
    outer loop
      vertex 0 0.420029 95.0459
      vertex 0 -0.148148 94.1494
      vertex 0 0.274506 94.9361
    endloop
  endfacet
  facet normal -1 0 0
    outer loop
      vertex 0 0.274506 94.9361
      vertex 0 -0.148148 94.1494
      vertex 0 0.14621 94.8065
    endloop
  endfacet
  facet normal -1 -0 0
    outer loop
      vertex 0 22.0459 36.83
      vertex 0 0 20.574
      vertex 0 -7.3025 41.0028
    endloop
  endfacet
  facet normal -1 0 0
    outer loop
      vertex 0 0.14621 94.8065
      vertex 0 -0.148148 94.1494
      vertex 0 0.037796 94.6599
    endloop
  endfacet
  facet normal -1 0 0
    outer loop
      vertex 0 0.037796 94.6599
      vertex 0 -0.148148 94.1494
      vertex 0 -0.0484924 94.4993
    endloop
  endfacet
  facet normal -1 0 0
    outer loop
      vertex 0 -0.0484924 94.4993
      vertex 0 -0.148148 94.1494
      vertex 0 -0.110916 94.3279
    endloop
  endfacet
  facet normal -1 0 0
    outer loop
      vertex 0 -7.3025 19.05
      vertex 0 0 20.574
      vertex 0 -1.52399 19.05
    endloop
  endfacet
  facet normal 0 0 0
    outer loop
      vertex 0 -7.3025 19.05
      vertex 0 -1.52399 19.05
      vertex 0 -7.30249 19.05
    endloop
  endfacet
  facet normal -1 -0 0
    outer loop
      vertex 0 0 20.574
      vertex 0 -7.3025 19.05
      vertex 0 -7.3025 41.0028
    endloop
  endfacet
  facet normal -1 0 0
    outer loop
      vertex 0 0.579803 95.1338
      vertex 0 -0.148148 94.1494
      vertex 0 0.420029 95.0459
    endloop
  endfacet
  facet normal -1 0 0
    outer loop
      vertex 0 0 1.58749
      vertex 0 1.52399 19.05
      vertex 0 1.58749 0
    endloop
  endfacet
  facet normal -1 0 0
    outer loop
      vertex 0 1.52399 19.05
      vertex 0 0 1.58749
      vertex 0 0 17.526
    endloop
  endfacet
  facet normal 1 0 0
    outer loop
      vertex 114.3 -7.3025 41.0028
      vertex 114.3 22.0459 43.688
      vertex 114.3 21.8487 45.186
    endloop
  endfacet
  facet normal 1 0 0
    outer loop
      vertex 114.3 24.5859 43.688
      vertex 114.3 28.2689 43.688
      vertex 114.3 27.5069 44.45
    endloop
  endfacet
  facet normal 1 0 0
    outer loop
      vertex 114.3 28.685 36.913
      vertex 114.3 28.7134 36.83
      vertex 114.3 28.7134 36.9013
    endloop
  endfacet
  facet normal 1 0 0
    outer loop
      vertex 114.3 28.583 36.9755
      vertex 114.3 28.7134 36.83
      vertex 114.3 28.685 36.913
    endloop
  endfacet
  facet normal 1 0 0
    outer loop
      vertex 114.3 28.4921 37.0532
      vertex 114.3 28.7134 36.83
      vertex 114.3 28.583 36.9755
    endloop
  endfacet
  facet normal 1 0 0
    outer loop
      vertex 114.3 28.7134 36.83
      vertex 114.3 28.4921 37.0532
      vertex 114.3 24.5859 36.83
    endloop
  endfacet
  facet normal 1 0 0
    outer loop
      vertex 114.3 24.5859 36.83
      vertex 114.3 28.4921 37.0532
      vertex 114.3 28.4144 37.1441
    endloop
  endfacet
  facet normal 1 0 0
    outer loop
      vertex 114.3 24.5859 36.83
      vertex 114.3 28.4144 37.1441
      vertex 114.3 28.352 37.246
    endloop
  endfacet
  facet normal 1 0 0
    outer loop
      vertex 114.3 24.5859 36.83
      vertex 114.3 28.352 37.246
      vertex 114.3 28.3062 37.3565
    endloop
  endfacet
  facet normal 1 0 0
    outer loop
      vertex 114.3 24.5859 36.83
      vertex 114.3 28.3062 37.3565
      vertex 114.3 28.2783 37.4728
    endloop
  endfacet
  facet normal 1 0 0
    outer loop
      vertex 114.3 24.5859 36.83
      vertex 114.3 28.2783 37.4728
      vertex 114.3 28.2689 37.592
    endloop
  endfacet
  facet normal 1 0 0
    outer loop
      vertex 114.3 28.2689 43.688
      vertex 114.3 24.5859 43.688
      vertex 114.3 28.2689 37.592
    endloop
  endfacet
  facet normal 1 0 0
    outer loop
      vertex 114.3 24.5859 43.688
      vertex 114.3 27.5069 44.45
      vertex 114.3 25.3479 44.45
    endloop
  endfacet
  facet normal 1 0 0
    outer loop
      vertex 114.3 28.2689 37.592
      vertex 114.3 24.5859 43.688
      vertex 114.3 24.5859 36.83
    endloop
  endfacet
  facet normal 1 0 0
    outer loop
      vertex 114.3 28.7134 36.83
      vertex 114.3 24.5859 36.83
      vertex 114.3 28.7134 0
    endloop
  endfacet
  facet normal 1 -0 0
    outer loop
      vertex 114.3 22.0459 36.83
      vertex 114.3 28.7134 0
      vertex 114.3 24.5859 36.83
    endloop
  endfacet
  facet normal 1 0 0
    outer loop
      vertex 114.3 -7.3025 41.0028
      vertex 114.3 21.8487 45.186
      vertex 114.3 15.3501 69.4391
    endloop
  endfacet
  facet normal 1 0 0
    outer loop
      vertex 114.3 22.0459 43.688
      vertex 114.3 -7.3025 41.0028
      vertex 114.3 22.0459 36.83
    endloop
  endfacet
  facet normal 1 0 0
    outer loop
      vertex 114.3 -7.3025 41.0028
      vertex 114.3 15.3501 69.4391
      vertex 114.3 15.3307 69.5199
    endloop
  endfacet
  facet normal 1 0 0
    outer loop
      vertex 114.3 22.0459 36.83
      vertex 114.3 1.52399 19.05
      vertex 114.3 28.7134 0
    endloop
  endfacet
  facet normal 1 0 0
    outer loop
      vertex 114.3 -7.3025 41.0028
      vertex 114.3 15.3307 69.5199
      vertex 114.3 15.3155 69.6017
    endloop
  endfacet
  facet normal 1 0 0
    outer loop
      vertex 114.3 -7.3025 41.0028
      vertex 114.3 15.3155 69.6017
      vertex 114.3 15.3047 69.6841
    endloop
  endfacet
  facet normal 1 0 0
    outer loop
      vertex 114.3 -7.3025 41.0028
      vertex 114.3 15.3047 69.6841
      vertex 114.3 15.2982 69.7669
    endloop
  endfacet
  facet normal 1 0 0
    outer loop
      vertex 114.3 -7.3025 41.0028
      vertex 114.3 15.2982 69.7669
      vertex 114.3 15.296 69.85
    endloop
  endfacet
  facet normal 1 0 0
    outer loop
      vertex 114.3 21.5558 93.8284
      vertex 114.3 21.5104 93.2516
      vertex 114.3 21.5596 93.5379
    endloop
  endfacet
  facet normal 1 0 0
    outer loop
      vertex 114.3 21.4992 94.1134
      vertex 114.3 21.5104 93.2516
      vertex 114.3 21.5558 93.8284
    endloop
  endfacet
  facet normal 1 0 0
    outer loop
      vertex 114.3 21.3915 94.3832
      vertex 114.3 21.5104 93.2516
      vertex 114.3 21.4992 94.1134
    endloop
  endfacet
  facet normal 1 0 0
    outer loop
      vertex 114.3 21.2365 94.6289
      vertex 114.3 21.5104 93.2516
      vertex 114.3 21.3915 94.3832
    endloop
  endfacet
  facet normal 1 0 0
    outer loop
      vertex 114.3 21.0393 94.8422
      vertex 114.3 21.5104 93.2516
      vertex 114.3 21.2365 94.6289
    endloop
  endfacet
  facet normal 1 0 0
    outer loop
      vertex 114.3 20.8065 95.0161
      vertex 114.3 21.5104 93.2516
      vertex 114.3 21.0393 94.8422
    endloop
  endfacet
  facet normal 1 0 0
    outer loop
      vertex 114.3 20.5459 95.1445
      vertex 114.3 21.5104 93.2516
      vertex 114.3 20.8065 95.0161
    endloop
  endfacet
  facet normal 1 0 0
    outer loop
      vertex 114.3 20.2663 95.2234
      vertex 114.3 21.5104 93.2516
      vertex 114.3 20.5459 95.1445
    endloop
  endfacet
  facet normal 1 0 0
    outer loop
      vertex 114.3 19.977 95.25
      vertex 114.3 21.5104 93.2516
      vertex 114.3 20.2663 95.2234
    endloop
  endfacet
  facet normal 1 -0 0
    outer loop
      vertex 114.3 1.11049 95.25
      vertex 114.3 21.5104 93.2516
      vertex 114.3 19.977 95.25
    endloop
  endfacet
  facet normal 1 0 0
    outer loop
      vertex 114.3 21.5104 93.2516
      vertex 114.3 1.11049 95.25
      vertex 114.3 15.3501 70.2609
    endloop
  endfacet
  facet normal 1 -0 0
    outer loop
      vertex 114.3 -0.148148 94.1494
      vertex 114.3 15.3501 70.2609
      vertex 114.3 1.11049 95.25
    endloop
  endfacet
  facet normal 1 0 0
    outer loop
      vertex 114.3 -0.148148 94.1494
      vertex 114.3 15.296 69.85
      vertex 114.3 15.2982 69.9331
    endloop
  endfacet
  facet normal 1 0 0
    outer loop
      vertex 114.3 -0.148148 94.1494
      vertex 114.3 15.2982 69.9331
      vertex 114.3 15.3047 70.0159
    endloop
  endfacet
  facet normal 1 0 0
    outer loop
      vertex 114.3 -0.148148 94.1494
      vertex 114.3 15.3047 70.0159
      vertex 114.3 15.3155 70.0983
    endloop
  endfacet
  facet normal 1 0 0
    outer loop
      vertex 114.3 15.3501 70.2609
      vertex 114.3 -0.148148 94.1494
      vertex 114.3 15.3307 70.1801
    endloop
  endfacet
  facet normal 1 0 0
    outer loop
      vertex 114.3 28.7134 0
      vertex 114.3 1.52399 19.05
      vertex 114.3 1.58749 0
    endloop
  endfacet
  facet normal 1 0 0
    outer loop
      vertex 114.3 15.3307 70.1801
      vertex 114.3 -0.148148 94.1494
      vertex 114.3 15.3155 70.0983
    endloop
  endfacet
  facet normal 1 0 0
    outer loop
      vertex 114.3 -0.148148 94.1494
      vertex 114.3 1.11049 95.25
      vertex 114.3 0.928619 95.2369
    endloop
  endfacet
  facet normal 1 0 0
    outer loop
      vertex 114.3 -0.148148 94.1494
      vertex 114.3 0.928619 95.2369
      vertex 114.3 0.750488 95.1979
    endloop
  endfacet
  facet normal 1 0 0
    outer loop
      vertex 114.3 -0.148148 94.1494
      vertex 114.3 0.750488 95.1979
      vertex 114.3 0.579803 95.1338
    endloop
  endfacet
  facet normal 1 0 0
    outer loop
      vertex 114.3 -0.148148 94.1494
      vertex 114.3 0.579803 95.1338
      vertex 114.3 0.420029 95.0459
    endloop
  endfacet
  facet normal 1 0 0
    outer loop
      vertex 114.3 -0.148148 94.1494
      vertex 114.3 0.420029 95.0459
      vertex 114.3 0.274506 94.9361
    endloop
  endfacet
  facet normal 1 0 0
    outer loop
      vertex 114.3 -0.148148 94.1494
      vertex 114.3 0.274506 94.9361
      vertex 114.3 0.14621 94.8065
    endloop
  endfacet
  facet normal 1 0 0
    outer loop
      vertex 114.3 -0.148148 94.1494
      vertex 114.3 0.14621 94.8065
      vertex 114.3 0.037796 94.6599
    endloop
  endfacet
  facet normal 1 0 0
    outer loop
      vertex 114.3 15.296 69.85
      vertex 114.3 -0.148148 94.1494
      vertex 114.3 -7.3025 41.0028
    endloop
  endfacet
  facet normal 1 0 0
    outer loop
      vertex 114.3 -0.148148 94.1494
      vertex 114.3 0.037796 94.6599
      vertex 114.3 -0.0484924 94.4993
    endloop
  endfacet
  facet normal 1 0 0
    outer loop
      vertex 114.3 -0.148148 94.1494
      vertex 114.3 -0.0484924 94.4993
      vertex 114.3 -0.110916 94.3279
    endloop
  endfacet
  facet normal 1 0 -0
    outer loop
      vertex 114.3 0 20.574
      vertex 114.3 22.0459 36.83
      vertex 114.3 -7.3025 41.0028
    endloop
  endfacet
  facet normal 1 0 0
    outer loop
      vertex 114.3 22.0459 36.83
      vertex 114.3 0 20.574
      vertex 114.3 1.52399 19.05
    endloop
  endfacet
  facet normal 1 0 0
    outer loop
      vertex 114.3 -7.3025 19.05
      vertex 114.3 0 20.574
      vertex 114.3 -7.3025 41.0028
    endloop
  endfacet
  facet normal 1 0 0
    outer loop
      vertex 114.3 0 20.574
      vertex 114.3 -7.3025 19.05
      vertex 114.3 -1.52399 19.05
    endloop
  endfacet
  facet normal 0 0 0
    outer loop
      vertex 114.3 -1.52399 19.05
      vertex 114.3 -7.3025 19.05
      vertex 114.3 -7.30249 19.05
    endloop
  endfacet
  facet normal 1 -0 0
    outer loop
      vertex 114.3 0 17.526
      vertex 114.3 1.58749 0
      vertex 114.3 1.52399 19.05
    endloop
  endfacet
  facet normal 1 0 0
    outer loop
      vertex 114.3 1.58749 0
      vertex 114.3 0 17.526
      vertex 114.3 0 1.58749
    endloop
  endfacet
  facet normal 0 1 0
    outer loop
      vertex 81.432 30.3009 19.8716
      vertex 112.713 30.3009 35.2425
      vertex 82.4233 30.3009 20.1199
    endloop
  endfacet
  facet normal 0 1 0
    outer loop
      vertex 1.58747 30.3009 35.2425
      vertex 30.8657 30.3009 20.2699
      vertex 29.845 30.3009 20.32
    endloop
  endfacet
  facet normal 0 1 0
    outer loop
      vertex 112.713 30.3009 35.2425
      vertex 81.432 30.3009 19.8716
      vertex 1.58747 30.3009 35.2425
    endloop
  endfacet
  facet normal 0 1 0
    outer loop
      vertex 1.58747 30.3009 35.2425
      vertex 31.8767 30.3009 20.1199
      vertex 30.8657 30.3009 20.2699
    endloop
  endfacet
  facet normal 0 1 -0
    outer loop
      vertex 32.868 30.3009 19.8716
      vertex 1.58747 30.3009 35.2425
      vertex 81.432 30.3009 19.8716
    endloop
  endfacet
  facet normal 0 1 0
    outer loop
      vertex 1.58747 30.3009 35.2425
      vertex 32.868 30.3009 19.8716
      vertex 31.8767 30.3009 20.1199
    endloop
  endfacet
  facet normal 0 1 -0
    outer loop
      vertex 80.4697 30.3009 19.5273
      vertex 32.868 30.3009 19.8716
      vertex 81.432 30.3009 19.8716
    endloop
  endfacet
  facet normal 0 1 0
    outer loop
      vertex 80.4697 30.3009 19.5273
      vertex 33.8303 30.3009 19.5273
      vertex 32.868 30.3009 19.8716
    endloop
  endfacet
  facet normal 0 1 -0
    outer loop
      vertex 79.5459 30.3009 19.0903
      vertex 33.8303 30.3009 19.5273
      vertex 80.4697 30.3009 19.5273
    endloop
  endfacet
  facet normal 0 1 0
    outer loop
      vertex 79.5459 30.3009 19.0903
      vertex 34.7541 30.3009 19.0903
      vertex 33.8303 30.3009 19.5273
    endloop
  endfacet
  facet normal 0 1 -0
    outer loop
      vertex 78.6693 30.3009 18.5649
      vertex 34.7541 30.3009 19.0903
      vertex 79.5459 30.3009 19.0903
    endloop
  endfacet
  facet normal 0 1 0
    outer loop
      vertex 78.6693 30.3009 18.5649
      vertex 35.6307 30.3009 18.5649
      vertex 34.7541 30.3009 19.0903
    endloop
  endfacet
  facet normal 0 1 -0
    outer loop
      vertex 77.8484 30.3009 17.9561
      vertex 35.6307 30.3009 18.5649
      vertex 78.6693 30.3009 18.5649
    endloop
  endfacet
  facet normal 0 1 0
    outer loop
      vertex 77.8484 30.3009 17.9561
      vertex 36.4516 30.3009 17.9561
      vertex 35.6307 30.3009 18.5649
    endloop
  endfacet
  facet normal 0 1 -0
    outer loop
      vertex 77.0912 30.3009 17.2698
      vertex 36.4516 30.3009 17.9561
      vertex 77.8484 30.3009 17.9561
    endloop
  endfacet
  facet normal 0 1 0
    outer loop
      vertex 77.0912 30.3009 17.2698
      vertex 37.2088 30.3009 17.2698
      vertex 36.4516 30.3009 17.9561
    endloop
  endfacet
  facet normal 0 1 -0
    outer loop
      vertex 76.4049 30.3009 16.5126
      vertex 37.2088 30.3009 17.2698
      vertex 77.0912 30.3009 17.2698
    endloop
  endfacet
  facet normal 0 1 0
    outer loop
      vertex 76.4049 30.3009 16.5126
      vertex 37.8951 30.3009 16.5126
      vertex 37.2088 30.3009 17.2698
    endloop
  endfacet
  facet normal 0 1 -0
    outer loop
      vertex 75.7961 30.3009 15.6917
      vertex 37.8951 30.3009 16.5126
      vertex 76.4049 30.3009 16.5126
    endloop
  endfacet
  facet normal 0 1 0
    outer loop
      vertex 75.7961 30.3009 15.6917
      vertex 38.5039 30.3009 15.6917
      vertex 37.8951 30.3009 16.5126
    endloop
  endfacet
  facet normal 0 1 -0
    outer loop
      vertex 75.2707 30.3009 14.8151
      vertex 38.5039 30.3009 15.6917
      vertex 75.7961 30.3009 15.6917
    endloop
  endfacet
  facet normal 0 1 0
    outer loop
      vertex 75.2707 30.3009 14.8151
      vertex 39.0293 30.3009 14.8151
      vertex 38.5039 30.3009 15.6917
    endloop
  endfacet
  facet normal 0 1 -0
    outer loop
      vertex 74.8337 30.3009 13.8913
      vertex 39.0293 30.3009 14.8151
      vertex 75.2707 30.3009 14.8151
    endloop
  endfacet
  facet normal 0 1 0
    outer loop
      vertex 74.8337 30.3009 13.8913
      vertex 39.4663 30.3009 13.8913
      vertex 39.0293 30.3009 14.8151
    endloop
  endfacet
  facet normal 0 1 -0
    outer loop
      vertex 74.4894 30.3009 12.929
      vertex 39.4663 30.3009 13.8913
      vertex 74.8337 30.3009 13.8913
    endloop
  endfacet
  facet normal 0 1 0
    outer loop
      vertex 74.4894 30.3009 12.929
      vertex 39.8106 30.3009 12.929
      vertex 39.4663 30.3009 13.8913
    endloop
  endfacet
  facet normal 0 1 -0
    outer loop
      vertex 74.2411 30.3009 11.9377
      vertex 39.8106 30.3009 12.929
      vertex 74.4894 30.3009 12.929
    endloop
  endfacet
  facet normal 0 1 0
    outer loop
      vertex 74.2411 30.3009 11.9377
      vertex 40.0589 30.3009 11.9377
      vertex 39.8106 30.3009 12.929
    endloop
  endfacet
  facet normal 0 1 -0
    outer loop
      vertex 74.0911 30.3009 10.9267
      vertex 40.0589 30.3009 11.9377
      vertex 74.2411 30.3009 11.9377
    endloop
  endfacet
  facet normal 0 1 0
    outer loop
      vertex 74.0911 30.3009 10.9267
      vertex 40.2089 30.3009 10.9267
      vertex 40.0589 30.3009 11.9377
    endloop
  endfacet
  facet normal 0 1 -0
    outer loop
      vertex 74.041 30.3009 9.906
      vertex 40.2089 30.3009 10.9267
      vertex 74.0911 30.3009 10.9267
    endloop
  endfacet
  facet normal 0 1 0
    outer loop
      vertex 74.041 30.3009 9.906
      vertex 40.259 30.3009 9.906
      vertex 40.2089 30.3009 10.9267
    endloop
  endfacet
  facet normal 0 1 0
    outer loop
      vertex 74.041 30.3009 9.906
      vertex 40.259 30.3009 8.89
      vertex 40.259 30.3009 9.906
    endloop
  endfacet
  facet normal 0 1 -0
    outer loop
      vertex 74.041 30.3009 1.58749
      vertex 40.259 30.3009 8.89
      vertex 74.041 30.3009 9.906
    endloop
  endfacet
  facet normal 0 1 0
    outer loop
      vertex 40.259 30.3009 8.89
      vertex 74.041 30.3009 1.58749
      vertex 40.259 30.3009 1.58749
    endloop
  endfacet
  facet normal 0 1 0
    outer loop
      vertex 84.455 30.3009 20.32
      vertex 112.713 30.3009 35.2425
      vertex 90.805 30.3009 20.32
    endloop
  endfacet
  facet normal 0 1 0
    outer loop
      vertex 112.713 30.3009 35.2425
      vertex 91.8258 30.3009 20.2699
      vertex 90.805 30.3009 20.32
    endloop
  endfacet
  facet normal 0 1 0
    outer loop
      vertex 112.713 30.3009 35.2425
      vertex 92.8367 30.3009 20.1199
      vertex 91.8258 30.3009 20.2699
    endloop
  endfacet
  facet normal 0 1 0
    outer loop
      vertex 112.713 30.3009 35.2425
      vertex 93.828 30.3009 19.8716
      vertex 92.8367 30.3009 20.1199
    endloop
  endfacet
  facet normal 0 1 0
    outer loop
      vertex 112.713 30.3009 35.2425
      vertex 94.7903 30.3009 19.5273
      vertex 93.828 30.3009 19.8716
    endloop
  endfacet
  facet normal 0 1 0
    outer loop
      vertex 112.713 30.3009 35.2425
      vertex 95.7141 30.3009 19.0903
      vertex 94.7903 30.3009 19.5273
    endloop
  endfacet
  facet normal 0 1 0
    outer loop
      vertex 112.713 30.3009 35.2425
      vertex 96.5907 30.3009 18.5649
      vertex 95.7141 30.3009 19.0903
    endloop
  endfacet
  facet normal 0 1 0
    outer loop
      vertex 112.713 30.3009 35.2425
      vertex 97.4116 30.3009 17.9561
      vertex 96.5907 30.3009 18.5649
    endloop
  endfacet
  facet normal 0 1 0
    outer loop
      vertex 112.713 30.3009 35.2425
      vertex 98.1688 30.3009 17.2698
      vertex 97.4116 30.3009 17.9561
    endloop
  endfacet
  facet normal 0 1 0
    outer loop
      vertex 112.713 30.3009 35.2425
      vertex 98.8551 30.3009 16.5126
      vertex 98.1688 30.3009 17.2698
    endloop
  endfacet
  facet normal 0 1 0
    outer loop
      vertex 112.713 30.3009 35.2425
      vertex 99.4639 30.3009 15.6917
      vertex 98.8551 30.3009 16.5126
    endloop
  endfacet
  facet normal 0 1 0
    outer loop
      vertex 112.713 30.3009 35.2425
      vertex 99.9893 30.3009 14.8151
      vertex 99.4639 30.3009 15.6917
    endloop
  endfacet
  facet normal 0 1 0
    outer loop
      vertex 112.713 30.3009 35.2425
      vertex 100.426 30.3009 13.8913
      vertex 99.9893 30.3009 14.8151
    endloop
  endfacet
  facet normal 0 1 0
    outer loop
      vertex 112.713 30.3009 35.2425
      vertex 100.771 30.3009 12.929
      vertex 100.426 30.3009 13.8913
    endloop
  endfacet
  facet normal 0 1 -0
    outer loop
      vertex 112.713 30.3009 1.58749
      vertex 100.771 30.3009 12.929
      vertex 112.713 30.3009 35.2425
    endloop
  endfacet
  facet normal 0 1 0
    outer loop
      vertex 100.771 30.3009 12.929
      vertex 112.713 30.3009 1.58749
      vertex 101.019 30.3009 11.9377
    endloop
  endfacet
  facet normal 0 1 0
    outer loop
      vertex 101.019 30.3009 11.9377
      vertex 112.713 30.3009 1.58749
      vertex 101.169 30.3009 10.9267
    endloop
  endfacet
  facet normal 0 1 0
    outer loop
      vertex 101.169 30.3009 10.9267
      vertex 112.713 30.3009 1.58749
      vertex 101.219 30.3009 9.906
    endloop
  endfacet
  facet normal 0 1 0
    outer loop
      vertex 101.219 30.3009 9.906
      vertex 112.713 30.3009 1.58749
      vertex 101.219 30.3009 8.89
    endloop
  endfacet
  facet normal 0 1 0
    outer loop
      vertex 101.219 30.3009 8.89
      vertex 112.713 30.3009 1.58749
      vertex 101.219 30.3009 1.58749
    endloop
  endfacet
  facet normal 0 1 0
    outer loop
      vertex 83.4342 30.3009 20.2699
      vertex 112.713 30.3009 35.2425
      vertex 84.455 30.3009 20.32
    endloop
  endfacet
  facet normal 0 1 0
    outer loop
      vertex 82.4233 30.3009 20.1199
      vertex 112.713 30.3009 35.2425
      vertex 83.4342 30.3009 20.2699
    endloop
  endfacet
  facet normal 0 1 -0
    outer loop
      vertex 23.495 30.3009 20.32
      vertex 1.58747 30.3009 35.2425
      vertex 29.845 30.3009 20.32
    endloop
  endfacet
  facet normal 0 1 -0
    outer loop
      vertex 22.4742 30.3009 20.2699
      vertex 1.58747 30.3009 35.2425
      vertex 23.495 30.3009 20.32
    endloop
  endfacet
  facet normal 0 1 -0
    outer loop
      vertex 21.4633 30.3009 20.1199
      vertex 1.58747 30.3009 35.2425
      vertex 22.4742 30.3009 20.2699
    endloop
  endfacet
  facet normal 0 1 -0
    outer loop
      vertex 20.472 30.3009 19.8716
      vertex 1.58747 30.3009 35.2425
      vertex 21.4633 30.3009 20.1199
    endloop
  endfacet
  facet normal 0 1 -0
    outer loop
      vertex 19.5097 30.3009 19.5273
      vertex 1.58747 30.3009 35.2425
      vertex 20.472 30.3009 19.8716
    endloop
  endfacet
  facet normal 0 1 -0
    outer loop
      vertex 18.5859 30.3009 19.0903
      vertex 1.58747 30.3009 35.2425
      vertex 19.5097 30.3009 19.5273
    endloop
  endfacet
  facet normal 0 1 -0
    outer loop
      vertex 17.7093 30.3009 18.5649
      vertex 1.58747 30.3009 35.2425
      vertex 18.5859 30.3009 19.0903
    endloop
  endfacet
  facet normal 0 1 -0
    outer loop
      vertex 16.8884 30.3009 17.9561
      vertex 1.58747 30.3009 35.2425
      vertex 17.7093 30.3009 18.5649
    endloop
  endfacet
  facet normal 0 1 -0
    outer loop
      vertex 16.1312 30.3009 17.2698
      vertex 1.58747 30.3009 35.2425
      vertex 16.8884 30.3009 17.9561
    endloop
  endfacet
  facet normal 0 1 -0
    outer loop
      vertex 15.4449 30.3009 16.5126
      vertex 1.58747 30.3009 35.2425
      vertex 16.1312 30.3009 17.2698
    endloop
  endfacet
  facet normal 0 1 -0
    outer loop
      vertex 14.8361 30.3009 15.6917
      vertex 1.58747 30.3009 35.2425
      vertex 15.4449 30.3009 16.5126
    endloop
  endfacet
  facet normal 0 1 -0
    outer loop
      vertex 14.3107 30.3009 14.8151
      vertex 1.58747 30.3009 35.2425
      vertex 14.8361 30.3009 15.6917
    endloop
  endfacet
  facet normal 0 1 -0
    outer loop
      vertex 13.8737 30.3009 13.8913
      vertex 1.58747 30.3009 35.2425
      vertex 14.3107 30.3009 14.8151
    endloop
  endfacet
  facet normal 0 1 -0
    outer loop
      vertex 13.5294 30.3009 12.929
      vertex 1.58747 30.3009 35.2425
      vertex 13.8737 30.3009 13.8913
    endloop
  endfacet
  facet normal 0 1 0
    outer loop
      vertex 1.58747 30.3009 1.58749
      vertex 13.5294 30.3009 12.929
      vertex 13.2811 30.3009 11.9377
    endloop
  endfacet
  facet normal 0 1 0
    outer loop
      vertex 1.58747 30.3009 1.58749
      vertex 13.2811 30.3009 11.9377
      vertex 13.1311 30.3009 10.9267
    endloop
  endfacet
  facet normal 0 1 0
    outer loop
      vertex 1.58747 30.3009 1.58749
      vertex 13.1311 30.3009 10.9267
      vertex 13.081 30.3009 9.906
    endloop
  endfacet
  facet normal 0 1 0
    outer loop
      vertex 1.58747 30.3009 1.58749
      vertex 13.081 30.3009 9.906
      vertex 13.081 30.3009 1.58749
    endloop
  endfacet
  facet normal 0 1 0
    outer loop
      vertex 13.5294 30.3009 12.929
      vertex 1.58747 30.3009 1.58749
      vertex 1.58747 30.3009 35.2425
    endloop
  endfacet
  facet normal 0 0.99693 0.078293
    outer loop
      vertex 112.713 30.3009 35.2425
      vertex 1.4892 30.2814 35.4908
      vertex 112.811 30.2814 35.4908
    endloop
  endfacet
  facet normal 0 0.99693 0.078293
    outer loop
      vertex 1.4892 30.2814 35.4908
      vertex 112.713 30.3009 35.2425
      vertex 1.58747 30.3009 35.2425
    endloop
  endfacet
  facet normal 0 0.972344 0.233555
    outer loop
      vertex 112.811 30.2814 35.4908
      vertex 1.19686 30.2232 35.7331
      vertex 113.103 30.2232 35.7331
    endloop
  endfacet
  facet normal 0 0.972344 0.233555
    outer loop
      vertex 1.19686 30.2232 35.7331
      vertex 112.811 30.2814 35.4908
      vertex 1.4892 30.2814 35.4908
    endloop
  endfacet
  facet normal -0.000164365 0.92382 0.382827
    outer loop
      vertex 113.103 30.2232 35.7331
      vertex 113.398 30.1279 35.9632
      vertex 113.32 30.1801 35.8372
    endloop
  endfacet
  facet normal 0 0.923894 0.382647
    outer loop
      vertex 113.398 30.1279 35.9632
      vertex 113.103 30.2232 35.7331
      vertex 0.901868 30.1279 35.9632
    endloop
  endfacet
  facet normal -0 0.923894 0.382647
    outer loop
      vertex 1.19686 30.2232 35.7331
      vertex 0.901868 30.1279 35.9632
      vertex 113.103 30.2232 35.7331
    endloop
  endfacet
  facet normal 0.000164614 0.92382 0.382827
    outer loop
      vertex 0.901868 30.1279 35.9632
      vertex 1.19686 30.2232 35.7331
      vertex 0.97999 30.1801 35.8372
    endloop
  endfacet
  facet normal 0 0.852567 0.522619
    outer loop
      vertex 113.398 30.1279 35.9632
      vertex 0.707074 29.9977 36.1756
      vertex 113.593 29.9977 36.1756
    endloop
  endfacet
  facet normal 0 0.852567 0.522619
    outer loop
      vertex 0.707074 29.9977 36.1756
      vertex 113.398 30.1279 35.9632
      vertex 0.901868 30.1279 35.9632
    endloop
  endfacet
  facet normal 0 0.760332 0.649534
    outer loop
      vertex 113.593 29.9977 36.1756
      vertex 0.464965 29.8359 36.365
      vertex 113.835 29.8359 36.365
    endloop
  endfacet
  facet normal -0 0.760332 0.649534
    outer loop
      vertex 0.707074 29.9977 36.1756
      vertex 0.464965 29.8359 36.365
      vertex 113.593 29.9977 36.1756
    endloop
  endfacet
  facet normal 0 -0.760332 -0.649534
    outer loop
      vertex 0.464965 29.8359 36.365
      vertex 0.707074 29.9977 36.1756
      vertex 0.464968 29.8359 36.365
    endloop
  endfacet
  facet normal -0 0.649534 0.760332
    outer loop
      vertex 0.464965 29.8359 36.365
      vertex 113.962 29.6465 36.5268
      vertex 113.835 29.8359 36.365
    endloop
  endfacet
  facet normal 0 0.649534 0.760332
    outer loop
      vertex 113.962 29.6465 36.5268
      vertex 0.464965 29.8359 36.365
      vertex 0.338397 29.6465 36.5268
    endloop
  endfacet
  facet normal -0 0.522619 0.852567
    outer loop
      vertex 0.338397 29.6465 36.5268
      vertex 114.104 29.4341 36.657
      vertex 113.962 29.6465 36.5268
    endloop
  endfacet
  facet normal 0 0.522619 0.852567
    outer loop
      vertex 114.104 29.4341 36.657
      vertex 0.338397 29.6465 36.5268
      vertex 0.196474 29.4341 36.657
    endloop
  endfacet
  facet normal 0.00288847 0.383696 0.923455
    outer loop
      vertex 114.104 29.4341 36.657
      vertex 114.202 29.204 36.7523
      vertex 114.179 29.3209 36.7038
    endloop
  endfacet
  facet normal -0 0.382647 0.923894
    outer loop
      vertex 0.196474 29.4341 36.657
      vertex 114.202 29.204 36.7523
      vertex 114.104 29.4341 36.657
    endloop
  endfacet
  facet normal -0.00286792 0.383698 0.923454
    outer loop
      vertex 0.0975773 29.204 36.7523
      vertex 0.196474 29.4341 36.657
      vertex 0.120841 29.3209 36.7038
    endloop
  endfacet
  facet normal 0 0.382647 0.923894
    outer loop
      vertex 0.196474 29.4341 36.657
      vertex 0.0975773 29.204 36.7523
      vertex 114.202 29.204 36.7523
    endloop
  endfacet
  facet normal -0 0.233176 0.972435
    outer loop
      vertex 0.0975773 29.204 36.7523
      vertex 114.251 28.9617 36.8104
      vertex 114.202 29.204 36.7523
    endloop
  endfacet
  facet normal 0 0.233176 0.972435
    outer loop
      vertex 114.251 28.9617 36.8104
      vertex 0.0975773 29.204 36.7523
      vertex 0.0493972 28.9617 36.8104
    endloop
  endfacet
  facet normal -0 0.078692 0.996899
    outer loop
      vertex 0.0493972 28.9617 36.8104
      vertex 114.3 28.7134 36.83
      vertex 114.251 28.9617 36.8104
    endloop
  endfacet
  facet normal 0 0.078692 0.996899
    outer loop
      vertex 114.3 28.7134 36.83
      vertex 0.0493972 28.9617 36.8104
      vertex 0 28.7134 36.83
    endloop
  endfacet
  facet normal 0 0 -1
    outer loop
      vertex 114.3 28.7134 36.83
      vertex 0.0631525 29.0309 36.83
      vertex 114.237 29.0309 36.83
    endloop
  endfacet
  facet normal 0 -0 -1
    outer loop
      vertex 0.0631525 29.0309 36.83
      vertex 114.3 28.7134 36.83
      vertex 0 28.7134 36.83
    endloop
  endfacet
  facet normal -0 0.078615 0.996905
    outer loop
      vertex 0.0631525 29.0309 36.83
      vertex 114.261 28.9117 36.8394
      vertex 114.237 29.0309 36.83
    endloop
  endfacet
  facet normal 0 0.078615 0.996905
    outer loop
      vertex 114.261 28.9117 36.8394
      vertex 0.0631525 29.0309 36.83
      vertex 0.0394419 28.9117 36.8394
    endloop
  endfacet
  facet normal -0 0.233278 0.97241
    outer loop
      vertex 0.0394419 28.9117 36.8394
      vertex 114.284 28.7954 36.8673
      vertex 114.261 28.9117 36.8394
    endloop
  endfacet
  facet normal 0 0.233278 0.97241
    outer loop
      vertex 114.284 28.7954 36.8673
      vertex 0.0394419 28.9117 36.8394
      vertex 0.016314 28.7954 36.8673
    endloop
  endfacet
  facet normal -0.0126147 0.380883 0.924537
    outer loop
      vertex 114.284 28.7954 36.8673
      vertex 114.3 28.685 36.913
      vertex 114.3 28.7134 36.9013
    endloop
  endfacet
  facet normal -0 0.382475 0.923966
    outer loop
      vertex 0.016314 28.7954 36.8673
      vertex 114.3 28.685 36.913
      vertex 114.284 28.7954 36.8673
    endloop
  endfacet
  facet normal 0.012372 0.380884 0.92454
    outer loop
      vertex 0 28.685 36.913
      vertex 0.016314 28.7954 36.8673
      vertex 0 28.7134 36.9013
    endloop
  endfacet
  facet normal 0 0.382475 0.923966
    outer loop
      vertex 0.016314 28.7954 36.8673
      vertex 0 28.685 36.913
      vertex 114.3 28.685 36.913
    endloop
  endfacet
  facet normal -0 0.522464 0.852661
    outer loop
      vertex 0 28.685 36.913
      vertex 114.3 28.583 36.9755
      vertex 114.3 28.685 36.913
    endloop
  endfacet
  facet normal 0 0.522464 0.852661
    outer loop
      vertex 114.3 28.583 36.9755
      vertex 0 28.685 36.913
      vertex 0 28.583 36.9755
    endloop
  endfacet
  facet normal -0 0.649758 0.760141
    outer loop
      vertex 0 28.583 36.9755
      vertex 114.3 28.4921 37.0532
      vertex 114.3 28.583 36.9755
    endloop
  endfacet
  facet normal 0 0.649758 0.760141
    outer loop
      vertex 114.3 28.4921 37.0532
      vertex 0 28.583 36.9755
      vertex 0 28.4921 37.0532
    endloop
  endfacet
  facet normal 0 0.760141 0.649758
    outer loop
      vertex 114.3 28.4921 37.0532
      vertex 0 28.4144 37.1441
      vertex 114.3 28.4144 37.1441
    endloop
  endfacet
  facet normal 0 0.760141 0.649758
    outer loop
      vertex 0 28.4144 37.1441
      vertex 114.3 28.4921 37.0532
      vertex 0 28.4921 37.0532
    endloop
  endfacet
  facet normal 0 0.852806 0.522228
    outer loop
      vertex 114.3 28.4144 37.1441
      vertex 0 28.352 37.246
      vertex 114.3 28.352 37.246
    endloop
  endfacet
  facet normal 0 0.852806 0.522228
    outer loop
      vertex 0 28.352 37.246
      vertex 114.3 28.4144 37.1441
      vertex 0 28.4144 37.1441
    endloop
  endfacet
  facet normal 0 0.923793 0.382893
    outer loop
      vertex 114.3 28.352 37.246
      vertex 0 28.3062 37.3565
      vertex 114.3 28.3062 37.3565
    endloop
  endfacet
  facet normal 0 0.923793 0.382893
    outer loop
      vertex 0 28.3062 37.3565
      vertex 114.3 28.352 37.246
      vertex 0 28.352 37.246
    endloop
  endfacet
  facet normal 0 0.97241 0.233278
    outer loop
      vertex 114.3 28.3062 37.3565
      vertex 0 28.2783 37.4728
      vertex 114.3 28.2783 37.4728
    endloop
  endfacet
  facet normal 0 0.97241 0.233278
    outer loop
      vertex 0 28.2783 37.4728
      vertex 114.3 28.3062 37.3565
      vertex 0 28.3062 37.3565
    endloop
  endfacet
  facet normal 0 0.996905 0.078615
    outer loop
      vertex 114.3 28.2783 37.4728
      vertex 0 28.2689 37.592
      vertex 114.3 28.2689 37.592
    endloop
  endfacet
  facet normal 0 0.996905 0.078615
    outer loop
      vertex 0 28.2689 37.592
      vertex 114.3 28.2783 37.4728
      vertex 0 28.2783 37.4728
    endloop
  endfacet
  facet normal 0 1 -0
    outer loop
      vertex 114.3 28.2689 37.592
      vertex 0 28.2689 43.688
      vertex 114.3 28.2689 43.688
    endloop
  endfacet
  facet normal 0 1 0
    outer loop
      vertex 0 28.2689 43.688
      vertex 114.3 28.2689 37.592
      vertex 0 28.2689 37.592
    endloop
  endfacet
  facet normal 0 0.707107 0.707107
    outer loop
      vertex 114.3 28.2689 43.688
      vertex 0 27.5069 44.45
      vertex 114.3 27.5069 44.45
    endloop
  endfacet
  facet normal 0 0.707107 0.707107
    outer loop
      vertex 0 27.5069 44.45
      vertex 114.3 28.2689 43.688
      vertex 0 28.2689 43.688
    endloop
  endfacet
  facet normal -0 0 1
    outer loop
      vertex 0 27.5069 44.45
      vertex 114.3 25.3479 44.45
      vertex 114.3 27.5069 44.45
    endloop
  endfacet
  facet normal 0 0 1
    outer loop
      vertex 114.3 25.3479 44.45
      vertex 0 27.5069 44.45
      vertex 0 25.3479 44.45
    endloop
  endfacet
  facet normal 0 -0.707107 0.707107
    outer loop
      vertex 0 24.5859 43.688
      vertex 114.3 25.3479 44.45
      vertex 0 25.3479 44.45
    endloop
  endfacet
  facet normal 0 -0.707107 0.707107
    outer loop
      vertex 114.3 25.3479 44.45
      vertex 0 24.5859 43.688
      vertex 114.3 24.5859 43.688
    endloop
  endfacet
  facet normal 0 -1 0
    outer loop
      vertex 0 24.5859 36.83
      vertex 114.3 24.5859 43.688
      vertex 0 24.5859 43.688
    endloop
  endfacet
  facet normal 0 -1 -0
    outer loop
      vertex 114.3 24.5859 43.688
      vertex 0 24.5859 36.83
      vertex 114.3 24.5859 36.83
    endloop
  endfacet
  facet normal -0 0 1
    outer loop
      vertex 0 24.5859 36.83
      vertex 114.3 22.0459 36.83
      vertex 114.3 24.5859 36.83
    endloop
  endfacet
  facet normal 0 0 1
    outer loop
      vertex 114.3 22.0459 36.83
      vertex 0 24.5859 36.83
      vertex 0 22.0459 36.83
    endloop
  endfacet
  facet normal 0 1 -0
    outer loop
      vertex 114.3 22.0459 36.83
      vertex 0 22.0459 43.688
      vertex 114.3 22.0459 43.688
    endloop
  endfacet
  facet normal 0 1 0
    outer loop
      vertex 0 22.0459 43.688
      vertex 114.3 22.0459 36.83
      vertex 0 22.0459 36.83
    endloop
  endfacet
  facet normal 0 0.991446 0.130516
    outer loop
      vertex 114.3 22.0459 43.688
      vertex 0 21.8487 45.186
      vertex 114.3 21.8487 45.186
    endloop
  endfacet
  facet normal 0 0.991446 0.130516
    outer loop
      vertex 0 21.8487 45.186
      vertex 114.3 22.0459 43.688
      vertex 0 22.0459 43.688
    endloop
  endfacet
  facet normal 0 0.965926 0.258819
    outer loop
      vertex 114.3 21.8487 45.186
      vertex 0 15.3501 69.4391
      vertex 114.3 15.3501 69.4391
    endloop
  endfacet
  facet normal 0 0.965926 0.258819
    outer loop
      vertex 0 15.3501 69.4391
      vertex 114.3 21.8487 45.186
      vertex 0 21.8487 45.186
    endloop
  endfacet
  facet normal 0 0.972365 0.233464
    outer loop
      vertex 114.3 15.3501 69.4391
      vertex 0 15.3307 69.5199
      vertex 114.3 15.3307 69.5199
    endloop
  endfacet
  facet normal 0 0.972365 0.233464
    outer loop
      vertex 0 15.3307 69.5199
      vertex 114.3 15.3501 69.4391
      vertex 0 15.3501 69.4391
    endloop
  endfacet
  facet normal 0 0.98317 0.182692
    outer loop
      vertex 114.3 15.3307 69.5199
      vertex 0 15.3155 69.6017
      vertex 114.3 15.3155 69.6017
    endloop
  endfacet
  facet normal 0 0.98317 0.182692
    outer loop
      vertex 0 15.3155 69.6017
      vertex 114.3 15.3307 69.5199
      vertex 0 15.3307 69.5199
    endloop
  endfacet
  facet normal 0 0.99152 0.129956
    outer loop
      vertex 114.3 15.3155 69.6017
      vertex 0 15.3047 69.6841
      vertex 114.3 15.3047 69.6841
    endloop
  endfacet
  facet normal 0 0.99152 0.129956
    outer loop
      vertex 0 15.3047 69.6841
      vertex 114.3 15.3155 69.6017
      vertex 0 15.3155 69.6017
    endloop
  endfacet
  facet normal 0 0.996933 0.0782616
    outer loop
      vertex 114.3 15.3047 69.6841
      vertex 0 15.2982 69.7669
      vertex 114.3 15.2982 69.7669
    endloop
  endfacet
  facet normal 0 0.996933 0.0782616
    outer loop
      vertex 0 15.2982 69.7669
      vertex 114.3 15.3047 69.6841
      vertex 0 15.3047 69.6841
    endloop
  endfacet
  facet normal 0 0.99965 0.0264649
    outer loop
      vertex 114.3 15.2982 69.7669
      vertex 0 15.296 69.85
      vertex 114.3 15.296 69.85
    endloop
  endfacet
  facet normal 0 0.99965 0.0264649
    outer loop
      vertex 0 15.296 69.85
      vertex 114.3 15.2982 69.7669
      vertex 0 15.2982 69.7669
    endloop
  endfacet
  facet normal 0 0.99965 -0.0264649
    outer loop
      vertex 114.3 15.296 69.85
      vertex 0 15.2982 69.9331
      vertex 114.3 15.2982 69.9331
    endloop
  endfacet
  facet normal 0 0.99965 -0.0264649
    outer loop
      vertex 0 15.2982 69.9331
      vertex 114.3 15.296 69.85
      vertex 0 15.296 69.85
    endloop
  endfacet
  facet normal 0 0.996933 -0.0782616
    outer loop
      vertex 114.3 15.2982 69.9331
      vertex 0 15.3047 70.0159
      vertex 114.3 15.3047 70.0159
    endloop
  endfacet
  facet normal 0 0.996933 -0.0782616
    outer loop
      vertex 0 15.3047 70.0159
      vertex 114.3 15.2982 69.9331
      vertex 0 15.2982 69.9331
    endloop
  endfacet
  facet normal 0 0.99152 -0.129956
    outer loop
      vertex 114.3 15.3047 70.0159
      vertex 0 15.3155 70.0983
      vertex 114.3 15.3155 70.0983
    endloop
  endfacet
  facet normal 0 0.99152 -0.129956
    outer loop
      vertex 0 15.3155 70.0983
      vertex 114.3 15.3047 70.0159
      vertex 0 15.3047 70.0159
    endloop
  endfacet
  facet normal 0 0.98317 -0.182692
    outer loop
      vertex 114.3 15.3155 70.0983
      vertex 0 15.3307 70.1801
      vertex 114.3 15.3307 70.1801
    endloop
  endfacet
  facet normal 0 0.98317 -0.182692
    outer loop
      vertex 0 15.3307 70.1801
      vertex 114.3 15.3155 70.0983
      vertex 0 15.3155 70.0983
    endloop
  endfacet
  facet normal 0 0.972365 -0.233464
    outer loop
      vertex 114.3 15.3307 70.1801
      vertex 0 15.3501 70.2609
      vertex 114.3 15.3501 70.2609
    endloop
  endfacet
  facet normal 0 0.972365 -0.233464
    outer loop
      vertex 0 15.3501 70.2609
      vertex 114.3 15.3307 70.1801
      vertex 0 15.3307 70.1801
    endloop
  endfacet
  facet normal 0 0.965926 -0.258817
    outer loop
      vertex 114.3 15.3501 70.2609
      vertex 0 21.5104 93.2516
      vertex 114.3 21.5104 93.2516
    endloop
  endfacet
  facet normal 0 0.965926 -0.258817
    outer loop
      vertex 0 21.5104 93.2516
      vertex 114.3 15.3501 70.2609
      vertex 0 15.3501 70.2609
    endloop
  endfacet
  facet normal 0 0.985553 -0.169365
    outer loop
      vertex 114.3 21.5104 93.2516
      vertex 0 21.5596 93.5379
      vertex 114.3 21.5596 93.5379
    endloop
  endfacet
  facet normal 0 0.985553 -0.169365
    outer loop
      vertex 0 21.5596 93.5379
      vertex 114.3 21.5104 93.2516
      vertex 0 21.5104 93.2516
    endloop
  endfacet
  facet normal 0 0.999914 0.0130798
    outer loop
      vertex 114.3 21.5596 93.5379
      vertex 0 21.5558 93.8284
      vertex 114.3 21.5558 93.8284
    endloop
  endfacet
  facet normal 0 0.999914 0.0130798
    outer loop
      vertex 0 21.5558 93.8284
      vertex 114.3 21.5596 93.5379
      vertex 0 21.5596 93.5379
    endloop
  endfacet
  facet normal 0 0.980845 0.194792
    outer loop
      vertex 114.3 21.5558 93.8284
      vertex 0 21.4992 94.1134
      vertex 114.3 21.4992 94.1134
    endloop
  endfacet
  facet normal 0 0.980845 0.194792
    outer loop
      vertex 0 21.4992 94.1134
      vertex 114.3 21.5558 93.8284
      vertex 0 21.5558 93.8284
    endloop
  endfacet
  facet normal 0 0.928738 0.370738
    outer loop
      vertex 114.3 21.4992 94.1134
      vertex 0 21.3915 94.3832
      vertex 114.3 21.3915 94.3832
    endloop
  endfacet
  facet normal 0 0.928738 0.370738
    outer loop
      vertex 0 21.3915 94.3832
      vertex 114.3 21.4992 94.1134
      vertex 0 21.4992 94.1134
    endloop
  endfacet
  facet normal 0 0.845767 0.533553
    outer loop
      vertex 114.3 21.3915 94.3832
      vertex 0 21.2365 94.6289
      vertex 114.3 21.2365 94.6289
    endloop
  endfacet
  facet normal 0 0.845767 0.533553
    outer loop
      vertex 0 21.2365 94.6289
      vertex 114.3 21.3915 94.3832
      vertex 0 21.3915 94.3832
    endloop
  endfacet
  facet normal 0 0.734275 0.678852
    outer loop
      vertex 114.3 21.2365 94.6289
      vertex 0 21.0393 94.8422
      vertex 114.3 21.0393 94.8422
    endloop
  endfacet
  facet normal 0 0.734275 0.678852
    outer loop
      vertex 0 21.0393 94.8422
      vertex 114.3 21.2365 94.6289
      vertex 0 21.2365 94.6289
    endloop
  endfacet
  facet normal -0 0.598457 0.801155
    outer loop
      vertex 0 21.0393 94.8422
      vertex 114.3 20.8065 95.0161
      vertex 114.3 21.0393 94.8422
    endloop
  endfacet
  facet normal 0 0.598457 0.801155
    outer loop
      vertex 114.3 20.8065 95.0161
      vertex 0 21.0393 94.8422
      vertex 0 20.8065 95.0161
    endloop
  endfacet
  facet normal -0 0.441974 0.897028
    outer loop
      vertex 0 20.8065 95.0161
      vertex 114.3 20.5459 95.1445
      vertex 114.3 20.8065 95.0161
    endloop
  endfacet
  facet normal 0 0.441974 0.897028
    outer loop
      vertex 114.3 20.5459 95.1445
      vertex 0 20.8065 95.0161
      vertex 0 20.5459 95.1445
    endloop
  endfacet
  facet normal -0 0.271583 0.962415
    outer loop
      vertex 0 20.5459 95.1445
      vertex 114.3 20.2663 95.2234
      vertex 114.3 20.5459 95.1445
    endloop
  endfacet
  facet normal 0 0.271583 0.962415
    outer loop
      vertex 114.3 20.2663 95.2234
      vertex 0 20.5459 95.1445
      vertex 0 20.2663 95.2234
    endloop
  endfacet
  facet normal -0 0.0915599 0.9958
    outer loop
      vertex 0 20.2663 95.2234
      vertex 114.3 19.977 95.25
      vertex 114.3 20.2663 95.2234
    endloop
  endfacet
  facet normal 0 0.0915599 0.9958
    outer loop
      vertex 114.3 19.977 95.25
      vertex 0 20.2663 95.2234
      vertex 0 19.977 95.25
    endloop
  endfacet
  facet normal -0 0 1
    outer loop
      vertex 0 19.977 95.25
      vertex 114.3 1.11049 95.25
      vertex 114.3 19.977 95.25
    endloop
  endfacet
  facet normal 0 0 1
    outer loop
      vertex 114.3 1.11049 95.25
      vertex 0 19.977 95.25
      vertex 0 1.11049 95.25
    endloop
  endfacet
  facet normal 0 -0.0718429 0.997416
    outer loop
      vertex 0 1.11049 95.25
      vertex 114.3 0.928619 95.2369
      vertex 114.3 1.11049 95.25
    endloop
  endfacet
  facet normal 0 -0.0718429 0.997416
    outer loop
      vertex 114.3 0.928619 95.2369
      vertex 0 1.11049 95.25
      vertex 0 0.928619 95.2369
    endloop
  endfacet
  facet normal 0 -0.213874 0.976861
    outer loop
      vertex 0 0.928619 95.2369
      vertex 114.3 0.750488 95.1979
      vertex 114.3 0.928619 95.2369
    endloop
  endfacet
  facet normal 0 -0.213874 0.976861
    outer loop
      vertex 114.3 0.750488 95.1979
      vertex 0 0.928619 95.2369
      vertex 0 0.750488 95.1979
    endloop
  endfacet
  facet normal 0 -0.351571 0.936161
    outer loop
      vertex 0 0.750488 95.1979
      vertex 114.3 0.579803 95.1338
      vertex 114.3 0.750488 95.1979
    endloop
  endfacet
  facet normal 0 -0.351571 0.936161
    outer loop
      vertex 114.3 0.579803 95.1338
      vertex 0 0.750488 95.1979
      vertex 0 0.579803 95.1338
    endloop
  endfacet
  facet normal 0 -0.482021 0.87616
    outer loop
      vertex 0 0.579803 95.1338
      vertex 114.3 0.420029 95.0459
      vertex 114.3 0.579803 95.1338
    endloop
  endfacet
  facet normal 0 -0.482021 0.87616
    outer loop
      vertex 114.3 0.420029 95.0459
      vertex 0 0.579803 95.1338
      vertex 0 0.420029 95.0459
    endloop
  endfacet
  facet normal 0 -0.602307 0.798265
    outer loop
      vertex 0 0.420029 95.0459
      vertex 114.3 0.274506 94.9361
      vertex 114.3 0.420029 95.0459
    endloop
  endfacet
  facet normal 0 -0.602307 0.798265
    outer loop
      vertex 114.3 0.274506 94.9361
      vertex 0 0.420029 95.0459
      vertex 0 0.274506 94.9361
    endloop
  endfacet
  facet normal 0 -0.710673 0.703522
    outer loop
      vertex 0 0.14621 94.8065
      vertex 114.3 0.274506 94.9361
      vertex 0 0.274506 94.9361
    endloop
  endfacet
  facet normal 0 -0.710673 0.703522
    outer loop
      vertex 114.3 0.274506 94.9361
      vertex 0 0.14621 94.8065
      vertex 114.3 0.14621 94.8065
    endloop
  endfacet
  facet normal 0 -0.804025 0.594595
    outer loop
      vertex 0 0.037796 94.6599
      vertex 114.3 0.14621 94.8065
      vertex 0 0.14621 94.8065
    endloop
  endfacet
  facet normal 0 -0.804025 0.594595
    outer loop
      vertex 114.3 0.14621 94.8065
      vertex 0 0.037796 94.6599
      vertex 114.3 0.037796 94.6599
    endloop
  endfacet
  facet normal 0 -0.880902 0.473298
    outer loop
      vertex 0 -0.0484924 94.4993
      vertex 114.3 0.037796 94.6599
      vertex 0 0.037796 94.6599
    endloop
  endfacet
  facet normal 0 -0.880902 0.473298
    outer loop
      vertex 114.3 0.037796 94.6599
      vertex 0 -0.0484924 94.4993
      vertex 114.3 -0.0484924 94.4993
    endloop
  endfacet
  facet normal 0 -0.939624 0.342209
    outer loop
      vertex 0 -0.110916 94.3279
      vertex 114.3 -0.0484924 94.4993
      vertex 0 -0.0484924 94.4993
    endloop
  endfacet
  facet normal 0 -0.939624 0.342209
    outer loop
      vertex 114.3 -0.0484924 94.4993
      vertex 0 -0.110916 94.3279
      vertex 114.3 -0.110916 94.3279
    endloop
  endfacet
  facet normal 0 -0.978932 0.204188
    outer loop
      vertex 0 -0.148148 94.1494
      vertex 114.3 -0.110916 94.3279
      vertex 0 -0.110916 94.3279
    endloop
  endfacet
  facet normal 0 -0.978932 0.204188
    outer loop
      vertex 114.3 -0.110916 94.3279
      vertex 0 -0.148148 94.1494
      vertex 114.3 -0.148148 94.1494
    endloop
  endfacet
  facet normal 0 -0.991061 0.133412
    outer loop
      vertex 0 -7.3025 41.0028
      vertex 114.3 -0.148148 94.1494
      vertex 0 -0.148148 94.1494
    endloop
  endfacet
  facet normal 0 -0.991061 0.133412
    outer loop
      vertex 0 -7.3025 41.0028
      vertex 114.3 -7.3025 41.0028
      vertex 114.3 -0.148148 94.1494
    endloop
  endfacet
  facet normal 3.95606e-06 -0.991061 0.133413
    outer loop
      vertex 1.51616 -8.87581 29.3154
      vertex 0 -7.3025 41.0028
      vertex 0.120841 -7.91001 36.4899
    endloop
  endfacet
  facet normal 0 -0.991061 0.133413
    outer loop
      vertex 0 -7.3025 41.0028
      vertex 1.51616 -8.87581 29.3154
      vertex 114.3 -7.3025 41.0028
    endloop
  endfacet
  facet normal -1.49311e-05 -0.991061 0.133409
    outer loop
      vertex 1.51616 -8.87581 29.3154
      vertex 0.120841 -7.91001 36.4899
      vertex 0.464968 -8.42503 32.664
    endloop
  endfacet
  facet normal 0 -0.991061 0.133413
    outer loop
      vertex 112.784 -8.87581 29.3154
      vertex 114.3 -7.3025 41.0028
      vertex 1.51616 -8.87581 29.3154
    endloop
  endfacet
  facet normal 2.55384e-05 -0.991059 0.133422
    outer loop
      vertex 1.51616 -8.87581 29.3154
      vertex 0.464968 -8.42503 32.664
      vertex 0.97999 -8.76916 30.1077
    endloop
  endfacet
  facet normal -3.95794e-06 -0.991061 0.133413
    outer loop
      vertex 114.3 -7.3025 41.0028
      vertex 112.784 -8.87581 29.3154
      vertex 114.179 -7.91001 36.4899
    endloop
  endfacet
  facet normal 1.49327e-05 -0.991061 0.133409
    outer loop
      vertex 114.179 -7.91001 36.4899
      vertex 112.784 -8.87581 29.3154
      vertex 113.835 -8.42503 32.664
    endloop
  endfacet
  facet normal -2.55495e-05 -0.991059 0.133422
    outer loop
      vertex 113.835 -8.42503 32.664
      vertex 112.784 -8.87581 29.3154
      vertex 113.32 -8.76916 30.1077
    endloop
  endfacet
  facet normal 0 -0.99203 0.126002
    outer loop
      vertex 1.52966 -8.87849 29.2943
      vertex 112.784 -8.87581 29.3154
      vertex 1.51616 -8.87581 29.3154
    endloop
  endfacet
  facet normal 0 -0.99203 0.126002
    outer loop
      vertex 112.784 -8.87581 29.3154
      vertex 1.52966 -8.87849 29.2943
      vertex 112.77 -8.87849 29.2943
    endloop
  endfacet
  facet normal 0 -0.993487 0.113945
    outer loop
      vertex 1.54178 -8.88091 29.2732
      vertex 112.77 -8.87849 29.2943
      vertex 1.52966 -8.87849 29.2943
    endloop
  endfacet
  facet normal 0 -0.993487 0.113945
    outer loop
      vertex 112.77 -8.87849 29.2943
      vertex 1.54178 -8.88091 29.2732
      vertex 112.758 -8.88091 29.2732
    endloop
  endfacet
  facet normal 0 -0.99499 0.0999706
    outer loop
      vertex 1.55244 -8.88303 29.2521
      vertex 112.758 -8.88091 29.2732
      vertex 1.54178 -8.88091 29.2732
    endloop
  endfacet
  facet normal 0 -0.99499 0.0999706
    outer loop
      vertex 112.758 -8.88091 29.2732
      vertex 1.55244 -8.88303 29.2521
      vertex 112.748 -8.88303 29.2521
    endloop
  endfacet
  facet normal 0 -0.996255 0.0864674
    outer loop
      vertex 1.56172 -8.88487 29.2309
      vertex 112.748 -8.88303 29.2521
      vertex 1.55244 -8.88303 29.2521
    endloop
  endfacet
  facet normal 0 -0.996255 0.0864674
    outer loop
      vertex 112.748 -8.88303 29.2521
      vertex 1.56172 -8.88487 29.2309
      vertex 112.738 -8.88487 29.2309
    endloop
  endfacet
  facet normal 0 -0.997269 0.0738544
    outer loop
      vertex 1.56963 -8.88644 29.2097
      vertex 112.738 -8.88487 29.2309
      vertex 1.56172 -8.88487 29.2309
    endloop
  endfacet
  facet normal 0 -0.997269 0.0738544
    outer loop
      vertex 112.738 -8.88487 29.2309
      vertex 1.56963 -8.88644 29.2097
      vertex 112.73 -8.88644 29.2097
    endloop
  endfacet
  facet normal 0 -0.998136 0.0610235
    outer loop
      vertex 1.57607 -8.88773 29.1886
      vertex 112.73 -8.88644 29.2097
      vertex 1.56963 -8.88644 29.2097
    endloop
  endfacet
  facet normal 0 -0.998136 0.0610235
    outer loop
      vertex 112.73 -8.88644 29.2097
      vertex 1.57607 -8.88773 29.1886
      vertex 112.724 -8.88773 29.1886
    endloop
  endfacet
  facet normal 0 -0.998922 0.0464288
    outer loop
      vertex 1.58106 -8.88872 29.1673
      vertex 112.724 -8.88773 29.1886
      vertex 1.57607 -8.88773 29.1886
    endloop
  endfacet
  facet normal 0 -0.998922 0.0464288
    outer loop
      vertex 112.724 -8.88773 29.1886
      vertex 1.58106 -8.88872 29.1673
      vertex 112.719 -8.88872 29.1673
    endloop
  endfacet
  facet normal 0 -0.999455 0.0330009
    outer loop
      vertex 1.58458 -8.88942 29.1461
      vertex 112.719 -8.88872 29.1673
      vertex 1.58106 -8.88872 29.1673
    endloop
  endfacet
  facet normal 0 -0.999455 0.0330009
    outer loop
      vertex 112.719 -8.88872 29.1673
      vertex 1.58458 -8.88942 29.1461
      vertex 112.715 -8.88942 29.1461
    endloop
  endfacet
  facet normal 0 -0.999794 0.0202788
    outer loop
      vertex 1.58673 -8.88985 29.1249
      vertex 112.715 -8.88942 29.1461
      vertex 1.58458 -8.88942 29.1461
    endloop
  endfacet
  facet normal 0 -0.999794 0.0202788
    outer loop
      vertex 112.715 -8.88942 29.1461
      vertex 1.58673 -8.88985 29.1249
      vertex 112.713 -8.88985 29.1249
    endloop
  endfacet
  facet normal 0 -0.999975 0.00704208
    outer loop
      vertex 1.5875 -8.89 29.1036
      vertex 112.713 -8.88985 29.1249
      vertex 1.58673 -8.88985 29.1249
    endloop
  endfacet
  facet normal 0 -0.999975 0.00704208
    outer loop
      vertex 112.713 -8.88985 29.1249
      vertex 1.5875 -8.89 29.1036
      vertex 112.713 -8.89 29.1036
    endloop
  endfacet
  facet normal 0 -1 0
    outer loop
      vertex 1.5875 -8.89 20.6375
      vertex 112.713 -8.89 29.1036
      vertex 1.5875 -8.89 29.1036
    endloop
  endfacet
  facet normal 0 -1 -0
    outer loop
      vertex 112.713 -8.89 29.1036
      vertex 1.5875 -8.89 20.6375
      vertex 112.713 -8.89 20.6375
    endloop
  endfacet
  facet normal -5.70098e-05 -0.707133 -0.707081
    outer loop
      vertex 0 -7.30249 19.05
      vertex 1.5875 -8.89 20.6375
      vertex 0.97999 -8.76916 20.5167
    endloop
  endfacet
  facet normal 0 -0.707105 -0.707109
    outer loop
      vertex 1.5875 -8.89 20.6375
      vertex 0 -7.30249 19.05
      vertex 112.713 -8.89 20.6375
    endloop
  endfacet
  facet normal 0.000156175 -0.707062 -0.707152
    outer loop
      vertex 0 -7.30249 19.05
      vertex 0.97999 -8.76916 20.5167
      vertex 0.464968 -8.42503 20.1725
    endloop
  endfacet
  facet normal -0 -0.707105 -0.707109
    outer loop
      vertex 114.3 -7.30249 19.05
      vertex 112.713 -8.89 20.6375
      vertex 0 -7.30249 19.05
    endloop
  endfacet
  facet normal -8.90949e-06 -0.707096 -0.707118
    outer loop
      vertex 0 -7.30249 19.05
      vertex 0.464968 -8.42503 20.1725
      vertex 0.120841 -7.91001 19.6575
    endloop
  endfacet
  facet normal 5.70651e-05 -0.707133 -0.70708
    outer loop
      vertex 112.713 -8.89 20.6375
      vertex 114.3 -7.30249 19.05
      vertex 113.32 -8.76916 20.5167
    endloop
  endfacet
  facet normal 0.980785 0 -0.195093
    outer loop
      vertex 0 -7.30249 19.05
      vertex 0.120841 -7.91001 19.6575
      vertex 0 -7.3025 19.05
    endloop
  endfacet
  facet normal -0.000156189 -0.707062 -0.707152
    outer loop
      vertex 113.32 -8.76916 20.5167
      vertex 114.3 -7.30249 19.05
      vertex 113.835 -8.42503 20.1725
    endloop
  endfacet
  facet normal 8.91915e-06 -0.707096 -0.707118
    outer loop
      vertex 113.835 -8.42503 20.1725
      vertex 114.3 -7.30249 19.05
      vertex 114.179 -7.91001 19.6575
    endloop
  endfacet
  facet normal -0.980736 0 -0.19534
    outer loop
      vertex 114.179 -7.91001 19.6575
      vertex 114.3 -7.30249 19.05
      vertex 114.3 -7.3025 19.05
    endloop
  endfacet
  facet normal 0 0 -1
    outer loop
      vertex 0 -7.30249 19.05
      vertex 114.3 -1.52399 19.05
      vertex 114.3 -7.30249 19.05
    endloop
  endfacet
  facet normal -0 0 -1
    outer loop
      vertex 114.3 -1.52399 19.05
      vertex 0 -7.30249 19.05
      vertex 0 -1.52399 19.05
    endloop
  endfacet
  facet normal 0 0.707109 -0.707104
    outer loop
      vertex 114.3 -1.52399 19.05
      vertex 0 0 20.574
      vertex 114.3 0 20.574
    endloop
  endfacet
  facet normal 0 0.707109 -0.707104
    outer loop
      vertex 0 0 20.574
      vertex 114.3 -1.52399 19.05
      vertex 0 -1.52399 19.05
    endloop
  endfacet
  facet normal 0 -0.707109 -0.707104
    outer loop
      vertex 0 1.52399 19.05
      vertex 114.3 0 20.574
      vertex 0 0 20.574
    endloop
  endfacet
  facet normal 0 -0.707109 -0.707104
    outer loop
      vertex 114.3 0 20.574
      vertex 0 1.52399 19.05
      vertex 114.3 1.52399 19.05
    endloop
  endfacet
  facet normal 0 -0.707109 0.707104
    outer loop
      vertex 0 0 17.526
      vertex 114.3 1.52399 19.05
      vertex 0 1.52399 19.05
    endloop
  endfacet
  facet normal 0 -0.707109 0.707104
    outer loop
      vertex 114.3 1.52399 19.05
      vertex 0 0 17.526
      vertex 114.3 0 17.526
    endloop
  endfacet
  facet normal 0 -1 0
    outer loop
      vertex 84.1065 0 13.4449
      vertex 114.3 0 17.526
      vertex 30.1935 0 13.4449
    endloop
  endfacet
  facet normal 0 -1 0
    outer loop
      vertex 114.3 0 17.526
      vertex 84.1065 0 13.4449
      vertex 84.455 0 13.462
    endloop
  endfacet
  facet normal 0 -1 0
    outer loop
      vertex 30.5387 0 13.3937
      vertex 84.1065 0 13.4449
      vertex 30.1935 0 13.4449
    endloop
  endfacet
  facet normal 0 -1 0
    outer loop
      vertex 30.5387 0 13.3937
      vertex 83.7613 0 13.3937
      vertex 84.1065 0 13.4449
    endloop
  endfacet
  facet normal 0 -1 0
    outer loop
      vertex 30.8773 0 13.3089
      vertex 83.7613 0 13.3937
      vertex 30.5387 0 13.3937
    endloop
  endfacet
  facet normal 0 -1 0
    outer loop
      vertex 30.8773 0 13.3089
      vertex 83.4227 0 13.3089
      vertex 83.7613 0 13.3937
    endloop
  endfacet
  facet normal 0 -1 0
    outer loop
      vertex 31.2058 0 13.1913
      vertex 83.4227 0 13.3089
      vertex 30.8773 0 13.3089
    endloop
  endfacet
  facet normal 0 -1 0
    outer loop
      vertex 31.2058 0 13.1913
      vertex 83.0942 0 13.1913
      vertex 83.4227 0 13.3089
    endloop
  endfacet
  facet normal 0 -1 0
    outer loop
      vertex 31.5213 0 13.0421
      vertex 83.0942 0 13.1913
      vertex 31.2058 0 13.1913
    endloop
  endfacet
  facet normal 0 -1 0
    outer loop
      vertex 31.5213 0 13.0421
      vertex 82.7787 0 13.0421
      vertex 83.0942 0 13.1913
    endloop
  endfacet
  facet normal 0 -1 0
    outer loop
      vertex 31.8206 0 12.8627
      vertex 82.7787 0 13.0421
      vertex 31.5213 0 13.0421
    endloop
  endfacet
  facet normal 0 -1 0
    outer loop
      vertex 31.8206 0 12.8627
      vertex 82.4794 0 12.8627
      vertex 82.7787 0 13.0421
    endloop
  endfacet
  facet normal 0 -1 0
    outer loop
      vertex 32.1009 0 12.6548
      vertex 82.4794 0 12.8627
      vertex 31.8206 0 12.8627
    endloop
  endfacet
  facet normal 0 -1 0
    outer loop
      vertex 32.1009 0 12.6548
      vertex 82.1991 0 12.6548
      vertex 82.4794 0 12.8627
    endloop
  endfacet
  facet normal 0 -1 0
    outer loop
      vertex 32.3595 0 12.4205
      vertex 82.1991 0 12.6548
      vertex 32.1009 0 12.6548
    endloop
  endfacet
  facet normal 0 -1 0
    outer loop
      vertex 32.3595 0 12.4205
      vertex 81.9405 0 12.4205
      vertex 82.1991 0 12.6548
    endloop
  endfacet
  facet normal 0 -1 0
    outer loop
      vertex 32.5938 0 12.1619
      vertex 81.9405 0 12.4205
      vertex 32.3595 0 12.4205
    endloop
  endfacet
  facet normal 0 -1 0
    outer loop
      vertex 32.5938 0 12.1619
      vertex 81.7062 0 12.1619
      vertex 81.9405 0 12.4205
    endloop
  endfacet
  facet normal 0 -1 0
    outer loop
      vertex 32.8017 0 11.8816
      vertex 81.7062 0 12.1619
      vertex 32.5938 0 12.1619
    endloop
  endfacet
  facet normal 0 -1 0
    outer loop
      vertex 32.8017 0 11.8816
      vertex 81.4983 0 11.8816
      vertex 81.7062 0 12.1619
    endloop
  endfacet
  facet normal 0 -1 0
    outer loop
      vertex 32.9811 0 11.5823
      vertex 81.4983 0 11.8816
      vertex 32.8017 0 11.8816
    endloop
  endfacet
  facet normal 0 -1 0
    outer loop
      vertex 32.9811 0 11.5823
      vertex 81.3189 0 11.5823
      vertex 81.4983 0 11.8816
    endloop
  endfacet
  facet normal 0 -1 0
    outer loop
      vertex 33.1303 0 11.2668
      vertex 81.3189 0 11.5823
      vertex 32.9811 0 11.5823
    endloop
  endfacet
  facet normal 0 -1 0
    outer loop
      vertex 33.1303 0 11.2668
      vertex 81.1697 0 11.2668
      vertex 81.3189 0 11.5823
    endloop
  endfacet
  facet normal 0 -1 0
    outer loop
      vertex 33.2479 0 10.9383
      vertex 81.1697 0 11.2668
      vertex 33.1303 0 11.2668
    endloop
  endfacet
  facet normal 0 -1 0
    outer loop
      vertex 33.2479 0 10.9383
      vertex 81.0521 0 10.9383
      vertex 81.1697 0 11.2668
    endloop
  endfacet
  facet normal 0 -1 0
    outer loop
      vertex 33.3327 0 10.5997
      vertex 81.0521 0 10.9383
      vertex 33.2479 0 10.9383
    endloop
  endfacet
  facet normal 0 -1 0
    outer loop
      vertex 33.3327 0 10.5997
      vertex 80.9673 0 10.5997
      vertex 81.0521 0 10.9383
    endloop
  endfacet
  facet normal 0 -1 0
    outer loop
      vertex 33.3839 0 10.2545
      vertex 80.9673 0 10.5997
      vertex 33.3327 0 10.5997
    endloop
  endfacet
  facet normal 0 -1 0
    outer loop
      vertex 33.3839 0 10.2545
      vertex 80.9161 0 10.2545
      vertex 80.9673 0 10.5997
    endloop
  endfacet
  facet normal 0 -1 0
    outer loop
      vertex 33.401 0 9.906
      vertex 80.9161 0 10.2545
      vertex 33.3839 0 10.2545
    endloop
  endfacet
  facet normal 0 -1 0
    outer loop
      vertex 33.401 0 9.906
      vertex 80.899 0 9.906
      vertex 80.9161 0 10.2545
    endloop
  endfacet
  facet normal 0 -1 0
    outer loop
      vertex 33.401 0 7.874
      vertex 80.899 0 9.906
      vertex 33.401 0 9.906
    endloop
  endfacet
  facet normal 0 -1 0
    outer loop
      vertex 33.401 0 7.874
      vertex 80.899 0 7.874
      vertex 80.899 0 9.906
    endloop
  endfacet
  facet normal 0 -1 0
    outer loop
      vertex 33.3839 0 7.52545
      vertex 80.899 0 7.874
      vertex 33.401 0 7.874
    endloop
  endfacet
  facet normal 0 -1 0
    outer loop
      vertex 33.3839 0 7.52545
      vertex 80.9161 0 7.52545
      vertex 80.899 0 7.874
    endloop
  endfacet
  facet normal 0 -1 0
    outer loop
      vertex 33.3327 0 7.18026
      vertex 80.9161 0 7.52545
      vertex 33.3839 0 7.52545
    endloop
  endfacet
  facet normal 0 -1 0
    outer loop
      vertex 33.3327 0 7.18026
      vertex 80.9673 0 7.18026
      vertex 80.9161 0 7.52545
    endloop
  endfacet
  facet normal 0 -1 0
    outer loop
      vertex 33.2479 0 6.84175
      vertex 80.9673 0 7.18026
      vertex 33.3327 0 7.18026
    endloop
  endfacet
  facet normal 0 -1 0
    outer loop
      vertex 33.2479 0 6.84175
      vertex 81.0521 0 6.84175
      vertex 80.9673 0 7.18026
    endloop
  endfacet
  facet normal 0 -1 0
    outer loop
      vertex 33.1303 0 6.51318
      vertex 81.0521 0 6.84175
      vertex 33.2479 0 6.84175
    endloop
  endfacet
  facet normal 0 -1 0
    outer loop
      vertex 33.1303 0 6.51318
      vertex 81.1697 0 6.51318
      vertex 81.0521 0 6.84175
    endloop
  endfacet
  facet normal 0 -1 0
    outer loop
      vertex 32.9811 0 6.19771
      vertex 81.1697 0 6.51318
      vertex 33.1303 0 6.51318
    endloop
  endfacet
  facet normal 0 -1 0
    outer loop
      vertex 32.9811 0 6.19771
      vertex 81.3189 0 6.19771
      vertex 81.1697 0 6.51318
    endloop
  endfacet
  facet normal 0 -1 0
    outer loop
      vertex 32.8017 0 5.89839
      vertex 81.3189 0 6.19771
      vertex 32.9811 0 6.19771
    endloop
  endfacet
  facet normal 0 -1 0
    outer loop
      vertex 32.8017 0 5.89839
      vertex 81.4983 0 5.89839
      vertex 81.3189 0 6.19771
    endloop
  endfacet
  facet normal 0 -1 0
    outer loop
      vertex 32.5938 0 5.6181
      vertex 81.4983 0 5.89839
      vertex 32.8017 0 5.89839
    endloop
  endfacet
  facet normal 0 -1 0
    outer loop
      vertex 32.5938 0 5.6181
      vertex 81.7062 0 5.6181
      vertex 81.4983 0 5.89839
    endloop
  endfacet
  facet normal 0 -1 0
    outer loop
      vertex 32.3595 0 5.35953
      vertex 81.7062 0 5.6181
      vertex 32.5938 0 5.6181
    endloop
  endfacet
  facet normal 0 -1 0
    outer loop
      vertex 32.3595 0 5.35953
      vertex 81.9405 0 5.35953
      vertex 81.7062 0 5.6181
    endloop
  endfacet
  facet normal 0 -1 0
    outer loop
      vertex 32.1009 0 5.12517
      vertex 81.9405 0 5.35953
      vertex 32.3595 0 5.35953
    endloop
  endfacet
  facet normal 0 -1 0
    outer loop
      vertex 32.1009 0 5.12517
      vertex 82.1991 0 5.12517
      vertex 81.9405 0 5.35953
    endloop
  endfacet
  facet normal 0 -1 0
    outer loop
      vertex 31.8206 0 4.91729
      vertex 82.1991 0 5.12517
      vertex 32.1009 0 5.12517
    endloop
  endfacet
  facet normal 0 -1 0
    outer loop
      vertex 31.8206 0 4.91729
      vertex 82.4794 0 4.91729
      vertex 82.1991 0 5.12517
    endloop
  endfacet
  facet normal 0 -1 0
    outer loop
      vertex 31.5213 0 4.73789
      vertex 82.4794 0 4.91729
      vertex 31.8206 0 4.91729
    endloop
  endfacet
  facet normal 0 -1 0
    outer loop
      vertex 31.5213 0 4.73789
      vertex 82.7787 0 4.73789
      vertex 82.4794 0 4.91729
    endloop
  endfacet
  facet normal 0 -1 0
    outer loop
      vertex 31.2058 0 4.58868
      vertex 82.7787 0 4.73789
      vertex 31.5213 0 4.73789
    endloop
  endfacet
  facet normal 0 -1 0
    outer loop
      vertex 31.2058 0 4.58868
      vertex 83.0942 0 4.58868
      vertex 82.7787 0 4.73789
    endloop
  endfacet
  facet normal 0 -1 0
    outer loop
      vertex 30.8773 0 4.47112
      vertex 83.0942 0 4.58868
      vertex 31.2058 0 4.58868
    endloop
  endfacet
  facet normal 0 -1 0
    outer loop
      vertex 30.8773 0 4.47112
      vertex 83.4227 0 4.47112
      vertex 83.0942 0 4.58868
    endloop
  endfacet
  facet normal 0 -1 0
    outer loop
      vertex 30.5387 0 4.38633
      vertex 83.4227 0 4.47112
      vertex 30.8773 0 4.47112
    endloop
  endfacet
  facet normal 0 -1 0
    outer loop
      vertex 30.5387 0 4.38633
      vertex 83.7613 0 4.38633
      vertex 83.4227 0 4.47112
    endloop
  endfacet
  facet normal 0 -1 0
    outer loop
      vertex 30.1935 0 4.33512
      vertex 83.7613 0 4.38633
      vertex 30.5387 0 4.38633
    endloop
  endfacet
  facet normal 0 -1 0
    outer loop
      vertex 30.1935 0 4.33512
      vertex 84.1065 0 4.33512
      vertex 83.7613 0 4.38633
    endloop
  endfacet
  facet normal 0 -1 0
    outer loop
      vertex 29.845 0 4.318
      vertex 84.1065 0 4.33512
      vertex 30.1935 0 4.33512
    endloop
  endfacet
  facet normal 0 -1 -0
    outer loop
      vertex 84.1065 0 4.33512
      vertex 29.845 0 4.318
      vertex 84.455 0 4.318
    endloop
  endfacet
  facet normal 0 -1 0
    outer loop
      vertex 29.845 0 13.462
      vertex 0 0 17.526
      vertex 23.495 0 13.462
    endloop
  endfacet
  facet normal 0 -1 0
    outer loop
      vertex 0 0 17.526
      vertex 23.1465 0 13.4449
      vertex 23.495 0 13.462
    endloop
  endfacet
  facet normal 0 -1 0
    outer loop
      vertex 0 0 17.526
      vertex 22.8013 0 13.3937
      vertex 23.1465 0 13.4449
    endloop
  endfacet
  facet normal 0 -1 0
    outer loop
      vertex 0 0 17.526
      vertex 22.4627 0 13.3089
      vertex 22.8013 0 13.3937
    endloop
  endfacet
  facet normal 0 -1 0
    outer loop
      vertex 0 0 17.526
      vertex 22.1342 0 13.1913
      vertex 22.4627 0 13.3089
    endloop
  endfacet
  facet normal 0 -1 0
    outer loop
      vertex 0 0 17.526
      vertex 21.8187 0 13.0421
      vertex 22.1342 0 13.1913
    endloop
  endfacet
  facet normal 0 -1 0
    outer loop
      vertex 0 0 17.526
      vertex 21.5194 0 12.8627
      vertex 21.8187 0 13.0421
    endloop
  endfacet
  facet normal 0 -1 0
    outer loop
      vertex 0 0 17.526
      vertex 21.2391 0 12.6548
      vertex 21.5194 0 12.8627
    endloop
  endfacet
  facet normal 0 -1 0
    outer loop
      vertex 0 0 17.526
      vertex 20.9805 0 12.4205
      vertex 21.2391 0 12.6548
    endloop
  endfacet
  facet normal 0 -1 0
    outer loop
      vertex 0 0 17.526
      vertex 20.7462 0 12.1619
      vertex 20.9805 0 12.4205
    endloop
  endfacet
  facet normal 0 -1 0
    outer loop
      vertex 0 0 17.526
      vertex 20.5383 0 11.8816
      vertex 20.7462 0 12.1619
    endloop
  endfacet
  facet normal 0 -1 0
    outer loop
      vertex 0 0 17.526
      vertex 20.3589 0 11.5823
      vertex 20.5383 0 11.8816
    endloop
  endfacet
  facet normal 0 -1 0
    outer loop
      vertex 0 0 17.526
      vertex 20.2097 0 11.2668
      vertex 20.3589 0 11.5823
    endloop
  endfacet
  facet normal 0 -1 0
    outer loop
      vertex 0 0 17.526
      vertex 20.0921 0 10.9383
      vertex 20.2097 0 11.2668
    endloop
  endfacet
  facet normal 0 -1 0
    outer loop
      vertex 0 0 17.526
      vertex 20.0073 0 10.5997
      vertex 20.0921 0 10.9383
    endloop
  endfacet
  facet normal 0 -1 0
    outer loop
      vertex 0 0 17.526
      vertex 19.9561 0 10.2545
      vertex 20.0073 0 10.5997
    endloop
  endfacet
  facet normal 0 -1 0
    outer loop
      vertex 0 0 17.526
      vertex 19.939 0 9.906
      vertex 19.9561 0 10.2545
    endloop
  endfacet
  facet normal 0 -1 0
    outer loop
      vertex 0 0 1.58749
      vertex 19.939 0 9.906
      vertex 0 0 17.526
    endloop
  endfacet
  facet normal 0 -1 -0
    outer loop
      vertex 19.939 0 9.906
      vertex 0 0 1.58749
      vertex 19.939 0 7.874
    endloop
  endfacet
  facet normal 0 -1 -0
    outer loop
      vertex 19.939 0 7.874
      vertex 0 0 1.58749
      vertex 19.9561 0 7.52545
    endloop
  endfacet
  facet normal 0 -1 -0
    outer loop
      vertex 19.9561 0 7.52545
      vertex 0 0 1.58749
      vertex 20.0073 0 7.18026
    endloop
  endfacet
  facet normal 0 -1 -0
    outer loop
      vertex 20.0073 0 7.18026
      vertex 0 0 1.58749
      vertex 20.0921 0 6.84175
    endloop
  endfacet
  facet normal 0 -1 -0
    outer loop
      vertex 20.0921 0 6.84175
      vertex 0 0 1.58749
      vertex 20.2097 0 6.51318
    endloop
  endfacet
  facet normal 0 -1 -0
    outer loop
      vertex 20.2097 0 6.51318
      vertex 0 0 1.58749
      vertex 20.3589 0 6.19771
    endloop
  endfacet
  facet normal 0 -1 -0
    outer loop
      vertex 20.3589 0 6.19771
      vertex 0 0 1.58749
      vertex 20.5383 0 5.89839
    endloop
  endfacet
  facet normal 0 -1 -0
    outer loop
      vertex 20.5383 0 5.89839
      vertex 0 0 1.58749
      vertex 20.7462 0 5.6181
    endloop
  endfacet
  facet normal 0 -1 -0
    outer loop
      vertex 20.7462 0 5.6181
      vertex 0 0 1.58749
      vertex 20.9805 0 5.35953
    endloop
  endfacet
  facet normal 0 -1 -0
    outer loop
      vertex 20.9805 0 5.35953
      vertex 0 0 1.58749
      vertex 21.2391 0 5.12517
    endloop
  endfacet
  facet normal 0 -1 -0
    outer loop
      vertex 21.2391 0 5.12517
      vertex 0 0 1.58749
      vertex 21.5194 0 4.91729
    endloop
  endfacet
  facet normal 0 -1 0
    outer loop
      vertex 0 0 1.58749
      vertex 29.845 0 4.318
      vertex 23.495 0 4.318
    endloop
  endfacet
  facet normal 0 -1 -0
    outer loop
      vertex 29.845 0 4.318
      vertex 0 0 1.58749
      vertex 84.455 0 4.318
    endloop
  endfacet
  facet normal 0 -1 0
    outer loop
      vertex 114.3 0 1.58749
      vertex 84.455 0 4.318
      vertex 0 0 1.58749
    endloop
  endfacet
  facet normal 0 -1 -0
    outer loop
      vertex 23.1465 0 4.33512
      vertex 0 0 1.58749
      vertex 23.495 0 4.318
    endloop
  endfacet
  facet normal 0 -1 -0
    outer loop
      vertex 22.8013 0 4.38633
      vertex 0 0 1.58749
      vertex 23.1465 0 4.33512
    endloop
  endfacet
  facet normal 0 -1 -0
    outer loop
      vertex 22.4627 0 4.47112
      vertex 0 0 1.58749
      vertex 22.8013 0 4.38633
    endloop
  endfacet
  facet normal 0 -1 -0
    outer loop
      vertex 22.1342 0 4.58868
      vertex 0 0 1.58749
      vertex 22.4627 0 4.47112
    endloop
  endfacet
  facet normal 0 -1 -0
    outer loop
      vertex 21.8187 0 4.73789
      vertex 0 0 1.58749
      vertex 22.1342 0 4.58868
    endloop
  endfacet
  facet normal 0 -1 -0
    outer loop
      vertex 21.5194 0 4.91729
      vertex 0 0 1.58749
      vertex 21.8187 0 4.73789
    endloop
  endfacet
  facet normal 0 -1 0
    outer loop
      vertex 30.1935 0 13.4449
      vertex 0 0 17.526
      vertex 29.845 0 13.462
    endloop
  endfacet
  facet normal 0 -1 0
    outer loop
      vertex 0 0 17.526
      vertex 30.1935 0 13.4449
      vertex 114.3 0 17.526
    endloop
  endfacet
  facet normal 0 -1 0
    outer loop
      vertex 90.805 0 13.462
      vertex 114.3 0 17.526
      vertex 84.455 0 13.462
    endloop
  endfacet
  facet normal 0 -1 0
    outer loop
      vertex 91.1535 0 13.4449
      vertex 114.3 0 17.526
      vertex 90.805 0 13.462
    endloop
  endfacet
  facet normal 0 -1 0
    outer loop
      vertex 91.4987 0 13.3937
      vertex 114.3 0 17.526
      vertex 91.1535 0 13.4449
    endloop
  endfacet
  facet normal 0 -1 0
    outer loop
      vertex 91.8372 0 13.3089
      vertex 114.3 0 17.526
      vertex 91.4987 0 13.3937
    endloop
  endfacet
  facet normal 0 -1 0
    outer loop
      vertex 92.1658 0 13.1913
      vertex 114.3 0 17.526
      vertex 91.8372 0 13.3089
    endloop
  endfacet
  facet normal 0 -1 0
    outer loop
      vertex 92.4813 0 13.0421
      vertex 114.3 0 17.526
      vertex 92.1658 0 13.1913
    endloop
  endfacet
  facet normal 0 -1 0
    outer loop
      vertex 92.7806 0 12.8627
      vertex 114.3 0 17.526
      vertex 92.4813 0 13.0421
    endloop
  endfacet
  facet normal 0 -1 0
    outer loop
      vertex 93.0609 0 12.6548
      vertex 114.3 0 17.526
      vertex 92.7806 0 12.8627
    endloop
  endfacet
  facet normal 0 -1 0
    outer loop
      vertex 93.3195 0 12.4205
      vertex 114.3 0 17.526
      vertex 93.0609 0 12.6548
    endloop
  endfacet
  facet normal 0 -1 0
    outer loop
      vertex 93.5538 0 12.1619
      vertex 114.3 0 17.526
      vertex 93.3195 0 12.4205
    endloop
  endfacet
  facet normal 0 -1 0
    outer loop
      vertex 93.7617 0 11.8816
      vertex 114.3 0 17.526
      vertex 93.5538 0 12.1619
    endloop
  endfacet
  facet normal 0 -1 0
    outer loop
      vertex 93.9411 0 11.5823
      vertex 114.3 0 17.526
      vertex 93.7617 0 11.8816
    endloop
  endfacet
  facet normal 0 -1 0
    outer loop
      vertex 94.0903 0 11.2668
      vertex 114.3 0 17.526
      vertex 93.9411 0 11.5823
    endloop
  endfacet
  facet normal 0 -1 0
    outer loop
      vertex 94.2079 0 10.9383
      vertex 114.3 0 17.526
      vertex 94.0903 0 11.2668
    endloop
  endfacet
  facet normal 0 -1 0
    outer loop
      vertex 94.2927 0 10.5997
      vertex 114.3 0 17.526
      vertex 94.2079 0 10.9383
    endloop
  endfacet
  facet normal 0 -1 0
    outer loop
      vertex 94.3439 0 10.2545
      vertex 114.3 0 17.526
      vertex 94.2927 0 10.5997
    endloop
  endfacet
  facet normal 0 -1 0
    outer loop
      vertex 94.361 0 9.906
      vertex 114.3 0 17.526
      vertex 94.3439 0 10.2545
    endloop
  endfacet
  facet normal 0 -1 0
    outer loop
      vertex 114.3 0 1.58749
      vertex 94.361 0 9.906
      vertex 94.361 0 7.874
    endloop
  endfacet
  facet normal 0 -1 0
    outer loop
      vertex 114.3 0 1.58749
      vertex 94.361 0 7.874
      vertex 94.3439 0 7.52545
    endloop
  endfacet
  facet normal 0 -1 0
    outer loop
      vertex 114.3 0 1.58749
      vertex 94.3439 0 7.52545
      vertex 94.2927 0 7.18026
    endloop
  endfacet
  facet normal 0 -1 0
    outer loop
      vertex 114.3 0 1.58749
      vertex 94.2927 0 7.18026
      vertex 94.2079 0 6.84175
    endloop
  endfacet
  facet normal 0 -1 0
    outer loop
      vertex 114.3 0 1.58749
      vertex 94.2079 0 6.84175
      vertex 94.0903 0 6.51318
    endloop
  endfacet
  facet normal 0 -1 0
    outer loop
      vertex 114.3 0 1.58749
      vertex 94.0903 0 6.51318
      vertex 93.9411 0 6.19771
    endloop
  endfacet
  facet normal 0 -1 0
    outer loop
      vertex 114.3 0 1.58749
      vertex 93.9411 0 6.19771
      vertex 93.7617 0 5.89839
    endloop
  endfacet
  facet normal 0 -1 0
    outer loop
      vertex 114.3 0 1.58749
      vertex 93.7617 0 5.89839
      vertex 93.5538 0 5.6181
    endloop
  endfacet
  facet normal 0 -1 0
    outer loop
      vertex 114.3 0 1.58749
      vertex 93.5538 0 5.6181
      vertex 93.3195 0 5.35953
    endloop
  endfacet
  facet normal 0 -1 0
    outer loop
      vertex 114.3 0 1.58749
      vertex 93.3195 0 5.35953
      vertex 93.0609 0 5.12517
    endloop
  endfacet
  facet normal 0 -1 0
    outer loop
      vertex 114.3 0 1.58749
      vertex 93.0609 0 5.12517
      vertex 92.7806 0 4.91729
    endloop
  endfacet
  facet normal 0 -1 0
    outer loop
      vertex 114.3 0 1.58749
      vertex 92.7806 0 4.91729
      vertex 92.4813 0 4.73789
    endloop
  endfacet
  facet normal 0 -1 0
    outer loop
      vertex 94.361 0 9.906
      vertex 114.3 0 1.58749
      vertex 114.3 0 17.526
    endloop
  endfacet
  facet normal 0 -1 0
    outer loop
      vertex 92.1658 0 4.58868
      vertex 114.3 0 1.58749
      vertex 92.4813 0 4.73789
    endloop
  endfacet
  facet normal 0 -1 0
    outer loop
      vertex 91.8372 0 4.47112
      vertex 114.3 0 1.58749
      vertex 92.1658 0 4.58868
    endloop
  endfacet
  facet normal 0 -1 0
    outer loop
      vertex 91.4987 0 4.38633
      vertex 114.3 0 1.58749
      vertex 91.8372 0 4.47112
    endloop
  endfacet
  facet normal 0 -1 0
    outer loop
      vertex 91.1535 0 4.33512
      vertex 114.3 0 1.58749
      vertex 91.4987 0 4.38633
    endloop
  endfacet
  facet normal 0 -1 0
    outer loop
      vertex 90.805 0 4.318
      vertex 114.3 0 1.58749
      vertex 91.1535 0 4.33512
    endloop
  endfacet
  facet normal 0 -1 0
    outer loop
      vertex 84.455 0 4.318
      vertex 114.3 0 1.58749
      vertex 90.805 0 4.318
    endloop
  endfacet
  facet normal 0 -0.707107 -0.707107
    outer loop
      vertex 0 1.58749 0
      vertex 114.3 0 1.58749
      vertex 0 0 1.58749
    endloop
  endfacet
  facet normal 0 -0.707107 -0.707107
    outer loop
      vertex 114.3 0 1.58749
      vertex 0 1.58749 0
      vertex 114.3 1.58749 0
    endloop
  endfacet
  facet normal 0 0 -1
    outer loop
      vertex 114.3 1.58749 0
      vertex 101.219 12.7 0
      vertex 114.3 28.7134 0
    endloop
  endfacet
  facet normal 0 0 -1
    outer loop
      vertex 114.3 1.58749 0
      vertex 74.041 12.7 0
      vertex 101.219 12.7 0
    endloop
  endfacet
  facet normal 0 0 -1
    outer loop
      vertex 74.041 12.7 0
      vertex 40.259 12.7 0
      vertex 74.041 28.7134 0
    endloop
  endfacet
  facet normal 0 0 -1
    outer loop
      vertex 114.3 1.58749 0
      vertex 40.259 12.7 0
      vertex 74.041 12.7 0
    endloop
  endfacet
  facet normal 0 0 -1
    outer loop
      vertex 0 1.58749 0
      vertex 40.259 12.7 0
      vertex 114.3 1.58749 0
    endloop
  endfacet
  facet normal -0 0 -1
    outer loop
      vertex 40.259 12.7 0
      vertex 0 1.58749 0
      vertex 13.081 12.7 0
    endloop
  endfacet
  facet normal 0 0 -1
    outer loop
      vertex 0 28.7134 0
      vertex 13.081 12.7 0
      vertex 0 1.58749 0
    endloop
  endfacet
  facet normal 0 0 -1
    outer loop
      vertex 13.081 12.7 0
      vertex 0 28.7134 0
      vertex 13.081 28.7134 0
    endloop
  endfacet
  facet normal -0 0 -1
    outer loop
      vertex 114.3 28.7134 0
      vertex 101.219 12.7 0
      vertex 101.219 28.7134 0
    endloop
  endfacet
  facet normal -0 0 -1
    outer loop
      vertex 74.041 28.7134 0
      vertex 40.259 12.7 0
      vertex 40.259 28.7134 0
    endloop
  endfacet
  facet normal 0 0.707105 -0.707109
    outer loop
      vertex 13.081 28.7134 0
      vertex 1.58747 30.3009 1.58749
      vertex 13.081 30.3009 1.58749
    endloop
  endfacet
  facet normal 0 0.707105 -0.707109
    outer loop
      vertex 0 28.7134 0
      vertex 1.58747 30.3009 1.58749
      vertex 13.081 28.7134 0
    endloop
  endfacet
  facet normal 4.46945e-05 0.707082 -0.707131
    outer loop
      vertex 1.58747 30.3009 1.58749
      vertex 0 28.7134 0
      vertex 0.97999 30.1801 1.46666
    endloop
  endfacet
  facet normal -0.000150355 0.707147 -0.707066
    outer loop
      vertex 0.97999 30.1801 1.46666
      vertex 0 28.7134 0
      vertex 0.464968 29.8359 1.12253
    endloop
  endfacet
  facet normal 3.3712e-05 0.707109 -0.707104
    outer loop
      vertex 0.464968 29.8359 1.12253
      vertex 0 28.7134 0
      vertex 0.120841 29.3209 0.60751
    endloop
  endfacet
  facet normal -4.47353e-05 0.707082 -0.707131
    outer loop
      vertex 114.3 28.7134 0
      vertex 112.713 30.3009 1.58749
      vertex 113.32 30.1801 1.46666
    endloop
  endfacet
  facet normal 0.000150368 0.707147 -0.707066
    outer loop
      vertex 114.3 28.7134 0
      vertex 113.32 30.1801 1.46666
      vertex 113.835 29.8359 1.12253
    endloop
  endfacet
  facet normal -3.37485e-05 0.707109 -0.707104
    outer loop
      vertex 114.3 28.7134 0
      vertex 113.835 29.8359 1.12253
      vertex 114.179 29.3209 0.60751
    endloop
  endfacet
  facet normal 0 0.707105 -0.707109
    outer loop
      vertex 112.713 30.3009 1.58749
      vertex 114.3 28.7134 0
      vertex 101.219 28.7134 0
    endloop
  endfacet
  facet normal 0 0.707105 -0.707109
    outer loop
      vertex 112.713 30.3009 1.58749
      vertex 101.219 28.7134 0
      vertex 101.219 30.3009 1.58749
    endloop
  endfacet
  facet normal 0 0.707105 -0.707109
    outer loop
      vertex 74.041 28.7134 0
      vertex 40.259 30.3009 1.58749
      vertex 74.041 30.3009 1.58749
    endloop
  endfacet
  facet normal 0 0.707105 -0.707109
    outer loop
      vertex 40.259 30.3009 1.58749
      vertex 74.041 28.7134 0
      vertex 40.259 28.7134 0
    endloop
  endfacet
  facet normal 0.556265 0.831005 -0.000842385
    outer loop
      vertex 113.32 30.1801 35.8372
      vertex 113.593 29.9977 36.1756
      vertex 113.835 29.8359 36.365
    endloop
  endfacet
  facet normal 0.553453 0.832877 0.00243531
    outer loop
      vertex 113.593 29.9977 36.1756
      vertex 113.32 30.1801 35.8372
      vertex 113.398 30.1279 35.9632
    endloop
  endfacet
  facet normal 0.555668 0.831404 -0
    outer loop
      vertex 113.835 29.8359 1.12253
      vertex 113.32 30.1801 35.8372
      vertex 113.835 29.8359 36.365
    endloop
  endfacet
  facet normal 0.555668 0.831404 0
    outer loop
      vertex 113.32 30.1801 35.8372
      vertex 113.835 29.8359 1.12253
      vertex 113.32 30.1801 1.46666
    endloop
  endfacet
  facet normal -0.980787 0.195084 -0.000110912
    outer loop
      vertex 0 28.7134 36.83
      vertex 0.0394419 28.9117 36.8394
      vertex 0.0631525 29.0309 36.83
    endloop
  endfacet
  facet normal -0.980789 0.195073 0.000122921
    outer loop
      vertex 0 28.7134 36.83
      vertex 0.016314 28.7954 36.8673
      vertex 0.0394419 28.9117 36.8394
    endloop
  endfacet
  facet normal -0.980778 0.195127 0
    outer loop
      vertex 0.016314 28.7954 36.8673
      vertex 0 28.7134 36.83
      vertex 0 28.7134 36.9013
    endloop
  endfacet
  facet normal -0.980785 0.195093 0
    outer loop
      vertex 0 28.7134 36.83
      vertex 0.120841 29.3209 36.7038
      vertex 0.120841 29.3209 0.60751
    endloop
  endfacet
  facet normal -0.980777 0.195133 0.000200851
    outer loop
      vertex 0.0493972 28.9617 36.8104
      vertex 0.120841 29.3209 36.7038
      vertex 0 28.7134 36.83
    endloop
  endfacet
  facet normal -0.980785 0.195093 0
    outer loop
      vertex 0 28.7134 36.83
      vertex 0.120841 29.3209 0.60751
      vertex 0 28.7134 0
    endloop
  endfacet
  facet normal -0.980839 0.194819 -0.000898008
    outer loop
      vertex 0.120841 29.3209 36.7038
      vertex 0.0493972 28.9617 36.8104
      vertex 0.0975773 29.204 36.7523
    endloop
  endfacet
  facet normal -0.195093 -0.980785 -2.72889e-06
    outer loop
      vertex 1.5875 -8.89 29.1036
      vertex 1.51616 -8.87581 29.3154
      vertex 0.97999 -8.76916 30.1077
    endloop
  endfacet
  facet normal -0.194311 -0.98094 0.000270804
    outer loop
      vertex 1.51616 -8.87581 29.3154
      vertex 1.5875 -8.89 29.1036
      vertex 1.52966 -8.87849 29.2943
    endloop
  endfacet
  facet normal -0.196515 -0.980501 -0.00042389
    outer loop
      vertex 1.52966 -8.87849 29.2943
      vertex 1.5875 -8.89 29.1036
      vertex 1.54178 -8.88091 29.2732
    endloop
  endfacet
  facet normal -0.195114 -0.980781 -3.14038e-05
    outer loop
      vertex 1.54178 -8.88091 29.2732
      vertex 1.5875 -8.89 29.1036
      vertex 1.55244 -8.88303 29.2521
    endloop
  endfacet
  facet normal -0.193908 -0.98102 0.000264569
    outer loop
      vertex 1.55244 -8.88303 29.2521
      vertex 1.5875 -8.89 29.1036
      vertex 1.56172 -8.88487 29.2309
    endloop
  endfacet
  facet normal -0.194115 -0.980979 0.000220951
    outer loop
      vertex 1.56172 -8.88487 29.2309
      vertex 1.5875 -8.89 29.1036
      vertex 1.56963 -8.88644 29.2097
    endloop
  endfacet
  facet normal -0.197678 -0.980267 -0.00040302
    outer loop
      vertex 1.56963 -8.88644 29.2097
      vertex 1.5875 -8.89 29.1036
      vertex 1.57607 -8.88773 29.1886
    endloop
  endfacet
  facet normal -0.194345 -0.980933 6.29739e-05
    outer loop
      vertex 1.57607 -8.88773 29.1886
      vertex 1.5875 -8.89 29.1036
      vertex 1.58106 -8.88872 29.1673
    endloop
  endfacet
  facet normal -0.1952 -0.980763 -2.68408e-05
    outer loop
      vertex 1.58106 -8.88872 29.1673
      vertex 1.5875 -8.89 29.1036
      vertex 1.58458 -8.88942 29.1461
    endloop
  endfacet
  facet normal -0.198827 -0.980035 -0.000285986
    outer loop
      vertex 1.58458 -8.88942 29.1461
      vertex 1.5875 -8.89 29.1036
      vertex 1.58673 -8.88985 29.1249
    endloop
  endfacet
  facet normal -0.195088 -0.980786 0
    outer loop
      vertex 0.97999 -8.76916 20.5167
      vertex 1.5875 -8.89 29.1036
      vertex 0.97999 -8.76916 30.1077
    endloop
  endfacet
  facet normal -0.195088 -0.980786 -0
    outer loop
      vertex 1.5875 -8.89 29.1036
      vertex 0.97999 -8.76916 20.5167
      vertex 1.5875 -8.89 20.6375
    endloop
  endfacet
  facet normal 0.194455 0.980911 0.000772978
    outer loop
      vertex 112.713 30.3009 35.2425
      vertex 113.103 30.2232 35.7331
      vertex 113.32 30.1801 35.8372
    endloop
  endfacet
  facet normal 0.195624 0.980679 -0.000193086
    outer loop
      vertex 113.103 30.2232 35.7331
      vertex 112.713 30.3009 35.2425
      vertex 112.811 30.2814 35.4908
    endloop
  endfacet
  facet normal 0.195184 0.980767 -0
    outer loop
      vertex 113.32 30.1801 1.46666
      vertex 112.713 30.3009 35.2425
      vertex 113.32 30.1801 35.8372
    endloop
  endfacet
  facet normal 0.195184 0.980767 0
    outer loop
      vertex 112.713 30.3009 35.2425
      vertex 113.32 30.1801 1.46666
      vertex 112.713 30.3009 1.58749
    endloop
  endfacet
  facet normal 0.179836 -0.983681 0.00561873
    outer loop
      vertex 112.713 -8.89 29.1036
      vertex 112.784 -8.87581 29.3154
      vertex 112.77 -8.87849 29.2943
    endloop
  endfacet
  facet normal 0.197412 -0.980321 0.000162529
    outer loop
      vertex 112.713 -8.89 29.1036
      vertex 112.77 -8.87849 29.2943
      vertex 112.758 -8.88091 29.2732
    endloop
  endfacet
  facet normal 0.219248 -0.975651 -0.00588136
    outer loop
      vertex 112.713 -8.89 29.1036
      vertex 112.758 -8.88091 29.2732
      vertex 112.748 -8.88303 29.2521
    endloop
  endfacet
  facet normal 0.166516 -0.986014 0.00703348
    outer loop
      vertex 112.713 -8.89 29.1036
      vertex 112.748 -8.88303 29.2521
      vertex 112.738 -8.88487 29.2309
    endloop
  endfacet
  facet normal 0.183373 -0.983037 0.00360286
    outer loop
      vertex 112.713 -8.89 29.1036
      vertex 112.738 -8.88487 29.2309
      vertex 112.73 -8.88644 29.2097
    endloop
  endfacet
  facet normal 0.216921 -0.976187 -0.00200225
    outer loop
      vertex 112.713 -8.89 29.1036
      vertex 112.73 -8.88644 29.2097
      vertex 112.724 -8.88773 29.1886
    endloop
  endfacet
  facet normal 0.184501 -0.982829 0.00237075
    outer loop
      vertex 112.713 -8.89 29.1036
      vertex 112.724 -8.88773 29.1886
      vertex 112.719 -8.88872 29.1673
    endloop
  endfacet
  facet normal 0.135521 -0.990749 0.00714333
    outer loop
      vertex 112.713 -8.89 29.1036
      vertex 112.719 -8.88872 29.1673
      vertex 112.715 -8.88942 29.1461
    endloop
  endfacet
  facet normal 0.138986 -0.99027 0.00697373
    outer loop
      vertex 112.713 -8.89 29.1036
      vertex 112.715 -8.88942 29.1461
      vertex 112.713 -8.88985 29.1249
    endloop
  endfacet
  facet normal 0.194328 -0.980936 0.000577037
    outer loop
      vertex 112.784 -8.87581 29.3154
      vertex 112.713 -8.89 29.1036
      vertex 113.32 -8.76916 30.1077
    endloop
  endfacet
  facet normal 0.195246 -0.980754 0
    outer loop
      vertex 113.32 -8.76916 20.5167
      vertex 112.713 -8.89 29.1036
      vertex 112.713 -8.89 20.6375
    endloop
  endfacet
  facet normal 0.195246 -0.980754 0
    outer loop
      vertex 112.713 -8.89 29.1036
      vertex 113.32 -8.76916 20.5167
      vertex 113.32 -8.76916 30.1077
    endloop
  endfacet
  facet normal -0.555952 0.831215 -0.000338469
    outer loop
      vertex 0.97999 30.1801 35.8372
      vertex 0.707074 29.9977 36.1756
      vertex 0.901868 30.1279 35.9632
    endloop
  endfacet
  facet normal -0.555607 0.831445 6.39455e-05
    outer loop
      vertex 0.707074 29.9977 36.1756
      vertex 0.97999 30.1801 35.8372
      vertex 0.464968 29.8359 36.365
    endloop
  endfacet
  facet normal -0.555652 0.831415 0
    outer loop
      vertex 0.464968 29.8359 1.12253
      vertex 0.97999 30.1801 35.8372
      vertex 0.97999 30.1801 1.46666
    endloop
  endfacet
  facet normal -0.555652 0.831415 0
    outer loop
      vertex 0.97999 30.1801 35.8372
      vertex 0.464968 29.8359 1.12253
      vertex 0.464968 29.8359 36.365
    endloop
  endfacet
  facet normal 0.834817 0.550419 -0.0109547
    outer loop
      vertex 114.179 29.3209 36.7038
      vertex 113.835 29.8359 36.365
      vertex 113.962 29.6465 36.5268
    endloop
  endfacet
  facet normal 0.838138 0.544875 -0.0252228
    outer loop
      vertex 114.179 29.3209 36.7038
      vertex 113.962 29.6465 36.5268
      vertex 114.104 29.4341 36.657
    endloop
  endfacet
  facet normal 0.831553 0.555445 0
    outer loop
      vertex 113.835 29.8359 36.365
      vertex 114.179 29.3209 36.7038
      vertex 113.835 29.8359 1.12253
    endloop
  endfacet
  facet normal 0.831553 0.555445 0
    outer loop
      vertex 113.835 29.8359 1.12253
      vertex 114.179 29.3209 36.7038
      vertex 114.179 29.3209 0.60751
    endloop
  endfacet
  facet normal -0.831458 0.555587 0
    outer loop
      vertex 0.120841 29.3209 36.7038
      vertex 0.464968 29.8359 36.365
      vertex 0.464968 29.8359 1.12253
    endloop
  endfacet
  facet normal -0 -0.549599 -0.835429
    outer loop
      vertex 0.464968 29.8359 36.365
      vertex 0.120841 29.3209 36.7038
      vertex 0.464965 29.8359 36.365
    endloop
  endfacet
  facet normal -0.831532 0.555476 -0.000235871
    outer loop
      vertex 0.464965 29.8359 36.365
      vertex 0.120841 29.3209 36.7038
      vertex 0.338397 29.6465 36.5268
    endloop
  endfacet
  facet normal -0.831458 0.555587 0
    outer loop
      vertex 0.120841 29.3209 36.7038
      vertex 0.464968 29.8359 1.12253
      vertex 0.120841 29.3209 0.60751
    endloop
  endfacet
  facet normal -0.831527 0.555485 -0.000213916
    outer loop
      vertex 0.338397 29.6465 36.5268
      vertex 0.120841 29.3209 36.7038
      vertex 0.196474 29.4341 36.657
    endloop
  endfacet
  facet normal 0.980736 -0.195337 0
    outer loop
      vertex 114.179 -7.91001 36.4899
      vertex 114.3 -7.3025 19.05
      vertex 114.3 -7.3025 41.0028
    endloop
  endfacet
  facet normal 0.980736 -0.195337 0
    outer loop
      vertex 114.3 -7.3025 19.05
      vertex 114.179 -7.91001 36.4899
      vertex 114.179 -7.91001 19.6575
    endloop
  endfacet
  facet normal -0.195551 0.980693 -0.000375652
    outer loop
      vertex 1.58747 30.3009 35.2425
      vertex 1.19686 30.2232 35.7331
      vertex 1.4892 30.2814 35.4908
    endloop
  endfacet
  facet normal -0.194818 0.980839 0.0002314
    outer loop
      vertex 1.19686 30.2232 35.7331
      vertex 1.58747 30.3009 35.2425
      vertex 0.97999 30.1801 35.8372
    endloop
  endfacet
  facet normal -0.195036 0.980796 0
    outer loop
      vertex 0.97999 30.1801 1.46666
      vertex 1.58747 30.3009 35.2425
      vertex 1.58747 30.3009 1.58749
    endloop
  endfacet
  facet normal -0.195036 0.980796 0
    outer loop
      vertex 1.58747 30.3009 35.2425
      vertex 0.97999 30.1801 1.46666
      vertex 0.97999 30.1801 35.8372
    endloop
  endfacet
  facet normal -0.555574 -0.831467 0
    outer loop
      vertex 0.464968 -8.42503 20.1725
      vertex 0.97999 -8.76916 30.1077
      vertex 0.464968 -8.42503 32.664
    endloop
  endfacet
  facet normal -0.555574 -0.831467 -0
    outer loop
      vertex 0.97999 -8.76916 30.1077
      vertex 0.464968 -8.42503 20.1725
      vertex 0.97999 -8.76916 20.5167
    endloop
  endfacet
  facet normal 0.831563 -0.55543 0
    outer loop
      vertex 113.835 -8.42503 32.664
      vertex 114.179 -7.91001 19.6575
      vertex 114.179 -7.91001 36.4899
    endloop
  endfacet
  facet normal 0.831563 -0.55543 0
    outer loop
      vertex 114.179 -7.91001 19.6575
      vertex 113.835 -8.42503 32.664
      vertex 113.835 -8.42503 20.1725
    endloop
  endfacet
  facet normal 0.55559 -0.831456 0
    outer loop
      vertex 113.835 -8.42503 20.1725
      vertex 113.32 -8.76916 30.1077
      vertex 113.32 -8.76916 20.5167
    endloop
  endfacet
  facet normal 0.55559 -0.831456 0
    outer loop
      vertex 113.32 -8.76916 30.1077
      vertex 113.835 -8.42503 20.1725
      vertex 113.835 -8.42503 32.664
    endloop
  endfacet
  facet normal 0.980232 0.194503 -0.0362599
    outer loop
      vertex 114.261 28.9117 36.8394
      vertex 114.3 28.7134 36.83
      vertex 114.237 29.0309 36.83
    endloop
  endfacet
  facet normal 0.981163 0.193144 -0.00373168
    outer loop
      vertex 114.284 28.7954 36.8673
      vertex 114.3 28.7134 36.83
      vertex 114.261 28.9117 36.8394
    endloop
  endfacet
  facet normal 0.981491 0.19151 -0
    outer loop
      vertex 114.3 28.7134 36.83
      vertex 114.284 28.7954 36.8673
      vertex 114.3 28.7134 36.9013
    endloop
  endfacet
  facet normal 0.978248 0.20517 0.0306118
    outer loop
      vertex 114.251 28.9617 36.8104
      vertex 114.179 29.3209 36.7038
      vertex 114.202 29.204 36.7523
    endloop
  endfacet
  facet normal 0.981192 0.192527 -0.0139792
    outer loop
      vertex 114.179 29.3209 36.7038
      vertex 114.251 28.9617 36.8104
      vertex 114.3 28.7134 36.83
    endloop
  endfacet
  facet normal 0.980736 0.19534 0
    outer loop
      vertex 114.179 29.3209 36.7038
      vertex 114.3 28.7134 36.83
      vertex 114.179 29.3209 0.60751
    endloop
  endfacet
  facet normal 0.980736 0.19534 0
    outer loop
      vertex 114.179 29.3209 0.60751
      vertex 114.3 28.7134 36.83
      vertex 114.3 28.7134 0
    endloop
  endfacet
  facet normal -0.980785 -0.19509 -0
    outer loop
      vertex 0.120841 -7.91001 36.4899
      vertex 0 -7.3025 19.05
      vertex 0.120841 -7.91001 19.6575
    endloop
  endfacet
  facet normal -0.980785 -0.19509 0
    outer loop
      vertex 0 -7.3025 19.05
      vertex 0.120841 -7.91001 36.4899
      vertex 0 -7.3025 41.0028
    endloop
  endfacet
  facet normal -0.831468 -0.555572 -0
    outer loop
      vertex 0.464968 -8.42503 32.664
      vertex 0.120841 -7.91001 19.6575
      vertex 0.464968 -8.42503 20.1725
    endloop
  endfacet
  facet normal -0.831468 -0.555572 0
    outer loop
      vertex 0.120841 -7.91001 19.6575
      vertex 0.464968 -8.42503 32.664
      vertex 0.120841 -7.91001 36.4899
    endloop
  endfacet
  facet normal 0.941549 0 -0.336876
    outer loop
      vertex 13.8737 12.7 13.8913
      vertex 13.5294 30.3009 12.929
      vertex 13.8737 30.3009 13.8913
    endloop
  endfacet
  facet normal 0.941549 0 -0.336876
    outer loop
      vertex 13.5294 30.3009 12.929
      vertex 13.8737 12.7 13.8913
      vertex 13.5294 12.7 12.929
    endloop
  endfacet
  facet normal 0.989172 0 -0.146761
    outer loop
      vertex 13.2811 12.7 11.9377
      vertex 13.1311 30.3009 10.9267
      vertex 13.2811 30.3009 11.9377
    endloop
  endfacet
  facet normal 0.989172 0 -0.146761
    outer loop
      vertex 13.1311 30.3009 10.9267
      vertex 13.2811 12.7 11.9377
      vertex 13.1311 12.7 10.9267
    endloop
  endfacet
  facet normal 0.514093 0 -0.857735
    outer loop
      vertex 17.7093 12.7 18.5649
      vertex 18.5859 30.3009 19.0903
      vertex 18.5859 12.7 19.0903
    endloop
  endfacet
  facet normal 0.514093 0 -0.857735
    outer loop
      vertex 18.5859 30.3009 19.0903
      vertex 17.7093 12.7 18.5649
      vertex 17.7093 30.3009 18.5649
    endloop
  endfacet
  facet normal -0.427615 0 -0.903961
    outer loop
      vertex 33.8303 12.7 19.5273
      vertex 34.7541 30.3009 19.0903
      vertex 34.7541 12.7 19.0903
    endloop
  endfacet
  facet normal -0.427615 0 -0.903961
    outer loop
      vertex 34.7541 30.3009 19.0903
      vertex 33.8303 12.7 19.5273
      vertex 33.8303 30.3009 19.5273
    endloop
  endfacet
  facet normal 0.595686 0 -0.803217
    outer loop
      vertex 16.8884 12.7 17.9561
      vertex 17.7093 30.3009 18.5649
      vertex 17.7093 12.7 18.5649
    endloop
  endfacet
  facet normal 0.595686 0 -0.803217
    outer loop
      vertex 17.7093 30.3009 18.5649
      vertex 16.8884 12.7 17.9561
      vertex 16.8884 30.3009 17.9561
    endloop
  endfacet
  facet normal -0.514093 0 -0.857735
    outer loop
      vertex 34.7541 12.7 19.0903
      vertex 35.6307 30.3009 18.5649
      vertex 35.6307 12.7 18.5649
    endloop
  endfacet
  facet normal -0.514093 0 -0.857735
    outer loop
      vertex 35.6307 30.3009 18.5649
      vertex 34.7541 12.7 19.0903
      vertex 34.7541 30.3009 19.0903
    endloop
  endfacet
  facet normal 0.427615 0 -0.903961
    outer loop
      vertex 18.5859 12.7 19.0903
      vertex 19.5097 30.3009 19.5273
      vertex 19.5097 12.7 19.5273
    endloop
  endfacet
  facet normal 0.427615 0 -0.903961
    outer loop
      vertex 19.5097 30.3009 19.5273
      vertex 18.5859 12.7 19.0903
      vertex 18.5859 30.3009 19.0903
    endloop
  endfacet
  facet normal 0 0 -1
    outer loop
      vertex 23.495 12.7 20.32
      vertex 29.845 30.3009 20.32
      vertex 29.845 12.7 20.32
    endloop
  endfacet
  facet normal -0 0 -1
    outer loop
      vertex 29.845 30.3009 20.32
      vertex 23.495 12.7 20.32
      vertex 23.495 30.3009 20.32
    endloop
  endfacet
  facet normal -0.903961 0 -0.427615
    outer loop
      vertex 39.4663 12.7 13.8913
      vertex 39.0293 30.3009 14.8151
      vertex 39.4663 30.3009 13.8913
    endloop
  endfacet
  facet normal -0.903961 -0 -0.427615
    outer loop
      vertex 39.0293 30.3009 14.8151
      vertex 39.4663 12.7 13.8913
      vertex 39.0293 12.7 14.8151
    endloop
  endfacet
  facet normal 0.803217 0 -0.595686
    outer loop
      vertex 15.4449 12.7 16.5126
      vertex 14.8361 30.3009 15.6917
      vertex 15.4449 30.3009 16.5126
    endloop
  endfacet
  facet normal 0.803217 0 -0.595686
    outer loop
      vertex 14.8361 30.3009 15.6917
      vertex 15.4449 12.7 16.5126
      vertex 14.8361 12.7 15.6917
    endloop
  endfacet
  facet normal -0.242973 0 -0.970033
    outer loop
      vertex 31.8767 12.7 20.1199
      vertex 32.868 30.3009 19.8716
      vertex 32.868 12.7 19.8716
    endloop
  endfacet
  facet normal -0.242973 0 -0.970033
    outer loop
      vertex 32.868 30.3009 19.8716
      vertex 31.8767 12.7 20.1199
      vertex 31.8767 30.3009 20.1199
    endloop
  endfacet
  facet normal 0.671566 0 -0.740944
    outer loop
      vertex 16.1312 12.7 17.2698
      vertex 16.8884 30.3009 17.9561
      vertex 16.8884 12.7 17.9561
    endloop
  endfacet
  facet normal 0.671566 0 -0.740944
    outer loop
      vertex 16.8884 30.3009 17.9561
      vertex 16.1312 12.7 17.2698
      vertex 16.1312 30.3009 17.2698
    endloop
  endfacet
  facet normal -0.998798 0 -0.0490249
    outer loop
      vertex 40.259 12.7 9.906
      vertex 40.2089 30.3009 10.9267
      vertex 40.259 30.3009 9.906
    endloop
  endfacet
  facet normal -0.998798 -0 -0.0490249
    outer loop
      vertex 40.2089 30.3009 10.9267
      vertex 40.259 12.7 9.906
      vertex 40.2089 12.7 10.9267
    endloop
  endfacet
  facet normal -0.803217 0 -0.595686
    outer loop
      vertex 38.5039 12.7 15.6917
      vertex 37.8951 30.3009 16.5126
      vertex 38.5039 30.3009 15.6917
    endloop
  endfacet
  facet normal -0.803217 -0 -0.595686
    outer loop
      vertex 37.8951 30.3009 16.5126
      vertex 38.5039 12.7 15.6917
      vertex 37.8951 12.7 16.5126
    endloop
  endfacet
  facet normal 0.857735 0 -0.514093
    outer loop
      vertex 14.8361 12.7 15.6917
      vertex 14.3107 30.3009 14.8151
      vertex 14.8361 30.3009 15.6917
    endloop
  endfacet
  facet normal 0.857735 0 -0.514093
    outer loop
      vertex 14.3107 30.3009 14.8151
      vertex 14.8361 12.7 15.6917
      vertex 14.3107 12.7 14.8151
    endloop
  endfacet
  facet normal 0.970033 0 -0.242973
    outer loop
      vertex 13.5294 12.7 12.929
      vertex 13.2811 30.3009 11.9377
      vertex 13.5294 30.3009 12.929
    endloop
  endfacet
  facet normal 0.970033 0 -0.242973
    outer loop
      vertex 13.2811 30.3009 11.9377
      vertex 13.5294 12.7 12.929
      vertex 13.2811 12.7 11.9377
    endloop
  endfacet
  facet normal 0.903961 0 -0.427615
    outer loop
      vertex 14.3107 12.7 14.8151
      vertex 13.8737 30.3009 13.8913
      vertex 14.3107 30.3009 14.8151
    endloop
  endfacet
  facet normal 0.903961 0 -0.427615
    outer loop
      vertex 13.8737 30.3009 13.8913
      vertex 14.3107 12.7 14.8151
      vertex 13.8737 12.7 13.8913
    endloop
  endfacet
  facet normal 0.740944 0 -0.671566
    outer loop
      vertex 16.1312 12.7 17.2698
      vertex 15.4449 30.3009 16.5126
      vertex 16.1312 30.3009 17.2698
    endloop
  endfacet
  facet normal 0.740944 0 -0.671566
    outer loop
      vertex 15.4449 30.3009 16.5126
      vertex 16.1312 12.7 17.2698
      vertex 15.4449 12.7 16.5126
    endloop
  endfacet
  facet normal -0.740944 0 -0.671566
    outer loop
      vertex 37.8951 12.7 16.5126
      vertex 37.2088 30.3009 17.2698
      vertex 37.8951 30.3009 16.5126
    endloop
  endfacet
  facet normal -0.740944 -0 -0.671566
    outer loop
      vertex 37.2088 30.3009 17.2698
      vertex 37.8951 12.7 16.5126
      vertex 37.2088 12.7 17.2698
    endloop
  endfacet
  facet normal -1 0 0
    outer loop
      vertex 40.259 12.7 8.89
      vertex 40.259 30.3009 9.906
      vertex 40.259 30.3009 8.89
    endloop
  endfacet
  facet normal -1 -0 0
    outer loop
      vertex 40.259 30.3009 9.906
      vertex 40.259 12.7 8.89
      vertex 40.259 12.7 9.906
    endloop
  endfacet
  facet normal -0.671566 0 -0.740944
    outer loop
      vertex 36.4516 12.7 17.9561
      vertex 37.2088 30.3009 17.2698
      vertex 37.2088 12.7 17.2698
    endloop
  endfacet
  facet normal -0.671566 0 -0.740944
    outer loop
      vertex 37.2088 30.3009 17.2698
      vertex 36.4516 12.7 17.9561
      vertex 36.4516 30.3009 17.9561
    endloop
  endfacet
  facet normal -0.941549 0 -0.336876
    outer loop
      vertex 39.8106 12.7 12.929
      vertex 39.4663 30.3009 13.8913
      vertex 39.8106 30.3009 12.929
    endloop
  endfacet
  facet normal -0.941549 -0 -0.336876
    outer loop
      vertex 39.4663 30.3009 13.8913
      vertex 39.8106 12.7 12.929
      vertex 39.4663 12.7 13.8913
    endloop
  endfacet
  facet normal -0.336876 0 -0.941549
    outer loop
      vertex 32.868 12.7 19.8716
      vertex 33.8303 30.3009 19.5273
      vertex 33.8303 12.7 19.5273
    endloop
  endfacet
  facet normal -0.336876 0 -0.941549
    outer loop
      vertex 33.8303 30.3009 19.5273
      vertex 32.868 12.7 19.8716
      vertex 32.868 30.3009 19.8716
    endloop
  endfacet
  facet normal 1 0 0
    outer loop
      vertex 13.081 30.3009 9.906
      vertex 13.081 28.7134 0
      vertex 13.081 30.3009 1.58749
    endloop
  endfacet
  facet normal 1 -0 0
    outer loop
      vertex 13.081 12.7 9.906
      vertex 13.081 28.7134 0
      vertex 13.081 30.3009 9.906
    endloop
  endfacet
  facet normal 1 0 0
    outer loop
      vertex 13.081 28.7134 0
      vertex 13.081 12.7 9.906
      vertex 13.081 12.7 0
    endloop
  endfacet
  facet normal 0.336876 0 -0.941549
    outer loop
      vertex 19.5097 12.7 19.5273
      vertex 20.472 30.3009 19.8716
      vertex 20.472 12.7 19.8716
    endloop
  endfacet
  facet normal 0.336876 0 -0.941549
    outer loop
      vertex 20.472 30.3009 19.8716
      vertex 19.5097 12.7 19.5273
      vertex 19.5097 30.3009 19.5273
    endloop
  endfacet
  facet normal 0.998798 0 -0.0490249
    outer loop
      vertex 13.1311 12.7 10.9267
      vertex 13.081 30.3009 9.906
      vertex 13.1311 30.3009 10.9267
    endloop
  endfacet
  facet normal 0.998798 0 -0.0490249
    outer loop
      vertex 13.081 30.3009 9.906
      vertex 13.1311 12.7 10.9267
      vertex 13.081 12.7 9.906
    endloop
  endfacet
  facet normal -0.970033 0 -0.242973
    outer loop
      vertex 40.0589 12.7 11.9377
      vertex 39.8106 30.3009 12.929
      vertex 40.0589 30.3009 11.9377
    endloop
  endfacet
  facet normal -0.970033 -0 -0.242973
    outer loop
      vertex 39.8106 30.3009 12.929
      vertex 40.0589 12.7 11.9377
      vertex 39.8106 12.7 12.929
    endloop
  endfacet
  facet normal -0.989172 0 -0.146761
    outer loop
      vertex 40.2089 12.7 10.9267
      vertex 40.0589 30.3009 11.9377
      vertex 40.2089 30.3009 10.9267
    endloop
  endfacet
  facet normal -0.989172 -0 -0.146761
    outer loop
      vertex 40.0589 30.3009 11.9377
      vertex 40.2089 12.7 10.9267
      vertex 40.0589 12.7 11.9377
    endloop
  endfacet
  facet normal -0.857735 0 -0.514093
    outer loop
      vertex 39.0293 12.7 14.8151
      vertex 38.5039 30.3009 15.6917
      vertex 39.0293 30.3009 14.8151
    endloop
  endfacet
  facet normal -0.857735 -0 -0.514093
    outer loop
      vertex 38.5039 30.3009 15.6917
      vertex 39.0293 12.7 14.8151
      vertex 38.5039 12.7 15.6917
    endloop
  endfacet
  facet normal -0.0490249 0 -0.998798
    outer loop
      vertex 29.845 12.7 20.32
      vertex 30.8657 30.3009 20.2699
      vertex 30.8657 12.7 20.2699
    endloop
  endfacet
  facet normal -0.0490249 0 -0.998798
    outer loop
      vertex 30.8657 30.3009 20.2699
      vertex 29.845 12.7 20.32
      vertex 29.845 30.3009 20.32
    endloop
  endfacet
  facet normal -0.146761 0 -0.989172
    outer loop
      vertex 30.8657 12.7 20.2699
      vertex 31.8767 30.3009 20.1199
      vertex 31.8767 12.7 20.1199
    endloop
  endfacet
  facet normal -0.146761 0 -0.989172
    outer loop
      vertex 31.8767 30.3009 20.1199
      vertex 30.8657 12.7 20.2699
      vertex 30.8657 30.3009 20.2699
    endloop
  endfacet
  facet normal 0.242973 0 -0.970033
    outer loop
      vertex 20.472 12.7 19.8716
      vertex 21.4633 30.3009 20.1199
      vertex 21.4633 12.7 20.1199
    endloop
  endfacet
  facet normal 0.242973 0 -0.970033
    outer loop
      vertex 21.4633 30.3009 20.1199
      vertex 20.472 12.7 19.8716
      vertex 20.472 30.3009 19.8716
    endloop
  endfacet
  facet normal -0.595686 0 -0.803217
    outer loop
      vertex 35.6307 12.7 18.5649
      vertex 36.4516 30.3009 17.9561
      vertex 36.4516 12.7 17.9561
    endloop
  endfacet
  facet normal -0.595686 0 -0.803217
    outer loop
      vertex 36.4516 30.3009 17.9561
      vertex 35.6307 12.7 18.5649
      vertex 35.6307 30.3009 18.5649
    endloop
  endfacet
  facet normal 0 1 0
    outer loop
      vertex 29.845 12.7 13.462
      vertex 29.845 12.7 20.32
      vertex 30.8657 12.7 20.2699
    endloop
  endfacet
  facet normal 0 1 0
    outer loop
      vertex 29.845 12.7 20.32
      vertex 29.845 12.7 13.462
      vertex 23.495 12.7 20.32
    endloop
  endfacet
  facet normal 0 1 0
    outer loop
      vertex 30.1935 12.7 13.4449
      vertex 30.8657 12.7 20.2699
      vertex 31.8767 12.7 20.1199
    endloop
  endfacet
  facet normal 0 1 0
    outer loop
      vertex 23.495 12.7 13.462
      vertex 23.495 12.7 20.32
      vertex 29.845 12.7 13.462
    endloop
  endfacet
  facet normal 0 1 0
    outer loop
      vertex 30.5387 12.7 13.3937
      vertex 31.8767 12.7 20.1199
      vertex 32.868 12.7 19.8716
    endloop
  endfacet
  facet normal 0 1 0
    outer loop
      vertex 23.495 12.7 20.32
      vertex 23.495 12.7 13.462
      vertex 22.4742 12.7 20.2699
    endloop
  endfacet
  facet normal 0 1 0
    outer loop
      vertex 30.8773 12.7 13.3089
      vertex 32.868 12.7 19.8716
      vertex 33.8303 12.7 19.5273
    endloop
  endfacet
  facet normal 0 1 -0
    outer loop
      vertex 23.1465 12.7 13.4449
      vertex 22.4742 12.7 20.2699
      vertex 23.495 12.7 13.462
    endloop
  endfacet
  facet normal 0 1 0
    outer loop
      vertex 31.2058 12.7 13.1913
      vertex 33.8303 12.7 19.5273
      vertex 34.7541 12.7 19.0903
    endloop
  endfacet
  facet normal 0 1 0
    outer loop
      vertex 22.4742 12.7 20.2699
      vertex 23.1465 12.7 13.4449
      vertex 21.4633 12.7 20.1199
    endloop
  endfacet
  facet normal 0 1 0
    outer loop
      vertex 31.5213 12.7 13.0421
      vertex 34.7541 12.7 19.0903
      vertex 35.6307 12.7 18.5649
    endloop
  endfacet
  facet normal 0 1 -0
    outer loop
      vertex 22.8013 12.7 13.3937
      vertex 21.4633 12.7 20.1199
      vertex 23.1465 12.7 13.4449
    endloop
  endfacet
  facet normal 0 1 0
    outer loop
      vertex 31.8206 12.7 12.8627
      vertex 35.6307 12.7 18.5649
      vertex 36.4516 12.7 17.9561
    endloop
  endfacet
  facet normal 0 1 0
    outer loop
      vertex 21.4633 12.7 20.1199
      vertex 22.8013 12.7 13.3937
      vertex 20.472 12.7 19.8716
    endloop
  endfacet
  facet normal 0 1 0
    outer loop
      vertex 32.1009 12.7 12.6548
      vertex 36.4516 12.7 17.9561
      vertex 37.2088 12.7 17.2698
    endloop
  endfacet
  facet normal 0 1 -0
    outer loop
      vertex 22.4627 12.7 13.3089
      vertex 20.472 12.7 19.8716
      vertex 22.8013 12.7 13.3937
    endloop
  endfacet
  facet normal 0 1 0
    outer loop
      vertex 32.3595 12.7 12.4205
      vertex 37.2088 12.7 17.2698
      vertex 37.8951 12.7 16.5126
    endloop
  endfacet
  facet normal 0 1 0
    outer loop
      vertex 20.472 12.7 19.8716
      vertex 22.4627 12.7 13.3089
      vertex 19.5097 12.7 19.5273
    endloop
  endfacet
  facet normal 0 1 0
    outer loop
      vertex 32.5938 12.7 12.1619
      vertex 37.8951 12.7 16.5126
      vertex 38.5039 12.7 15.6917
    endloop
  endfacet
  facet normal 0 1 -0
    outer loop
      vertex 22.1342 12.7 13.1913
      vertex 19.5097 12.7 19.5273
      vertex 22.4627 12.7 13.3089
    endloop
  endfacet
  facet normal 0 1 0
    outer loop
      vertex 32.8017 12.7 11.8816
      vertex 38.5039 12.7 15.6917
      vertex 39.0293 12.7 14.8151
    endloop
  endfacet
  facet normal 0 1 0
    outer loop
      vertex 19.5097 12.7 19.5273
      vertex 22.1342 12.7 13.1913
      vertex 18.5859 12.7 19.0903
    endloop
  endfacet
  facet normal 0 1 0
    outer loop
      vertex 32.9811 12.7 11.5823
      vertex 39.0293 12.7 14.8151
      vertex 39.4663 12.7 13.8913
    endloop
  endfacet
  facet normal 0 1 -0
    outer loop
      vertex 21.8187 12.7 13.0421
      vertex 18.5859 12.7 19.0903
      vertex 22.1342 12.7 13.1913
    endloop
  endfacet
  facet normal 0 1 0
    outer loop
      vertex 18.5859 12.7 19.0903
      vertex 21.8187 12.7 13.0421
      vertex 17.7093 12.7 18.5649
    endloop
  endfacet
  facet normal 0 1 0
    outer loop
      vertex 30.8657 12.7 20.2699
      vertex 30.1935 12.7 13.4449
      vertex 29.845 12.7 13.462
    endloop
  endfacet
  facet normal 0 1 0
    outer loop
      vertex 31.8767 12.7 20.1199
      vertex 30.5387 12.7 13.3937
      vertex 30.1935 12.7 13.4449
    endloop
  endfacet
  facet normal 0 1 0
    outer loop
      vertex 32.868 12.7 19.8716
      vertex 30.8773 12.7 13.3089
      vertex 30.5387 12.7 13.3937
    endloop
  endfacet
  facet normal 0 1 0
    outer loop
      vertex 33.8303 12.7 19.5273
      vertex 31.2058 12.7 13.1913
      vertex 30.8773 12.7 13.3089
    endloop
  endfacet
  facet normal 0 1 0
    outer loop
      vertex 34.7541 12.7 19.0903
      vertex 31.5213 12.7 13.0421
      vertex 31.2058 12.7 13.1913
    endloop
  endfacet
  facet normal 0 1 0
    outer loop
      vertex 33.1303 12.7 11.2668
      vertex 39.4663 12.7 13.8913
      vertex 39.8106 12.7 12.929
    endloop
  endfacet
  facet normal 0 1 0
    outer loop
      vertex 35.6307 12.7 18.5649
      vertex 31.8206 12.7 12.8627
      vertex 31.5213 12.7 13.0421
    endloop
  endfacet
  facet normal 0 1 0
    outer loop
      vertex 36.4516 12.7 17.9561
      vertex 32.1009 12.7 12.6548
      vertex 31.8206 12.7 12.8627
    endloop
  endfacet
  facet normal 0 1 0
    outer loop
      vertex 37.2088 12.7 17.2698
      vertex 32.3595 12.7 12.4205
      vertex 32.1009 12.7 12.6548
    endloop
  endfacet
  facet normal 0 1 0
    outer loop
      vertex 37.8951 12.7 16.5126
      vertex 32.5938 12.7 12.1619
      vertex 32.3595 12.7 12.4205
    endloop
  endfacet
  facet normal 0 1 0
    outer loop
      vertex 33.2479 12.7 10.9383
      vertex 39.8106 12.7 12.929
      vertex 40.0589 12.7 11.9377
    endloop
  endfacet
  facet normal 0 1 0
    outer loop
      vertex 38.5039 12.7 15.6917
      vertex 32.8017 12.7 11.8816
      vertex 32.5938 12.7 12.1619
    endloop
  endfacet
  facet normal 0 1 0
    outer loop
      vertex 39.0293 12.7 14.8151
      vertex 32.9811 12.7 11.5823
      vertex 32.8017 12.7 11.8816
    endloop
  endfacet
  facet normal 0 1 0
    outer loop
      vertex 39.4663 12.7 13.8913
      vertex 33.1303 12.7 11.2668
      vertex 32.9811 12.7 11.5823
    endloop
  endfacet
  facet normal 0 1 0
    outer loop
      vertex 39.8106 12.7 12.929
      vertex 33.2479 12.7 10.9383
      vertex 33.1303 12.7 11.2668
    endloop
  endfacet
  facet normal 0 1 0
    outer loop
      vertex 33.3327 12.7 10.5997
      vertex 40.0589 12.7 11.9377
      vertex 40.2089 12.7 10.9267
    endloop
  endfacet
  facet normal 0 1 0
    outer loop
      vertex 40.0589 12.7 11.9377
      vertex 33.3327 12.7 10.5997
      vertex 33.2479 12.7 10.9383
    endloop
  endfacet
  facet normal 0 1 0
    outer loop
      vertex 40.2089 12.7 10.9267
      vertex 33.3839 12.7 10.2545
      vertex 33.3327 12.7 10.5997
    endloop
  endfacet
  facet normal 0 1 0
    outer loop
      vertex 40.259 12.7 9.906
      vertex 33.3839 12.7 10.2545
      vertex 40.2089 12.7 10.9267
    endloop
  endfacet
  facet normal 0 1 0
    outer loop
      vertex 40.259 12.7 9.906
      vertex 33.401 12.7 9.906
      vertex 33.3839 12.7 10.2545
    endloop
  endfacet
  facet normal 0 1 -0
    outer loop
      vertex 40.259 12.7 8.89
      vertex 33.401 12.7 9.906
      vertex 40.259 12.7 9.906
    endloop
  endfacet
  facet normal 0 1 0
    outer loop
      vertex 40.259 12.7 8.89
      vertex 33.401 12.7 7.874
      vertex 33.401 12.7 9.906
    endloop
  endfacet
  facet normal 0 1 0
    outer loop
      vertex 40.259 12.7 8.89
      vertex 33.3839 12.7 7.52545
      vertex 33.401 12.7 7.874
    endloop
  endfacet
  facet normal 0 1 0
    outer loop
      vertex 40.259 12.7 8.89
      vertex 33.3327 12.7 7.18026
      vertex 33.3839 12.7 7.52545
    endloop
  endfacet
  facet normal 0 1 0
    outer loop
      vertex 40.259 12.7 8.89
      vertex 33.2479 12.7 6.84175
      vertex 33.3327 12.7 7.18026
    endloop
  endfacet
  facet normal 0 1 0
    outer loop
      vertex 40.259 12.7 8.89
      vertex 33.1303 12.7 6.51318
      vertex 33.2479 12.7 6.84175
    endloop
  endfacet
  facet normal 0 1 -0
    outer loop
      vertex 40.259 12.7 0
      vertex 33.1303 12.7 6.51318
      vertex 40.259 12.7 8.89
    endloop
  endfacet
  facet normal 0 1 0
    outer loop
      vertex 33.1303 12.7 6.51318
      vertex 40.259 12.7 0
      vertex 32.9811 12.7 6.19771
    endloop
  endfacet
  facet normal 0 1 0
    outer loop
      vertex 32.9811 12.7 6.19771
      vertex 40.259 12.7 0
      vertex 32.8017 12.7 5.89839
    endloop
  endfacet
  facet normal 0 1 0
    outer loop
      vertex 32.8017 12.7 5.89839
      vertex 40.259 12.7 0
      vertex 32.5938 12.7 5.6181
    endloop
  endfacet
  facet normal 0 1 0
    outer loop
      vertex 32.5938 12.7 5.6181
      vertex 40.259 12.7 0
      vertex 32.3595 12.7 5.35953
    endloop
  endfacet
  facet normal 0 1 0
    outer loop
      vertex 32.3595 12.7 5.35953
      vertex 40.259 12.7 0
      vertex 32.1009 12.7 5.12517
    endloop
  endfacet
  facet normal 0 1 0
    outer loop
      vertex 32.1009 12.7 5.12517
      vertex 40.259 12.7 0
      vertex 31.8206 12.7 4.91729
    endloop
  endfacet
  facet normal 0 1 0
    outer loop
      vertex 29.845 12.7 4.318
      vertex 40.259 12.7 0
      vertex 23.495 12.7 4.318
    endloop
  endfacet
  facet normal 0 1 0
    outer loop
      vertex 30.1935 12.7 4.33512
      vertex 40.259 12.7 0
      vertex 29.845 12.7 4.318
    endloop
  endfacet
  facet normal 0 1 0
    outer loop
      vertex 30.5387 12.7 4.38633
      vertex 40.259 12.7 0
      vertex 30.1935 12.7 4.33512
    endloop
  endfacet
  facet normal 0 1 0
    outer loop
      vertex 30.8773 12.7 4.47112
      vertex 40.259 12.7 0
      vertex 30.5387 12.7 4.38633
    endloop
  endfacet
  facet normal 0 1 0
    outer loop
      vertex 31.2058 12.7 4.58868
      vertex 40.259 12.7 0
      vertex 30.8773 12.7 4.47112
    endloop
  endfacet
  facet normal 0 1 0
    outer loop
      vertex 31.5213 12.7 4.73789
      vertex 40.259 12.7 0
      vertex 31.2058 12.7 4.58868
    endloop
  endfacet
  facet normal 0 1 0
    outer loop
      vertex 31.8206 12.7 4.91729
      vertex 40.259 12.7 0
      vertex 31.5213 12.7 4.73789
    endloop
  endfacet
  facet normal 0 1 -0
    outer loop
      vertex 21.5194 12.7 12.8627
      vertex 17.7093 12.7 18.5649
      vertex 21.8187 12.7 13.0421
    endloop
  endfacet
  facet normal 0 1 0
    outer loop
      vertex 17.7093 12.7 18.5649
      vertex 21.5194 12.7 12.8627
      vertex 16.8884 12.7 17.9561
    endloop
  endfacet
  facet normal 0 1 -0
    outer loop
      vertex 21.2391 12.7 12.6548
      vertex 16.8884 12.7 17.9561
      vertex 21.5194 12.7 12.8627
    endloop
  endfacet
  facet normal 0 1 0
    outer loop
      vertex 16.8884 12.7 17.9561
      vertex 21.2391 12.7 12.6548
      vertex 16.1312 12.7 17.2698
    endloop
  endfacet
  facet normal 0 1 -0
    outer loop
      vertex 20.9805 12.7 12.4205
      vertex 16.1312 12.7 17.2698
      vertex 21.2391 12.7 12.6548
    endloop
  endfacet
  facet normal 0 1 0
    outer loop
      vertex 16.1312 12.7 17.2698
      vertex 20.9805 12.7 12.4205
      vertex 15.4449 12.7 16.5126
    endloop
  endfacet
  facet normal 0 1 -0
    outer loop
      vertex 20.7462 12.7 12.1619
      vertex 15.4449 12.7 16.5126
      vertex 20.9805 12.7 12.4205
    endloop
  endfacet
  facet normal 0 1 0
    outer loop
      vertex 15.4449 12.7 16.5126
      vertex 20.7462 12.7 12.1619
      vertex 14.8361 12.7 15.6917
    endloop
  endfacet
  facet normal 0 1 -0
    outer loop
      vertex 20.5383 12.7 11.8816
      vertex 14.8361 12.7 15.6917
      vertex 20.7462 12.7 12.1619
    endloop
  endfacet
  facet normal 0 1 0
    outer loop
      vertex 14.8361 12.7 15.6917
      vertex 20.5383 12.7 11.8816
      vertex 14.3107 12.7 14.8151
    endloop
  endfacet
  facet normal 0 1 -0
    outer loop
      vertex 20.3589 12.7 11.5823
      vertex 14.3107 12.7 14.8151
      vertex 20.5383 12.7 11.8816
    endloop
  endfacet
  facet normal 0 1 0
    outer loop
      vertex 14.3107 12.7 14.8151
      vertex 20.3589 12.7 11.5823
      vertex 13.8737 12.7 13.8913
    endloop
  endfacet
  facet normal 0 1 -0
    outer loop
      vertex 20.2097 12.7 11.2668
      vertex 13.8737 12.7 13.8913
      vertex 20.3589 12.7 11.5823
    endloop
  endfacet
  facet normal 0 1 0
    outer loop
      vertex 13.8737 12.7 13.8913
      vertex 20.2097 12.7 11.2668
      vertex 13.5294 12.7 12.929
    endloop
  endfacet
  facet normal 0 1 -0
    outer loop
      vertex 20.0921 12.7 10.9383
      vertex 13.5294 12.7 12.929
      vertex 20.2097 12.7 11.2668
    endloop
  endfacet
  facet normal 0 1 0
    outer loop
      vertex 13.5294 12.7 12.929
      vertex 20.0921 12.7 10.9383
      vertex 13.2811 12.7 11.9377
    endloop
  endfacet
  facet normal 0 1 -0
    outer loop
      vertex 20.0073 12.7 10.5997
      vertex 13.2811 12.7 11.9377
      vertex 20.0921 12.7 10.9383
    endloop
  endfacet
  facet normal 0 1 0
    outer loop
      vertex 13.2811 12.7 11.9377
      vertex 20.0073 12.7 10.5997
      vertex 13.1311 12.7 10.9267
    endloop
  endfacet
  facet normal 0 1 -0
    outer loop
      vertex 19.9561 12.7 10.2545
      vertex 13.1311 12.7 10.9267
      vertex 20.0073 12.7 10.5997
    endloop
  endfacet
  facet normal 0 1 -0
    outer loop
      vertex 19.939 12.7 9.906
      vertex 13.1311 12.7 10.9267
      vertex 19.9561 12.7 10.2545
    endloop
  endfacet
  facet normal 0 1 0
    outer loop
      vertex 19.939 12.7 9.906
      vertex 13.081 12.7 9.906
      vertex 13.1311 12.7 10.9267
    endloop
  endfacet
  facet normal 0 1 -0
    outer loop
      vertex 19.939 12.7 7.874
      vertex 13.081 12.7 9.906
      vertex 19.939 12.7 9.906
    endloop
  endfacet
  facet normal 0 1 0
    outer loop
      vertex 19.9561 12.7 7.52545
      vertex 13.081 12.7 9.906
      vertex 19.939 12.7 7.874
    endloop
  endfacet
  facet normal 0 1 0
    outer loop
      vertex 20.0073 12.7 7.18026
      vertex 13.081 12.7 9.906
      vertex 19.9561 12.7 7.52545
    endloop
  endfacet
  facet normal 0 1 0
    outer loop
      vertex 20.0921 12.7 6.84175
      vertex 13.081 12.7 9.906
      vertex 20.0073 12.7 7.18026
    endloop
  endfacet
  facet normal 0 1 0
    outer loop
      vertex 13.081 12.7 0
      vertex 20.0921 12.7 6.84175
      vertex 20.2097 12.7 6.51318
    endloop
  endfacet
  facet normal 0 1 0
    outer loop
      vertex 13.081 12.7 0
      vertex 20.2097 12.7 6.51318
      vertex 20.3589 12.7 6.19771
    endloop
  endfacet
  facet normal 0 1 0
    outer loop
      vertex 13.081 12.7 0
      vertex 20.3589 12.7 6.19771
      vertex 20.5383 12.7 5.89839
    endloop
  endfacet
  facet normal 0 1 0
    outer loop
      vertex 13.081 12.7 0
      vertex 20.5383 12.7 5.89839
      vertex 20.7462 12.7 5.6181
    endloop
  endfacet
  facet normal 0 1 0
    outer loop
      vertex 13.081 12.7 0
      vertex 20.7462 12.7 5.6181
      vertex 20.9805 12.7 5.35953
    endloop
  endfacet
  facet normal 0 1 0
    outer loop
      vertex 13.081 12.7 0
      vertex 20.9805 12.7 5.35953
      vertex 21.2391 12.7 5.12517
    endloop
  endfacet
  facet normal 0 1 0
    outer loop
      vertex 13.081 12.7 0
      vertex 21.2391 12.7 5.12517
      vertex 21.5194 12.7 4.91729
    endloop
  endfacet
  facet normal 0 1 0
    outer loop
      vertex 13.081 12.7 0
      vertex 21.5194 12.7 4.91729
      vertex 21.8187 12.7 4.73789
    endloop
  endfacet
  facet normal 0 1 0
    outer loop
      vertex 13.081 12.7 0
      vertex 23.495 12.7 4.318
      vertex 40.259 12.7 0
    endloop
  endfacet
  facet normal 0 1 0
    outer loop
      vertex 23.495 12.7 4.318
      vertex 13.081 12.7 0
      vertex 23.1465 12.7 4.33512
    endloop
  endfacet
  facet normal 0 1 0
    outer loop
      vertex 23.1465 12.7 4.33512
      vertex 13.081 12.7 0
      vertex 22.8013 12.7 4.38633
    endloop
  endfacet
  facet normal 0 1 0
    outer loop
      vertex 20.0921 12.7 6.84175
      vertex 13.081 12.7 0
      vertex 13.081 12.7 9.906
    endloop
  endfacet
  facet normal 0 1 0
    outer loop
      vertex 22.1342 12.7 4.58868
      vertex 13.081 12.7 0
      vertex 21.8187 12.7 4.73789
    endloop
  endfacet
  facet normal 0 1 0
    outer loop
      vertex 22.4627 12.7 4.47112
      vertex 13.081 12.7 0
      vertex 22.1342 12.7 4.58868
    endloop
  endfacet
  facet normal 0 1 0
    outer loop
      vertex 22.8013 12.7 4.38633
      vertex 13.081 12.7 0
      vertex 22.4627 12.7 4.47112
    endloop
  endfacet
  facet normal 0.146776 0 -0.98917
    outer loop
      vertex 21.4633 12.7 20.1199
      vertex 22.4742 30.3009 20.2699
      vertex 22.4742 12.7 20.2699
    endloop
  endfacet
  facet normal 0.146776 0 -0.98917
    outer loop
      vertex 22.4742 30.3009 20.2699
      vertex 21.4633 12.7 20.1199
      vertex 21.4633 30.3009 20.1199
    endloop
  endfacet
  facet normal 0.0490202 0 -0.998798
    outer loop
      vertex 22.4742 12.7 20.2699
      vertex 23.495 30.3009 20.32
      vertex 23.495 12.7 20.32
    endloop
  endfacet
  facet normal 0.0490202 0 -0.998798
    outer loop
      vertex 23.495 30.3009 20.32
      vertex 22.4742 12.7 20.2699
      vertex 22.4742 30.3009 20.2699
    endloop
  endfacet
  facet normal -1 0 0
    outer loop
      vertex 40.259 28.7134 0
      vertex 40.259 30.3009 8.89
      vertex 40.259 30.3009 1.58749
    endloop
  endfacet
  facet normal -1 0 0
    outer loop
      vertex 40.259 12.7 8.89
      vertex 40.259 28.7134 0
      vertex 40.259 12.7 0
    endloop
  endfacet
  facet normal -1 0 0
    outer loop
      vertex 40.259 28.7134 0
      vertex 40.259 12.7 8.89
      vertex 40.259 30.3009 8.89
    endloop
  endfacet
  facet normal 0.941549 0 -0.336876
    outer loop
      vertex 74.8337 12.7 13.8913
      vertex 74.4894 30.3009 12.929
      vertex 74.8337 30.3009 13.8913
    endloop
  endfacet
  facet normal 0.941549 0 -0.336876
    outer loop
      vertex 74.4894 30.3009 12.929
      vertex 74.8337 12.7 13.8913
      vertex 74.4894 12.7 12.929
    endloop
  endfacet
  facet normal 0.989172 0 -0.146761
    outer loop
      vertex 74.2411 12.7 11.9377
      vertex 74.0911 30.3009 10.9267
      vertex 74.2411 30.3009 11.9377
    endloop
  endfacet
  facet normal 0.989172 0 -0.146761
    outer loop
      vertex 74.0911 30.3009 10.9267
      vertex 74.2411 12.7 11.9377
      vertex 74.0911 12.7 10.9267
    endloop
  endfacet
  facet normal 0.514093 0 -0.857735
    outer loop
      vertex 78.6693 12.7 18.5649
      vertex 79.5459 30.3009 19.0903
      vertex 79.5459 12.7 19.0903
    endloop
  endfacet
  facet normal 0.514093 0 -0.857735
    outer loop
      vertex 79.5459 30.3009 19.0903
      vertex 78.6693 12.7 18.5649
      vertex 78.6693 30.3009 18.5649
    endloop
  endfacet
  facet normal 0.998798 0 -0.0490249
    outer loop
      vertex 74.0911 12.7 10.9267
      vertex 74.041 30.3009 9.906
      vertex 74.0911 30.3009 10.9267
    endloop
  endfacet
  facet normal 0.998798 0 -0.0490249
    outer loop
      vertex 74.041 30.3009 9.906
      vertex 74.0911 12.7 10.9267
      vertex 74.041 12.7 9.906
    endloop
  endfacet
  facet normal -0.427615 0 -0.903961
    outer loop
      vertex 94.7903 12.7 19.5273
      vertex 95.7141 30.3009 19.0903
      vertex 95.7141 12.7 19.0903
    endloop
  endfacet
  facet normal -0.427615 0 -0.903961
    outer loop
      vertex 95.7141 30.3009 19.0903
      vertex 94.7903 12.7 19.5273
      vertex 94.7903 30.3009 19.5273
    endloop
  endfacet
  facet normal 0.595686 0 -0.803217
    outer loop
      vertex 77.8484 12.7 17.9561
      vertex 78.6693 30.3009 18.5649
      vertex 78.6693 12.7 18.5649
    endloop
  endfacet
  facet normal 0.595686 0 -0.803217
    outer loop
      vertex 78.6693 30.3009 18.5649
      vertex 77.8484 12.7 17.9561
      vertex 77.8484 30.3009 17.9561
    endloop
  endfacet
  facet normal -0.514093 0 -0.857735
    outer loop
      vertex 95.7141 12.7 19.0903
      vertex 96.5907 30.3009 18.5649
      vertex 96.5907 12.7 18.5649
    endloop
  endfacet
  facet normal -0.514093 0 -0.857735
    outer loop
      vertex 96.5907 30.3009 18.5649
      vertex 95.7141 12.7 19.0903
      vertex 95.7141 30.3009 19.0903
    endloop
  endfacet
  facet normal 0.427615 0 -0.903961
    outer loop
      vertex 79.5459 12.7 19.0903
      vertex 80.4697 30.3009 19.5273
      vertex 80.4697 12.7 19.5273
    endloop
  endfacet
  facet normal 0.427615 0 -0.903961
    outer loop
      vertex 80.4697 30.3009 19.5273
      vertex 79.5459 12.7 19.0903
      vertex 79.5459 30.3009 19.0903
    endloop
  endfacet
  facet normal 0 0 -1
    outer loop
      vertex 84.455 12.7 20.32
      vertex 90.805 30.3009 20.32
      vertex 90.805 12.7 20.32
    endloop
  endfacet
  facet normal -0 0 -1
    outer loop
      vertex 90.805 30.3009 20.32
      vertex 84.455 12.7 20.32
      vertex 84.455 30.3009 20.32
    endloop
  endfacet
  facet normal -0.904074 0 -0.427375
    outer loop
      vertex 100.426 12.7 13.8913
      vertex 99.9893 30.3009 14.8151
      vertex 100.426 30.3009 13.8913
    endloop
  endfacet
  facet normal -0.904074 -0 -0.427375
    outer loop
      vertex 99.9893 30.3009 14.8151
      vertex 100.426 12.7 13.8913
      vertex 99.9893 12.7 14.8151
    endloop
  endfacet
  facet normal 0.803217 0 -0.595686
    outer loop
      vertex 76.4049 12.7 16.5126
      vertex 75.7961 30.3009 15.6917
      vertex 76.4049 30.3009 16.5126
    endloop
  endfacet
  facet normal 0.803217 0 -0.595686
    outer loop
      vertex 75.7961 30.3009 15.6917
      vertex 76.4049 12.7 16.5126
      vertex 75.7961 12.7 15.6917
    endloop
  endfacet
  facet normal -0.242973 0 -0.970033
    outer loop
      vertex 92.8367 12.7 20.1199
      vertex 93.828 30.3009 19.8716
      vertex 93.828 12.7 19.8716
    endloop
  endfacet
  facet normal -0.242973 0 -0.970033
    outer loop
      vertex 93.828 30.3009 19.8716
      vertex 92.8367 12.7 20.1199
      vertex 92.8367 30.3009 20.1199
    endloop
  endfacet
  facet normal 0.671566 0 -0.740944
    outer loop
      vertex 77.0912 12.7 17.2698
      vertex 77.8484 30.3009 17.9561
      vertex 77.8484 12.7 17.9561
    endloop
  endfacet
  facet normal 0.671566 0 -0.740944
    outer loop
      vertex 77.8484 30.3009 17.9561
      vertex 77.0912 12.7 17.2698
      vertex 77.0912 30.3009 17.2698
    endloop
  endfacet
  facet normal -0.998802 0 -0.0489273
    outer loop
      vertex 101.219 12.7 9.906
      vertex 101.169 30.3009 10.9267
      vertex 101.219 30.3009 9.906
    endloop
  endfacet
  facet normal -0.998802 -0 -0.0489273
    outer loop
      vertex 101.169 30.3009 10.9267
      vertex 101.219 12.7 9.906
      vertex 101.169 12.7 10.9267
    endloop
  endfacet
  facet normal -0.803217 0 -0.595686
    outer loop
      vertex 99.4639 12.7 15.6917
      vertex 98.8551 30.3009 16.5126
      vertex 99.4639 30.3009 15.6917
    endloop
  endfacet
  facet normal -0.803217 -0 -0.595686
    outer loop
      vertex 98.8551 30.3009 16.5126
      vertex 99.4639 12.7 15.6917
      vertex 98.8551 12.7 16.5126
    endloop
  endfacet
  facet normal 0.857735 0 -0.514093
    outer loop
      vertex 75.7961 12.7 15.6917
      vertex 75.2707 30.3009 14.8151
      vertex 75.7961 30.3009 15.6917
    endloop
  endfacet
  facet normal 0.857735 0 -0.514093
    outer loop
      vertex 75.2707 30.3009 14.8151
      vertex 75.7961 12.7 15.6917
      vertex 75.2707 12.7 14.8151
    endloop
  endfacet
  facet normal 0.970033 0 -0.242973
    outer loop
      vertex 74.4894 12.7 12.929
      vertex 74.2411 30.3009 11.9377
      vertex 74.4894 30.3009 12.929
    endloop
  endfacet
  facet normal 0.970033 0 -0.242973
    outer loop
      vertex 74.2411 30.3009 11.9377
      vertex 74.4894 12.7 12.929
      vertex 74.2411 12.7 11.9377
    endloop
  endfacet
  facet normal 0.903961 0 -0.427615
    outer loop
      vertex 75.2707 12.7 14.8151
      vertex 74.8337 30.3009 13.8913
      vertex 75.2707 30.3009 14.8151
    endloop
  endfacet
  facet normal 0.903961 0 -0.427615
    outer loop
      vertex 74.8337 30.3009 13.8913
      vertex 75.2707 12.7 14.8151
      vertex 74.8337 12.7 13.8913
    endloop
  endfacet
  facet normal 0.740944 0 -0.671566
    outer loop
      vertex 77.0912 12.7 17.2698
      vertex 76.4049 30.3009 16.5126
      vertex 77.0912 30.3009 17.2698
    endloop
  endfacet
  facet normal 0.740944 0 -0.671566
    outer loop
      vertex 76.4049 30.3009 16.5126
      vertex 77.0912 12.7 17.2698
      vertex 76.4049 12.7 16.5126
    endloop
  endfacet
  facet normal -0.740944 0 -0.671566
    outer loop
      vertex 98.8551 12.7 16.5126
      vertex 98.1688 30.3009 17.2698
      vertex 98.8551 30.3009 16.5126
    endloop
  endfacet
  facet normal -0.740944 -0 -0.671566
    outer loop
      vertex 98.1688 30.3009 17.2698
      vertex 98.8551 12.7 16.5126
      vertex 98.1688 12.7 17.2698
    endloop
  endfacet
  facet normal -1 0 0
    outer loop
      vertex 101.219 12.7 8.89
      vertex 101.219 30.3009 9.906
      vertex 101.219 30.3009 8.89
    endloop
  endfacet
  facet normal -1 -0 0
    outer loop
      vertex 101.219 30.3009 9.906
      vertex 101.219 12.7 8.89
      vertex 101.219 12.7 9.906
    endloop
  endfacet
  facet normal -0.671566 0 -0.740944
    outer loop
      vertex 97.4116 12.7 17.9561
      vertex 98.1688 30.3009 17.2698
      vertex 98.1688 12.7 17.2698
    endloop
  endfacet
  facet normal -0.671566 0 -0.740944
    outer loop
      vertex 98.1688 30.3009 17.2698
      vertex 97.4116 12.7 17.9561
      vertex 97.4116 30.3009 17.9561
    endloop
  endfacet
  facet normal -0.941332 0 -0.337483
    outer loop
      vertex 100.771 12.7 12.929
      vertex 100.426 30.3009 13.8913
      vertex 100.771 30.3009 12.929
    endloop
  endfacet
  facet normal -0.941332 -0 -0.337483
    outer loop
      vertex 100.426 30.3009 13.8913
      vertex 100.771 12.7 12.929
      vertex 100.426 12.7 13.8913
    endloop
  endfacet
  facet normal -0.336876 0 -0.941549
    outer loop
      vertex 93.828 12.7 19.8716
      vertex 94.7903 30.3009 19.5273
      vertex 94.7903 12.7 19.5273
    endloop
  endfacet
  facet normal -0.336876 0 -0.941549
    outer loop
      vertex 94.7903 30.3009 19.5273
      vertex 93.828 12.7 19.8716
      vertex 93.828 30.3009 19.8716
    endloop
  endfacet
  facet normal 1 0 0
    outer loop
      vertex 74.041 30.3009 9.906
      vertex 74.041 28.7134 0
      vertex 74.041 30.3009 1.58749
    endloop
  endfacet
  facet normal 1 -0 0
    outer loop
      vertex 74.041 12.7 9.906
      vertex 74.041 28.7134 0
      vertex 74.041 30.3009 9.906
    endloop
  endfacet
  facet normal 1 0 0
    outer loop
      vertex 74.041 28.7134 0
      vertex 74.041 12.7 9.906
      vertex 74.041 12.7 0
    endloop
  endfacet
  facet normal 0.336876 0 -0.941549
    outer loop
      vertex 80.4697 12.7 19.5273
      vertex 81.432 30.3009 19.8716
      vertex 81.432 12.7 19.8716
    endloop
  endfacet
  facet normal 0.336876 0 -0.941549
    outer loop
      vertex 81.432 30.3009 19.8716
      vertex 80.4697 12.7 19.5273
      vertex 80.4697 30.3009 19.5273
    endloop
  endfacet
  facet normal -0.970102 0 -0.242697
    outer loop
      vertex 101.019 12.7 11.9377
      vertex 100.771 30.3009 12.929
      vertex 101.019 30.3009 11.9377
    endloop
  endfacet
  facet normal -0.970102 -0 -0.242697
    outer loop
      vertex 100.771 30.3009 12.929
      vertex 101.019 12.7 11.9377
      vertex 100.771 12.7 12.929
    endloop
  endfacet
  facet normal -0.989172 0 -0.146761
    outer loop
      vertex 101.169 12.7 10.9267
      vertex 101.019 30.3009 11.9377
      vertex 101.169 30.3009 10.9267
    endloop
  endfacet
  facet normal -0.989172 -0 -0.146761
    outer loop
      vertex 101.019 30.3009 11.9377
      vertex 101.169 12.7 10.9267
      vertex 101.019 12.7 11.9377
    endloop
  endfacet
  facet normal -0.857735 0 -0.514093
    outer loop
      vertex 99.9893 12.7 14.8151
      vertex 99.4639 30.3009 15.6917
      vertex 99.9893 30.3009 14.8151
    endloop
  endfacet
  facet normal -0.857735 -0 -0.514093
    outer loop
      vertex 99.4639 30.3009 15.6917
      vertex 99.9893 12.7 14.8151
      vertex 99.4639 12.7 15.6917
    endloop
  endfacet
  facet normal -0.0490202 0 -0.998798
    outer loop
      vertex 90.805 12.7 20.32
      vertex 91.8258 30.3009 20.2699
      vertex 91.8258 12.7 20.2699
    endloop
  endfacet
  facet normal -0.0490202 0 -0.998798
    outer loop
      vertex 91.8258 30.3009 20.2699
      vertex 90.805 12.7 20.32
      vertex 90.805 30.3009 20.32
    endloop
  endfacet
  facet normal -0.146776 0 -0.98917
    outer loop
      vertex 91.8258 12.7 20.2699
      vertex 92.8367 30.3009 20.1199
      vertex 92.8367 12.7 20.1199
    endloop
  endfacet
  facet normal -0.146776 0 -0.98917
    outer loop
      vertex 92.8367 30.3009 20.1199
      vertex 91.8258 12.7 20.2699
      vertex 91.8258 30.3009 20.2699
    endloop
  endfacet
  facet normal 0.242973 0 -0.970033
    outer loop
      vertex 81.432 12.7 19.8716
      vertex 82.4233 30.3009 20.1199
      vertex 82.4233 12.7 20.1199
    endloop
  endfacet
  facet normal 0.242973 0 -0.970033
    outer loop
      vertex 82.4233 30.3009 20.1199
      vertex 81.432 12.7 19.8716
      vertex 81.432 30.3009 19.8716
    endloop
  endfacet
  facet normal 0.146776 0 -0.98917
    outer loop
      vertex 82.4233 12.7 20.1199
      vertex 83.4342 30.3009 20.2699
      vertex 83.4342 12.7 20.2699
    endloop
  endfacet
  facet normal 0.146776 0 -0.98917
    outer loop
      vertex 83.4342 30.3009 20.2699
      vertex 82.4233 12.7 20.1199
      vertex 82.4233 30.3009 20.1199
    endloop
  endfacet
  facet normal -0.595686 0 -0.803217
    outer loop
      vertex 96.5907 12.7 18.5649
      vertex 97.4116 30.3009 17.9561
      vertex 97.4116 12.7 17.9561
    endloop
  endfacet
  facet normal -0.595686 0 -0.803217
    outer loop
      vertex 97.4116 30.3009 17.9561
      vertex 96.5907 12.7 18.5649
      vertex 96.5907 30.3009 18.5649
    endloop
  endfacet
  facet normal 0 1 0
    outer loop
      vertex 90.805 12.7 13.462
      vertex 90.805 12.7 20.32
      vertex 91.8258 12.7 20.2699
    endloop
  endfacet
  facet normal 0 1 0
    outer loop
      vertex 90.805 12.7 20.32
      vertex 90.805 12.7 13.462
      vertex 84.455 12.7 20.32
    endloop
  endfacet
  facet normal 0 1 0
    outer loop
      vertex 91.1535 12.7 13.4449
      vertex 91.8258 12.7 20.2699
      vertex 92.8367 12.7 20.1199
    endloop
  endfacet
  facet normal 0 1 0
    outer loop
      vertex 84.455 12.7 13.462
      vertex 84.455 12.7 20.32
      vertex 90.805 12.7 13.462
    endloop
  endfacet
  facet normal 0 1 0
    outer loop
      vertex 91.4987 12.7 13.3937
      vertex 92.8367 12.7 20.1199
      vertex 93.828 12.7 19.8716
    endloop
  endfacet
  facet normal 0 1 0
    outer loop
      vertex 84.455 12.7 20.32
      vertex 84.455 12.7 13.462
      vertex 83.4342 12.7 20.2699
    endloop
  endfacet
  facet normal 0 1 0
    outer loop
      vertex 91.8372 12.7 13.3089
      vertex 93.828 12.7 19.8716
      vertex 94.7903 12.7 19.5273
    endloop
  endfacet
  facet normal 0 1 -0
    outer loop
      vertex 84.1065 12.7 13.4449
      vertex 83.4342 12.7 20.2699
      vertex 84.455 12.7 13.462
    endloop
  endfacet
  facet normal 0 1 0
    outer loop
      vertex 92.1658 12.7 13.1913
      vertex 94.7903 12.7 19.5273
      vertex 95.7141 12.7 19.0903
    endloop
  endfacet
  facet normal 0 1 0
    outer loop
      vertex 83.4342 12.7 20.2699
      vertex 84.1065 12.7 13.4449
      vertex 82.4233 12.7 20.1199
    endloop
  endfacet
  facet normal 0 1 0
    outer loop
      vertex 92.4813 12.7 13.0421
      vertex 95.7141 12.7 19.0903
      vertex 96.5907 12.7 18.5649
    endloop
  endfacet
  facet normal 0 1 -0
    outer loop
      vertex 83.7613 12.7 13.3937
      vertex 82.4233 12.7 20.1199
      vertex 84.1065 12.7 13.4449
    endloop
  endfacet
  facet normal 0 1 0
    outer loop
      vertex 92.7806 12.7 12.8627
      vertex 96.5907 12.7 18.5649
      vertex 97.4116 12.7 17.9561
    endloop
  endfacet
  facet normal 0 1 0
    outer loop
      vertex 82.4233 12.7 20.1199
      vertex 83.7613 12.7 13.3937
      vertex 81.432 12.7 19.8716
    endloop
  endfacet
  facet normal 0 1 0
    outer loop
      vertex 93.0609 12.7 12.6548
      vertex 97.4116 12.7 17.9561
      vertex 98.1688 12.7 17.2698
    endloop
  endfacet
  facet normal 0 1 -0
    outer loop
      vertex 83.4227 12.7 13.3089
      vertex 81.432 12.7 19.8716
      vertex 83.7613 12.7 13.3937
    endloop
  endfacet
  facet normal 0 1 0
    outer loop
      vertex 93.3195 12.7 12.4205
      vertex 98.1688 12.7 17.2698
      vertex 98.8551 12.7 16.5126
    endloop
  endfacet
  facet normal 0 1 0
    outer loop
      vertex 81.432 12.7 19.8716
      vertex 83.4227 12.7 13.3089
      vertex 80.4697 12.7 19.5273
    endloop
  endfacet
  facet normal 0 1 0
    outer loop
      vertex 93.5538 12.7 12.1619
      vertex 98.8551 12.7 16.5126
      vertex 99.4639 12.7 15.6917
    endloop
  endfacet
  facet normal 0 1 -0
    outer loop
      vertex 83.0942 12.7 13.1913
      vertex 80.4697 12.7 19.5273
      vertex 83.4227 12.7 13.3089
    endloop
  endfacet
  facet normal 0 1 0
    outer loop
      vertex 93.7617 12.7 11.8816
      vertex 99.4639 12.7 15.6917
      vertex 99.9893 12.7 14.8151
    endloop
  endfacet
  facet normal 0 1 0
    outer loop
      vertex 80.4697 12.7 19.5273
      vertex 83.0942 12.7 13.1913
      vertex 79.5459 12.7 19.0903
    endloop
  endfacet
  facet normal 0 1 0
    outer loop
      vertex 93.9411 12.7 11.5823
      vertex 99.9893 12.7 14.8151
      vertex 100.426 12.7 13.8913
    endloop
  endfacet
  facet normal 0 1 -0
    outer loop
      vertex 82.7787 12.7 13.0421
      vertex 79.5459 12.7 19.0903
      vertex 83.0942 12.7 13.1913
    endloop
  endfacet
  facet normal 0 1 0
    outer loop
      vertex 79.5459 12.7 19.0903
      vertex 82.7787 12.7 13.0421
      vertex 78.6693 12.7 18.5649
    endloop
  endfacet
  facet normal 0 1 0
    outer loop
      vertex 91.8258 12.7 20.2699
      vertex 91.1535 12.7 13.4449
      vertex 90.805 12.7 13.462
    endloop
  endfacet
  facet normal 0 1 0
    outer loop
      vertex 92.8367 12.7 20.1199
      vertex 91.4987 12.7 13.3937
      vertex 91.1535 12.7 13.4449
    endloop
  endfacet
  facet normal 0 1 0
    outer loop
      vertex 93.828 12.7 19.8716
      vertex 91.8372 12.7 13.3089
      vertex 91.4987 12.7 13.3937
    endloop
  endfacet
  facet normal 0 1 0
    outer loop
      vertex 94.7903 12.7 19.5273
      vertex 92.1658 12.7 13.1913
      vertex 91.8372 12.7 13.3089
    endloop
  endfacet
  facet normal 0 1 0
    outer loop
      vertex 95.7141 12.7 19.0903
      vertex 92.4813 12.7 13.0421
      vertex 92.1658 12.7 13.1913
    endloop
  endfacet
  facet normal 0 1 0
    outer loop
      vertex 94.0903 12.7 11.2668
      vertex 100.426 12.7 13.8913
      vertex 100.771 12.7 12.929
    endloop
  endfacet
  facet normal 0 1 0
    outer loop
      vertex 96.5907 12.7 18.5649
      vertex 92.7806 12.7 12.8627
      vertex 92.4813 12.7 13.0421
    endloop
  endfacet
  facet normal 0 1 0
    outer loop
      vertex 97.4116 12.7 17.9561
      vertex 93.0609 12.7 12.6548
      vertex 92.7806 12.7 12.8627
    endloop
  endfacet
  facet normal 0 1 0
    outer loop
      vertex 98.1688 12.7 17.2698
      vertex 93.3195 12.7 12.4205
      vertex 93.0609 12.7 12.6548
    endloop
  endfacet
  facet normal 0 1 0
    outer loop
      vertex 98.8551 12.7 16.5126
      vertex 93.5538 12.7 12.1619
      vertex 93.3195 12.7 12.4205
    endloop
  endfacet
  facet normal 0 1 0
    outer loop
      vertex 94.2079 12.7 10.9383
      vertex 100.771 12.7 12.929
      vertex 101.019 12.7 11.9377
    endloop
  endfacet
  facet normal 0 1 0
    outer loop
      vertex 99.4639 12.7 15.6917
      vertex 93.7617 12.7 11.8816
      vertex 93.5538 12.7 12.1619
    endloop
  endfacet
  facet normal 0 1 0
    outer loop
      vertex 99.9893 12.7 14.8151
      vertex 93.9411 12.7 11.5823
      vertex 93.7617 12.7 11.8816
    endloop
  endfacet
  facet normal 0 1 0
    outer loop
      vertex 100.426 12.7 13.8913
      vertex 94.0903 12.7 11.2668
      vertex 93.9411 12.7 11.5823
    endloop
  endfacet
  facet normal 0 1 0
    outer loop
      vertex 100.771 12.7 12.929
      vertex 94.2079 12.7 10.9383
      vertex 94.0903 12.7 11.2668
    endloop
  endfacet
  facet normal 0 1 0
    outer loop
      vertex 94.2927 12.7 10.5997
      vertex 101.019 12.7 11.9377
      vertex 101.169 12.7 10.9267
    endloop
  endfacet
  facet normal 0 1 0
    outer loop
      vertex 101.019 12.7 11.9377
      vertex 94.2927 12.7 10.5997
      vertex 94.2079 12.7 10.9383
    endloop
  endfacet
  facet normal 0 1 0
    outer loop
      vertex 101.169 12.7 10.9267
      vertex 94.3439 12.7 10.2545
      vertex 94.2927 12.7 10.5997
    endloop
  endfacet
  facet normal 0 1 0
    outer loop
      vertex 101.219 12.7 9.906
      vertex 94.3439 12.7 10.2545
      vertex 101.169 12.7 10.9267
    endloop
  endfacet
  facet normal 0 1 0
    outer loop
      vertex 101.219 12.7 9.906
      vertex 94.361 12.7 9.906
      vertex 94.3439 12.7 10.2545
    endloop
  endfacet
  facet normal 0 1 -0
    outer loop
      vertex 101.219 12.7 8.89
      vertex 94.361 12.7 9.906
      vertex 101.219 12.7 9.906
    endloop
  endfacet
  facet normal 0 1 0
    outer loop
      vertex 101.219 12.7 8.89
      vertex 94.361 12.7 7.874
      vertex 94.361 12.7 9.906
    endloop
  endfacet
  facet normal 0 1 0
    outer loop
      vertex 101.219 12.7 8.89
      vertex 94.3439 12.7 7.52545
      vertex 94.361 12.7 7.874
    endloop
  endfacet
  facet normal 0 1 0
    outer loop
      vertex 101.219 12.7 8.89
      vertex 94.2927 12.7 7.18026
      vertex 94.3439 12.7 7.52545
    endloop
  endfacet
  facet normal 0 1 0
    outer loop
      vertex 101.219 12.7 8.89
      vertex 94.2079 12.7 6.84175
      vertex 94.2927 12.7 7.18026
    endloop
  endfacet
  facet normal 0 1 0
    outer loop
      vertex 101.219 12.7 8.89
      vertex 94.0903 12.7 6.51318
      vertex 94.2079 12.7 6.84175
    endloop
  endfacet
  facet normal 0 1 -0
    outer loop
      vertex 101.219 12.7 0
      vertex 94.0903 12.7 6.51318
      vertex 101.219 12.7 8.89
    endloop
  endfacet
  facet normal 0 1 0
    outer loop
      vertex 94.0903 12.7 6.51318
      vertex 101.219 12.7 0
      vertex 93.9411 12.7 6.19771
    endloop
  endfacet
  facet normal 0 1 0
    outer loop
      vertex 93.9411 12.7 6.19771
      vertex 101.219 12.7 0
      vertex 93.7617 12.7 5.89839
    endloop
  endfacet
  facet normal 0 1 0
    outer loop
      vertex 93.7617 12.7 5.89839
      vertex 101.219 12.7 0
      vertex 93.5538 12.7 5.6181
    endloop
  endfacet
  facet normal 0 1 0
    outer loop
      vertex 93.5538 12.7 5.6181
      vertex 101.219 12.7 0
      vertex 93.3195 12.7 5.35953
    endloop
  endfacet
  facet normal 0 1 0
    outer loop
      vertex 93.3195 12.7 5.35953
      vertex 101.219 12.7 0
      vertex 93.0609 12.7 5.12517
    endloop
  endfacet
  facet normal 0 1 0
    outer loop
      vertex 93.0609 12.7 5.12517
      vertex 101.219 12.7 0
      vertex 92.7806 12.7 4.91729
    endloop
  endfacet
  facet normal 0 1 0
    outer loop
      vertex 90.805 12.7 4.318
      vertex 101.219 12.7 0
      vertex 84.455 12.7 4.318
    endloop
  endfacet
  facet normal 0 1 0
    outer loop
      vertex 91.1535 12.7 4.33512
      vertex 101.219 12.7 0
      vertex 90.805 12.7 4.318
    endloop
  endfacet
  facet normal 0 1 0
    outer loop
      vertex 91.4987 12.7 4.38633
      vertex 101.219 12.7 0
      vertex 91.1535 12.7 4.33512
    endloop
  endfacet
  facet normal 0 1 0
    outer loop
      vertex 91.8372 12.7 4.47112
      vertex 101.219 12.7 0
      vertex 91.4987 12.7 4.38633
    endloop
  endfacet
  facet normal 0 1 0
    outer loop
      vertex 92.1658 12.7 4.58868
      vertex 101.219 12.7 0
      vertex 91.8372 12.7 4.47112
    endloop
  endfacet
  facet normal 0 1 0
    outer loop
      vertex 92.4813 12.7 4.73789
      vertex 101.219 12.7 0
      vertex 92.1658 12.7 4.58868
    endloop
  endfacet
  facet normal 0 1 0
    outer loop
      vertex 92.7806 12.7 4.91729
      vertex 101.219 12.7 0
      vertex 92.4813 12.7 4.73789
    endloop
  endfacet
  facet normal 0 1 -0
    outer loop
      vertex 82.4794 12.7 12.8627
      vertex 78.6693 12.7 18.5649
      vertex 82.7787 12.7 13.0421
    endloop
  endfacet
  facet normal 0 1 0
    outer loop
      vertex 78.6693 12.7 18.5649
      vertex 82.4794 12.7 12.8627
      vertex 77.8484 12.7 17.9561
    endloop
  endfacet
  facet normal 0 1 -0
    outer loop
      vertex 82.1991 12.7 12.6548
      vertex 77.8484 12.7 17.9561
      vertex 82.4794 12.7 12.8627
    endloop
  endfacet
  facet normal 0 1 0
    outer loop
      vertex 77.8484 12.7 17.9561
      vertex 82.1991 12.7 12.6548
      vertex 77.0912 12.7 17.2698
    endloop
  endfacet
  facet normal 0 1 -0
    outer loop
      vertex 81.9405 12.7 12.4205
      vertex 77.0912 12.7 17.2698
      vertex 82.1991 12.7 12.6548
    endloop
  endfacet
  facet normal 0 1 0
    outer loop
      vertex 77.0912 12.7 17.2698
      vertex 81.9405 12.7 12.4205
      vertex 76.4049 12.7 16.5126
    endloop
  endfacet
  facet normal 0 1 -0
    outer loop
      vertex 81.7062 12.7 12.1619
      vertex 76.4049 12.7 16.5126
      vertex 81.9405 12.7 12.4205
    endloop
  endfacet
  facet normal 0 1 0
    outer loop
      vertex 76.4049 12.7 16.5126
      vertex 81.7062 12.7 12.1619
      vertex 75.7961 12.7 15.6917
    endloop
  endfacet
  facet normal 0 1 -0
    outer loop
      vertex 81.4983 12.7 11.8816
      vertex 75.7961 12.7 15.6917
      vertex 81.7062 12.7 12.1619
    endloop
  endfacet
  facet normal 0 1 0
    outer loop
      vertex 75.7961 12.7 15.6917
      vertex 81.4983 12.7 11.8816
      vertex 75.2707 12.7 14.8151
    endloop
  endfacet
  facet normal 0 1 -0
    outer loop
      vertex 81.3189 12.7 11.5823
      vertex 75.2707 12.7 14.8151
      vertex 81.4983 12.7 11.8816
    endloop
  endfacet
  facet normal 0 1 0
    outer loop
      vertex 75.2707 12.7 14.8151
      vertex 81.3189 12.7 11.5823
      vertex 74.8337 12.7 13.8913
    endloop
  endfacet
  facet normal 0 1 -0
    outer loop
      vertex 81.1697 12.7 11.2668
      vertex 74.8337 12.7 13.8913
      vertex 81.3189 12.7 11.5823
    endloop
  endfacet
  facet normal 0 1 0
    outer loop
      vertex 74.8337 12.7 13.8913
      vertex 81.1697 12.7 11.2668
      vertex 74.4894 12.7 12.929
    endloop
  endfacet
  facet normal 0 1 -0
    outer loop
      vertex 81.0521 12.7 10.9383
      vertex 74.4894 12.7 12.929
      vertex 81.1697 12.7 11.2668
    endloop
  endfacet
  facet normal 0 1 0
    outer loop
      vertex 74.4894 12.7 12.929
      vertex 81.0521 12.7 10.9383
      vertex 74.2411 12.7 11.9377
    endloop
  endfacet
  facet normal 0 1 -0
    outer loop
      vertex 80.9673 12.7 10.5997
      vertex 74.2411 12.7 11.9377
      vertex 81.0521 12.7 10.9383
    endloop
  endfacet
  facet normal 0 1 0
    outer loop
      vertex 74.2411 12.7 11.9377
      vertex 80.9673 12.7 10.5997
      vertex 74.0911 12.7 10.9267
    endloop
  endfacet
  facet normal 0 1 -0
    outer loop
      vertex 80.9161 12.7 10.2545
      vertex 74.0911 12.7 10.9267
      vertex 80.9673 12.7 10.5997
    endloop
  endfacet
  facet normal 0 1 -0
    outer loop
      vertex 80.899 12.7 9.906
      vertex 74.0911 12.7 10.9267
      vertex 80.9161 12.7 10.2545
    endloop
  endfacet
  facet normal 0 1 0
    outer loop
      vertex 80.899 12.7 9.906
      vertex 74.041 12.7 9.906
      vertex 74.0911 12.7 10.9267
    endloop
  endfacet
  facet normal 0 1 -0
    outer loop
      vertex 80.899 12.7 7.874
      vertex 74.041 12.7 9.906
      vertex 80.899 12.7 9.906
    endloop
  endfacet
  facet normal 0 1 0
    outer loop
      vertex 80.9161 12.7 7.52545
      vertex 74.041 12.7 9.906
      vertex 80.899 12.7 7.874
    endloop
  endfacet
  facet normal 0 1 0
    outer loop
      vertex 80.9673 12.7 7.18026
      vertex 74.041 12.7 9.906
      vertex 80.9161 12.7 7.52545
    endloop
  endfacet
  facet normal 0 1 0
    outer loop
      vertex 81.0521 12.7 6.84175
      vertex 74.041 12.7 9.906
      vertex 80.9673 12.7 7.18026
    endloop
  endfacet
  facet normal 0 1 0
    outer loop
      vertex 74.041 12.7 0
      vertex 81.0521 12.7 6.84175
      vertex 81.1697 12.7 6.51318
    endloop
  endfacet
  facet normal 0 1 0
    outer loop
      vertex 74.041 12.7 0
      vertex 81.1697 12.7 6.51318
      vertex 81.3189 12.7 6.19771
    endloop
  endfacet
  facet normal 0 1 0
    outer loop
      vertex 74.041 12.7 0
      vertex 81.3189 12.7 6.19771
      vertex 81.4983 12.7 5.89839
    endloop
  endfacet
  facet normal 0 1 0
    outer loop
      vertex 74.041 12.7 0
      vertex 81.4983 12.7 5.89839
      vertex 81.7062 12.7 5.6181
    endloop
  endfacet
  facet normal 0 1 0
    outer loop
      vertex 74.041 12.7 0
      vertex 81.7062 12.7 5.6181
      vertex 81.9405 12.7 5.35953
    endloop
  endfacet
  facet normal 0 1 0
    outer loop
      vertex 74.041 12.7 0
      vertex 81.9405 12.7 5.35953
      vertex 82.1991 12.7 5.12517
    endloop
  endfacet
  facet normal 0 1 0
    outer loop
      vertex 74.041 12.7 0
      vertex 82.1991 12.7 5.12517
      vertex 82.4794 12.7 4.91729
    endloop
  endfacet
  facet normal 0 1 0
    outer loop
      vertex 74.041 12.7 0
      vertex 82.4794 12.7 4.91729
      vertex 82.7787 12.7 4.73789
    endloop
  endfacet
  facet normal 0 1 0
    outer loop
      vertex 74.041 12.7 0
      vertex 84.455 12.7 4.318
      vertex 101.219 12.7 0
    endloop
  endfacet
  facet normal 0 1 0
    outer loop
      vertex 84.455 12.7 4.318
      vertex 74.041 12.7 0
      vertex 84.1065 12.7 4.33512
    endloop
  endfacet
  facet normal 0 1 0
    outer loop
      vertex 84.1065 12.7 4.33512
      vertex 74.041 12.7 0
      vertex 83.7613 12.7 4.38633
    endloop
  endfacet
  facet normal 0 1 0
    outer loop
      vertex 81.0521 12.7 6.84175
      vertex 74.041 12.7 0
      vertex 74.041 12.7 9.906
    endloop
  endfacet
  facet normal 0 1 0
    outer loop
      vertex 83.0942 12.7 4.58868
      vertex 74.041 12.7 0
      vertex 82.7787 12.7 4.73789
    endloop
  endfacet
  facet normal 0 1 0
    outer loop
      vertex 83.4227 12.7 4.47112
      vertex 74.041 12.7 0
      vertex 83.0942 12.7 4.58868
    endloop
  endfacet
  facet normal 0 1 0
    outer loop
      vertex 83.7613 12.7 4.38633
      vertex 74.041 12.7 0
      vertex 83.4227 12.7 4.47112
    endloop
  endfacet
  facet normal 0.0490202 0 -0.998798
    outer loop
      vertex 83.4342 12.7 20.2699
      vertex 84.455 30.3009 20.32
      vertex 84.455 12.7 20.32
    endloop
  endfacet
  facet normal 0.0490202 0 -0.998798
    outer loop
      vertex 84.455 30.3009 20.32
      vertex 83.4342 12.7 20.2699
      vertex 83.4342 30.3009 20.2699
    endloop
  endfacet
  facet normal -1 0 0
    outer loop
      vertex 101.219 28.7134 0
      vertex 101.219 30.3009 8.89
      vertex 101.219 30.3009 1.58749
    endloop
  endfacet
  facet normal -1 0 0
    outer loop
      vertex 101.219 12.7 8.89
      vertex 101.219 28.7134 0
      vertex 101.219 12.7 0
    endloop
  endfacet
  facet normal -1 0 0
    outer loop
      vertex 101.219 28.7134 0
      vertex 101.219 12.7 8.89
      vertex 101.219 30.3009 8.89
    endloop
  endfacet
  facet normal 0.857736 -0 0.514091
    outer loop
      vertex 20.3589 0 6.19771
      vertex 20.5383 12.7 5.89839
      vertex 20.3589 12.7 6.19771
    endloop
  endfacet
  facet normal 0.857736 0 0.514091
    outer loop
      vertex 20.5383 12.7 5.89839
      vertex 20.3589 0 6.19771
      vertex 20.5383 0 5.89839
    endloop
  endfacet
  facet normal -0.803186 0 -0.595728
    outer loop
      vertex 32.8017 0 11.8816
      vertex 32.5938 12.7 12.1619
      vertex 32.8017 12.7 11.8816
    endloop
  endfacet
  facet normal -0.803186 -0 -0.595728
    outer loop
      vertex 32.5938 12.7 12.1619
      vertex 32.8017 0 11.8816
      vertex 32.5938 0 12.1619
    endloop
  endfacet
  facet normal -0.904012 0 -0.427507
    outer loop
      vertex 33.1303 0 11.2668
      vertex 32.9811 12.7 11.5823
      vertex 33.1303 12.7 11.2668
    endloop
  endfacet
  facet normal -0.904012 -0 -0.427507
    outer loop
      vertex 32.9811 12.7 11.5823
      vertex 33.1303 0 11.2668
      vertex 32.9811 0 11.5823
    endloop
  endfacet
  facet normal 0.146715 0 -0.989179
    outer loop
      vertex 22.8013 0 13.3937
      vertex 23.1465 12.7 13.4449
      vertex 23.1465 0 13.4449
    endloop
  endfacet
  facet normal 0.146715 0 -0.989179
    outer loop
      vertex 23.1465 12.7 13.4449
      vertex 22.8013 0 13.3937
      vertex 22.8013 12.7 13.3937
    endloop
  endfacet
  facet normal 0.989179 0 -0.146715
    outer loop
      vertex 20.0073 0 10.5997
      vertex 19.9561 12.7 10.2545
      vertex 20.0073 12.7 10.5997
    endloop
  endfacet
  facet normal 0.989179 0 -0.146715
    outer loop
      vertex 19.9561 12.7 10.2545
      vertex 20.0073 0 10.5997
      vertex 19.9561 0 10.2545
    endloop
  endfacet
  facet normal 0.904012 0 -0.427507
    outer loop
      vertex 20.3589 0 11.5823
      vertex 20.2097 12.7 11.2668
      vertex 20.3589 12.7 11.5823
    endloop
  endfacet
  facet normal 0.904012 0 -0.427507
    outer loop
      vertex 20.2097 12.7 11.2668
      vertex 20.3589 0 11.5823
      vertex 20.2097 0 11.2668
    endloop
  endfacet
  facet normal -0.595691 0 0.803214
    outer loop
      vertex 31.8206 12.7 4.91729
      vertex 32.1009 0 5.12517
      vertex 32.1009 12.7 5.12517
    endloop
  endfacet
  facet normal -0.595691 0 0.803214
    outer loop
      vertex 32.1009 0 5.12517
      vertex 31.8206 12.7 4.91729
      vertex 31.8206 0 4.91729
    endloop
  endfacet
  facet normal -0.336943 0 0.941525
    outer loop
      vertex 30.8773 12.7 4.47112
      vertex 31.2058 0 4.58868
      vertex 31.2058 12.7 4.58868
    endloop
  endfacet
  facet normal -0.336943 0 0.941525
    outer loop
      vertex 31.2058 0 4.58868
      vertex 30.8773 12.7 4.47112
      vertex 30.8773 0 4.47112
    endloop
  endfacet
  facet normal -0.941512 0 0.336981
    outer loop
      vertex 33.1303 0 6.51318
      vertex 33.2479 12.7 6.84175
      vertex 33.1303 12.7 6.51318
    endloop
  endfacet
  facet normal -0.941512 0 0.336981
    outer loop
      vertex 33.2479 12.7 6.84175
      vertex 33.1303 0 6.51318
      vertex 33.2479 0 6.84175
    endloop
  endfacet
  facet normal -0.85772 0 -0.514116
    outer loop
      vertex 32.9811 0 11.5823
      vertex 32.8017 12.7 11.8816
      vertex 32.9811 12.7 11.5823
    endloop
  endfacet
  facet normal -0.85772 -0 -0.514116
    outer loop
      vertex 32.8017 12.7 11.8816
      vertex 32.9811 0 11.5823
      vertex 32.8017 0 11.8816
    endloop
  endfacet
  facet normal -0.998799 0 0.0490015
    outer loop
      vertex 33.3839 0 7.52545
      vertex 33.401 12.7 7.874
      vertex 33.3839 12.7 7.52545
    endloop
  endfacet
  facet normal -0.998799 0 0.0490015
    outer loop
      vertex 33.401 12.7 7.874
      vertex 33.3839 0 7.52545
      vertex 33.401 0 7.874
    endloop
  endfacet
  facet normal -0.989178 0 0.146719
    outer loop
      vertex 33.3327 0 7.18026
      vertex 33.3839 12.7 7.52545
      vertex 33.3327 12.7 7.18026
    endloop
  endfacet
  facet normal -0.989178 0 0.146719
    outer loop
      vertex 33.3839 12.7 7.52545
      vertex 33.3327 0 7.18026
      vertex 33.3839 0 7.52545
    endloop
  endfacet
  facet normal -0.941489 0 -0.337044
    outer loop
      vertex 33.2479 0 10.9383
      vertex 33.1303 12.7 11.2668
      vertex 33.2479 12.7 10.9383
    endloop
  endfacet
  facet normal -0.941489 -0 -0.337044
    outer loop
      vertex 33.1303 12.7 11.2668
      vertex 33.2479 0 10.9383
      vertex 33.1303 0 11.2668
    endloop
  endfacet
  facet normal 0.998799 -0 0.0490015
    outer loop
      vertex 19.939 0 7.874
      vertex 19.9561 12.7 7.52545
      vertex 19.939 12.7 7.874
    endloop
  endfacet
  facet normal 0.998799 0 0.0490015
    outer loop
      vertex 19.9561 12.7 7.52545
      vertex 19.939 0 7.874
      vertex 19.9561 0 7.52545
    endloop
  endfacet
  facet normal 0.242913 0 0.970048
    outer loop
      vertex 22.4627 12.7 4.47112
      vertex 22.8013 0 4.38633
      vertex 22.8013 12.7 4.38633
    endloop
  endfacet
  facet normal 0.242913 0 0.970048
    outer loop
      vertex 22.8013 0 4.38633
      vertex 22.4627 12.7 4.47112
      vertex 22.4627 0 4.47112
    endloop
  endfacet
  facet normal 0.941489 0 -0.337044
    outer loop
      vertex 20.2097 0 11.2668
      vertex 20.0921 12.7 10.9383
      vertex 20.2097 12.7 11.2668
    endloop
  endfacet
  facet normal 0.941489 0 -0.337044
    outer loop
      vertex 20.0921 12.7 10.9383
      vertex 20.2097 0 11.2668
      vertex 20.0921 0 10.9383
    endloop
  endfacet
  facet normal -0.970041 0 -0.24294
    outer loop
      vertex 33.3327 0 10.5997
      vertex 33.2479 12.7 10.9383
      vertex 33.3327 12.7 10.5997
    endloop
  endfacet
  facet normal -0.970041 -0 -0.24294
    outer loop
      vertex 33.2479 12.7 10.9383
      vertex 33.3327 0 10.5997
      vertex 33.2479 0 10.9383
    endloop
  endfacet
  facet normal 0 0 -1
    outer loop
      vertex 23.495 0 13.462
      vertex 29.845 12.7 13.462
      vertex 29.845 0 13.462
    endloop
  endfacet
  facet normal -0 0 -1
    outer loop
      vertex 29.845 12.7 13.462
      vertex 23.495 0 13.462
      vertex 23.495 12.7 13.462
    endloop
  endfacet
  facet normal -0.337044 0 -0.941489
    outer loop
      vertex 30.8773 0 13.3089
      vertex 31.2058 12.7 13.1913
      vertex 31.2058 0 13.1913
    endloop
  endfacet
  facet normal -0.337044 0 -0.941489
    outer loop
      vertex 31.2058 12.7 13.1913
      vertex 30.8773 0 13.3089
      vertex 30.8773 12.7 13.3089
    endloop
  endfacet
  facet normal 0.0490085 0 -0.998798
    outer loop
      vertex 23.1465 0 13.4449
      vertex 23.495 12.7 13.462
      vertex 23.495 0 13.462
    endloop
  endfacet
  facet normal 0.0490085 0 -0.998798
    outer loop
      vertex 23.495 12.7 13.462
      vertex 23.1465 0 13.4449
      vertex 23.1465 12.7 13.4449
    endloop
  endfacet
  facet normal 0.427531 0 0.904001
    outer loop
      vertex 21.8187 12.7 4.73789
      vertex 22.1342 0 4.58868
      vertex 22.1342 12.7 4.58868
    endloop
  endfacet
  facet normal 0.427531 0 0.904001
    outer loop
      vertex 22.1342 0 4.58868
      vertex 21.8187 12.7 4.73789
      vertex 21.8187 0 4.73789
    endloop
  endfacet
  facet normal -1 0 0
    outer loop
      vertex 33.401 0 7.874
      vertex 33.401 12.7 9.906
      vertex 33.401 12.7 7.874
    endloop
  endfacet
  facet normal -1 -0 0
    outer loop
      vertex 33.401 12.7 9.906
      vertex 33.401 0 7.874
      vertex 33.401 0 9.906
    endloop
  endfacet
  facet normal -0.741028 0 0.671474
    outer loop
      vertex 32.3595 0 5.35953
      vertex 32.5938 12.7 5.6181
      vertex 32.3595 12.7 5.35953
    endloop
  endfacet
  facet normal -0.741028 0 0.671474
    outer loop
      vertex 32.5938 12.7 5.6181
      vertex 32.3595 0 5.35953
      vertex 32.5938 0 5.6181
    endloop
  endfacet
  facet normal 0.595728 0 -0.803186
    outer loop
      vertex 21.2391 0 12.6548
      vertex 21.5194 12.7 12.8627
      vertex 21.5194 0 12.8627
    endloop
  endfacet
  facet normal 0.595728 0 -0.803186
    outer loop
      vertex 21.5194 12.7 12.8627
      vertex 21.2391 0 12.6548
      vertex 21.2391 12.7 12.6548
    endloop
  endfacet
  facet normal -0.0490085 0 -0.998798
    outer loop
      vertex 29.845 0 13.462
      vertex 30.1935 12.7 13.4449
      vertex 30.1935 0 13.4449
    endloop
  endfacet
  facet normal -0.0490085 0 -0.998798
    outer loop
      vertex 30.1935 12.7 13.4449
      vertex 29.845 0 13.462
      vertex 29.845 12.7 13.462
    endloop
  endfacet
  facet normal -0.998798 0 -0.0490085
    outer loop
      vertex 33.401 0 9.906
      vertex 33.3839 12.7 10.2545
      vertex 33.401 12.7 9.906
    endloop
  endfacet
  facet normal -0.998798 -0 -0.0490085
    outer loop
      vertex 33.3839 12.7 10.2545
      vertex 33.401 0 9.906
      vertex 33.3839 0 10.2545
    endloop
  endfacet
  facet normal -0.146715 0 -0.989179
    outer loop
      vertex 30.1935 0 13.4449
      vertex 30.5387 12.7 13.3937
      vertex 30.5387 0 13.3937
    endloop
  endfacet
  facet normal -0.146715 0 -0.989179
    outer loop
      vertex 30.5387 12.7 13.3937
      vertex 30.1935 0 13.4449
      vertex 30.1935 12.7 13.4449
    endloop
  endfacet
  facet normal -0.989179 0 -0.146715
    outer loop
      vertex 33.3839 0 10.2545
      vertex 33.3327 12.7 10.5997
      vertex 33.3839 12.7 10.2545
    endloop
  endfacet
  facet normal -0.989179 -0 -0.146715
    outer loop
      vertex 33.3327 12.7 10.5997
      vertex 33.3839 0 10.2545
      vertex 33.3327 0 10.5997
    endloop
  endfacet
  facet normal 0.671431 0 -0.741067
    outer loop
      vertex 20.9805 0 12.4205
      vertex 21.2391 12.7 12.6548
      vertex 21.2391 0 12.6548
    endloop
  endfacet
  facet normal 0.671431 0 -0.741067
    outer loop
      vertex 21.2391 12.7 12.6548
      vertex 20.9805 0 12.4205
      vertex 20.9805 12.7 12.4205
    endloop
  endfacet
  facet normal -0.671525 0 0.740982
    outer loop
      vertex 32.1009 12.7 5.12517
      vertex 32.3595 0 5.35953
      vertex 32.3595 12.7 5.35953
    endloop
  endfacet
  facet normal -0.671525 0 0.740982
    outer loop
      vertex 32.3595 0 5.35953
      vertex 32.1009 12.7 5.12517
      vertex 32.1009 0 5.12517
    endloop
  endfacet
  facet normal 0.998798 0 -0.0490085
    outer loop
      vertex 19.9561 0 10.2545
      vertex 19.939 12.7 9.906
      vertex 19.9561 12.7 10.2545
    endloop
  endfacet
  facet normal 0.998798 0 -0.0490085
    outer loop
      vertex 19.939 12.7 9.906
      vertex 19.9561 0 10.2545
      vertex 19.939 0 9.906
    endloop
  endfacet
  facet normal 0.741028 -0 0.671474
    outer loop
      vertex 20.7462 0 5.6181
      vertex 20.9805 12.7 5.35953
      vertex 20.7462 12.7 5.6181
    endloop
  endfacet
  facet normal 0.741028 0 0.671474
    outer loop
      vertex 20.9805 12.7 5.35953
      vertex 20.7462 0 5.6181
      vertex 20.9805 0 5.35953
    endloop
  endfacet
  facet normal 0.337044 0 -0.941489
    outer loop
      vertex 22.1342 0 13.1913
      vertex 22.4627 12.7 13.3089
      vertex 22.4627 0 13.3089
    endloop
  endfacet
  facet normal 0.337044 0 -0.941489
    outer loop
      vertex 22.4627 12.7 13.3089
      vertex 22.1342 0 13.1913
      vertex 22.1342 12.7 13.1913
    endloop
  endfacet
  facet normal -0.427531 0 0.904001
    outer loop
      vertex 31.2058 12.7 4.58868
      vertex 31.5213 0 4.73789
      vertex 31.5213 12.7 4.73789
    endloop
  endfacet
  facet normal -0.427531 0 0.904001
    outer loop
      vertex 31.5213 0 4.73789
      vertex 31.2058 12.7 4.58868
      vertex 31.2058 0 4.58868
    endloop
  endfacet
  facet normal -0.242913 0 0.970048
    outer loop
      vertex 30.5387 12.7 4.38633
      vertex 30.8773 0 4.47112
      vertex 30.8773 12.7 4.47112
    endloop
  endfacet
  facet normal -0.242913 0 0.970048
    outer loop
      vertex 30.8773 0 4.47112
      vertex 30.5387 12.7 4.38633
      vertex 30.5387 0 4.38633
    endloop
  endfacet
  facet normal 0.970026 -0 0.243001
    outer loop
      vertex 20.0073 0 7.18026
      vertex 20.0921 12.7 6.84175
      vertex 20.0073 12.7 7.18026
    endloop
  endfacet
  facet normal 0.970026 0 0.243001
    outer loop
      vertex 20.0921 12.7 6.84175
      vertex 20.0073 0 7.18026
      vertex 20.0921 0 6.84175
    endloop
  endfacet
  facet normal 0.803186 0 -0.595728
    outer loop
      vertex 20.7462 0 12.1619
      vertex 20.5383 12.7 11.8816
      vertex 20.7462 12.7 12.1619
    endloop
  endfacet
  facet normal 0.803186 0 -0.595728
    outer loop
      vertex 20.5383 12.7 11.8816
      vertex 20.7462 0 12.1619
      vertex 20.5383 0 11.8816
    endloop
  endfacet
  facet normal 0.970041 0 -0.24294
    outer loop
      vertex 20.0921 0 10.9383
      vertex 20.0073 12.7 10.5997
      vertex 20.0921 12.7 10.9383
    endloop
  endfacet
  facet normal 0.970041 0 -0.24294
    outer loop
      vertex 20.0073 12.7 10.5997
      vertex 20.0921 0 10.9383
      vertex 20.0073 0 10.5997
    endloop
  endfacet
  facet normal -0.803176 0 0.595741
    outer loop
      vertex 32.5938 0 5.6181
      vertex 32.8017 12.7 5.89839
      vertex 32.5938 12.7 5.6181
    endloop
  endfacet
  facet normal -0.803176 0 0.595741
    outer loop
      vertex 32.8017 12.7 5.89839
      vertex 32.5938 0 5.6181
      vertex 32.8017 0 5.89839
    endloop
  endfacet
  facet normal -0.514116 0 0.85772
    outer loop
      vertex 31.5213 12.7 4.73789
      vertex 31.8206 0 4.91729
      vertex 31.8206 12.7 4.91729
    endloop
  endfacet
  facet normal -0.514116 0 0.85772
    outer loop
      vertex 31.8206 0 4.91729
      vertex 31.5213 12.7 4.73789
      vertex 31.5213 0 4.73789
    endloop
  endfacet
  facet normal -0.741067 0 -0.671431
    outer loop
      vertex 32.5938 0 12.1619
      vertex 32.3595 12.7 12.4205
      vertex 32.5938 12.7 12.1619
    endloop
  endfacet
  facet normal -0.741067 -0 -0.671431
    outer loop
      vertex 32.3595 12.7 12.4205
      vertex 32.5938 0 12.1619
      vertex 32.3595 0 12.4205
    endloop
  endfacet
  facet normal 0.595691 0 0.803214
    outer loop
      vertex 21.2391 12.7 5.12517
      vertex 21.5194 0 4.91729
      vertex 21.5194 12.7 4.91729
    endloop
  endfacet
  facet normal 0.595691 0 0.803214
    outer loop
      vertex 21.5194 0 4.91729
      vertex 21.2391 12.7 5.12517
      vertex 21.2391 0 5.12517
    endloop
  endfacet
  facet normal 0.514116 0 0.85772
    outer loop
      vertex 21.5194 12.7 4.91729
      vertex 21.8187 0 4.73789
      vertex 21.8187 12.7 4.73789
    endloop
  endfacet
  facet normal 0.514116 0 0.85772
    outer loop
      vertex 21.8187 0 4.73789
      vertex 21.5194 12.7 4.91729
      vertex 21.5194 0 4.91729
    endloop
  endfacet
  facet normal -0 0 1
    outer loop
      vertex 23.495 12.7 4.318
      vertex 29.845 0 4.318
      vertex 29.845 12.7 4.318
    endloop
  endfacet
  facet normal 0 0 1
    outer loop
      vertex 29.845 0 4.318
      vertex 23.495 12.7 4.318
      vertex 23.495 0 4.318
    endloop
  endfacet
  facet normal 0.427507 0 -0.904012
    outer loop
      vertex 21.8187 0 13.0421
      vertex 22.1342 12.7 13.1913
      vertex 22.1342 0 13.1913
    endloop
  endfacet
  facet normal 0.427507 0 -0.904012
    outer loop
      vertex 22.1342 12.7 13.1913
      vertex 21.8187 0 13.0421
      vertex 21.8187 12.7 13.0421
    endloop
  endfacet
  facet normal -0.970026 0 0.243001
    outer loop
      vertex 33.2479 0 6.84175
      vertex 33.3327 12.7 7.18026
      vertex 33.2479 12.7 6.84175
    endloop
  endfacet
  facet normal -0.970026 0 0.243001
    outer loop
      vertex 33.3327 12.7 7.18026
      vertex 33.2479 0 6.84175
      vertex 33.3327 0 7.18026
    endloop
  endfacet
  facet normal -0.24294 0 -0.970041
    outer loop
      vertex 30.5387 0 13.3937
      vertex 30.8773 12.7 13.3089
      vertex 30.8773 0 13.3089
    endloop
  endfacet
  facet normal -0.24294 0 -0.970041
    outer loop
      vertex 30.8773 12.7 13.3089
      vertex 30.5387 0 13.3937
      vertex 30.5387 12.7 13.3937
    endloop
  endfacet
  facet normal -0.671431 0 -0.741067
    outer loop
      vertex 32.1009 0 12.6548
      vertex 32.3595 12.7 12.4205
      vertex 32.3595 0 12.4205
    endloop
  endfacet
  facet normal -0.671431 0 -0.741067
    outer loop
      vertex 32.3595 12.7 12.4205
      vertex 32.1009 0 12.6548
      vertex 32.1009 12.7 12.6548
    endloop
  endfacet
  facet normal -0.903996 0 0.427541
    outer loop
      vertex 32.9811 0 6.19771
      vertex 33.1303 12.7 6.51318
      vertex 32.9811 12.7 6.19771
    endloop
  endfacet
  facet normal -0.903996 0 0.427541
    outer loop
      vertex 33.1303 12.7 6.51318
      vertex 32.9811 0 6.19771
      vertex 33.1303 0 6.51318
    endloop
  endfacet
  facet normal -0.857736 0 0.514091
    outer loop
      vertex 32.8017 0 5.89839
      vertex 32.9811 12.7 6.19771
      vertex 32.8017 12.7 5.89839
    endloop
  endfacet
  facet normal -0.857736 0 0.514091
    outer loop
      vertex 32.9811 12.7 6.19771
      vertex 32.8017 0 5.89839
      vertex 32.9811 0 6.19771
    endloop
  endfacet
  facet normal 0.514116 0 -0.85772
    outer loop
      vertex 21.5194 0 12.8627
      vertex 21.8187 12.7 13.0421
      vertex 21.8187 0 13.0421
    endloop
  endfacet
  facet normal 0.514116 0 -0.85772
    outer loop
      vertex 21.8187 12.7 13.0421
      vertex 21.5194 0 12.8627
      vertex 21.5194 12.7 12.8627
    endloop
  endfacet
  facet normal 1 -0 0
    outer loop
      vertex 19.939 0 9.906
      vertex 19.939 12.7 7.874
      vertex 19.939 12.7 9.906
    endloop
  endfacet
  facet normal 1 0 0
    outer loop
      vertex 19.939 12.7 7.874
      vertex 19.939 0 9.906
      vertex 19.939 0 7.874
    endloop
  endfacet
  facet normal -0.514116 0 -0.85772
    outer loop
      vertex 31.5213 0 13.0421
      vertex 31.8206 12.7 12.8627
      vertex 31.8206 0 12.8627
    endloop
  endfacet
  facet normal -0.514116 0 -0.85772
    outer loop
      vertex 31.8206 12.7 12.8627
      vertex 31.5213 0 13.0421
      vertex 31.5213 12.7 13.0421
    endloop
  endfacet
  facet normal -0.0490657 0 0.998796
    outer loop
      vertex 29.845 12.7 4.318
      vertex 30.1935 0 4.33512
      vertex 30.1935 12.7 4.33512
    endloop
  endfacet
  facet normal -0.0490657 0 0.998796
    outer loop
      vertex 30.1935 0 4.33512
      vertex 29.845 12.7 4.318
      vertex 29.845 0 4.318
    endloop
  endfacet
  facet normal 0.146743 0 0.989175
    outer loop
      vertex 22.8013 12.7 4.38633
      vertex 23.1465 0 4.33512
      vertex 23.1465 12.7 4.33512
    endloop
  endfacet
  facet normal 0.146743 0 0.989175
    outer loop
      vertex 23.1465 0 4.33512
      vertex 22.8013 12.7 4.38633
      vertex 22.8013 0 4.38633
    endloop
  endfacet
  facet normal -0.146743 0 0.989175
    outer loop
      vertex 30.1935 12.7 4.33512
      vertex 30.5387 0 4.38633
      vertex 30.5387 12.7 4.38633
    endloop
  endfacet
  facet normal -0.146743 0 0.989175
    outer loop
      vertex 30.5387 0 4.38633
      vertex 30.1935 12.7 4.33512
      vertex 30.1935 0 4.33512
    endloop
  endfacet
  facet normal 0.0490657 0 0.998796
    outer loop
      vertex 23.1465 12.7 4.33512
      vertex 23.495 0 4.318
      vertex 23.495 12.7 4.318
    endloop
  endfacet
  facet normal 0.0490657 0 0.998796
    outer loop
      vertex 23.495 0 4.318
      vertex 23.1465 12.7 4.33512
      vertex 23.1465 0 4.33512
    endloop
  endfacet
  facet normal 0.803176 -0 0.595741
    outer loop
      vertex 20.5383 0 5.89839
      vertex 20.7462 12.7 5.6181
      vertex 20.5383 12.7 5.89839
    endloop
  endfacet
  facet normal 0.803176 0 0.595741
    outer loop
      vertex 20.7462 12.7 5.6181
      vertex 20.5383 0 5.89839
      vertex 20.7462 0 5.6181
    endloop
  endfacet
  facet normal 0.741067 0 -0.671431
    outer loop
      vertex 20.9805 0 12.4205
      vertex 20.7462 12.7 12.1619
      vertex 20.9805 12.7 12.4205
    endloop
  endfacet
  facet normal 0.741067 0 -0.671431
    outer loop
      vertex 20.7462 12.7 12.1619
      vertex 20.9805 0 12.4205
      vertex 20.7462 0 12.1619
    endloop
  endfacet
  facet normal -0.595728 0 -0.803186
    outer loop
      vertex 31.8206 0 12.8627
      vertex 32.1009 12.7 12.6548
      vertex 32.1009 0 12.6548
    endloop
  endfacet
  facet normal -0.595728 0 -0.803186
    outer loop
      vertex 32.1009 12.7 12.6548
      vertex 31.8206 0 12.8627
      vertex 31.8206 12.7 12.8627
    endloop
  endfacet
  facet normal 0.85772 0 -0.514116
    outer loop
      vertex 20.5383 0 11.8816
      vertex 20.3589 12.7 11.5823
      vertex 20.5383 12.7 11.8816
    endloop
  endfacet
  facet normal 0.85772 0 -0.514116
    outer loop
      vertex 20.3589 12.7 11.5823
      vertex 20.5383 0 11.8816
      vertex 20.3589 0 11.5823
    endloop
  endfacet
  facet normal 0.989178 -0 0.146719
    outer loop
      vertex 19.9561 0 7.52545
      vertex 20.0073 12.7 7.18026
      vertex 19.9561 12.7 7.52545
    endloop
  endfacet
  facet normal 0.989178 0 0.146719
    outer loop
      vertex 20.0073 12.7 7.18026
      vertex 19.9561 0 7.52545
      vertex 20.0073 0 7.18026
    endloop
  endfacet
  facet normal -0.427507 0 -0.904012
    outer loop
      vertex 31.2058 0 13.1913
      vertex 31.5213 12.7 13.0421
      vertex 31.5213 0 13.0421
    endloop
  endfacet
  facet normal -0.427507 0 -0.904012
    outer loop
      vertex 31.5213 12.7 13.0421
      vertex 31.2058 0 13.1913
      vertex 31.2058 12.7 13.1913
    endloop
  endfacet
  facet normal 0.671525 0 0.740982
    outer loop
      vertex 20.9805 12.7 5.35953
      vertex 21.2391 0 5.12517
      vertex 21.2391 12.7 5.12517
    endloop
  endfacet
  facet normal 0.671525 0 0.740982
    outer loop
      vertex 21.2391 0 5.12517
      vertex 20.9805 12.7 5.35953
      vertex 20.9805 0 5.35953
    endloop
  endfacet
  facet normal 0.24294 0 -0.970041
    outer loop
      vertex 22.4627 0 13.3089
      vertex 22.8013 12.7 13.3937
      vertex 22.8013 0 13.3937
    endloop
  endfacet
  facet normal 0.24294 0 -0.970041
    outer loop
      vertex 22.8013 12.7 13.3937
      vertex 22.4627 0 13.3089
      vertex 22.4627 12.7 13.3089
    endloop
  endfacet
  facet normal 0.941512 -0 0.336981
    outer loop
      vertex 20.0921 0 6.84175
      vertex 20.2097 12.7 6.51318
      vertex 20.0921 12.7 6.84175
    endloop
  endfacet
  facet normal 0.941512 0 0.336981
    outer loop
      vertex 20.2097 12.7 6.51318
      vertex 20.0921 0 6.84175
      vertex 20.2097 0 6.51318
    endloop
  endfacet
  facet normal 0.903996 -0 0.427541
    outer loop
      vertex 20.2097 0 6.51318
      vertex 20.3589 12.7 6.19771
      vertex 20.2097 12.7 6.51318
    endloop
  endfacet
  facet normal 0.903996 0 0.427541
    outer loop
      vertex 20.3589 12.7 6.19771
      vertex 20.2097 0 6.51318
      vertex 20.3589 0 6.19771
    endloop
  endfacet
  facet normal 0.336943 0 0.941525
    outer loop
      vertex 22.1342 12.7 4.58868
      vertex 22.4627 0 4.47112
      vertex 22.4627 12.7 4.47112
    endloop
  endfacet
  facet normal 0.336943 0 0.941525
    outer loop
      vertex 22.4627 0 4.47112
      vertex 22.1342 12.7 4.58868
      vertex 22.1342 0 4.58868
    endloop
  endfacet
  facet normal 0.857736 -0 0.514091
    outer loop
      vertex 81.3189 0 6.19771
      vertex 81.4983 12.7 5.89839
      vertex 81.3189 12.7 6.19771
    endloop
  endfacet
  facet normal 0.857736 0 0.514091
    outer loop
      vertex 81.4983 12.7 5.89839
      vertex 81.3189 0 6.19771
      vertex 81.4983 0 5.89839
    endloop
  endfacet
  facet normal -0.803186 0 -0.595728
    outer loop
      vertex 93.7617 0 11.8816
      vertex 93.5538 12.7 12.1619
      vertex 93.7617 12.7 11.8816
    endloop
  endfacet
  facet normal -0.803186 -0 -0.595728
    outer loop
      vertex 93.5538 12.7 12.1619
      vertex 93.7617 0 11.8816
      vertex 93.5538 0 12.1619
    endloop
  endfacet
  facet normal -0.904012 0 -0.427507
    outer loop
      vertex 94.0903 0 11.2668
      vertex 93.9411 12.7 11.5823
      vertex 94.0903 12.7 11.2668
    endloop
  endfacet
  facet normal -0.904012 -0 -0.427507
    outer loop
      vertex 93.9411 12.7 11.5823
      vertex 94.0903 0 11.2668
      vertex 93.9411 0 11.5823
    endloop
  endfacet
  facet normal 0.146715 0 -0.989179
    outer loop
      vertex 83.7613 0 13.3937
      vertex 84.1065 12.7 13.4449
      vertex 84.1065 0 13.4449
    endloop
  endfacet
  facet normal 0.146715 0 -0.989179
    outer loop
      vertex 84.1065 12.7 13.4449
      vertex 83.7613 0 13.3937
      vertex 83.7613 12.7 13.3937
    endloop
  endfacet
  facet normal 0.989179 0 -0.146715
    outer loop
      vertex 80.9673 0 10.5997
      vertex 80.9161 12.7 10.2545
      vertex 80.9673 12.7 10.5997
    endloop
  endfacet
  facet normal 0.989179 0 -0.146715
    outer loop
      vertex 80.9161 12.7 10.2545
      vertex 80.9673 0 10.5997
      vertex 80.9161 0 10.2545
    endloop
  endfacet
  facet normal 0.904012 0 -0.427507
    outer loop
      vertex 81.3189 0 11.5823
      vertex 81.1697 12.7 11.2668
      vertex 81.3189 12.7 11.5823
    endloop
  endfacet
  facet normal 0.904012 0 -0.427507
    outer loop
      vertex 81.1697 12.7 11.2668
      vertex 81.3189 0 11.5823
      vertex 81.1697 0 11.2668
    endloop
  endfacet
  facet normal -0.595691 0 0.803214
    outer loop
      vertex 92.7806 12.7 4.91729
      vertex 93.0609 0 5.12517
      vertex 93.0609 12.7 5.12517
    endloop
  endfacet
  facet normal -0.595691 0 0.803214
    outer loop
      vertex 93.0609 0 5.12517
      vertex 92.7806 12.7 4.91729
      vertex 92.7806 0 4.91729
    endloop
  endfacet
  facet normal -0.336852 0 0.941558
    outer loop
      vertex 91.8372 12.7 4.47112
      vertex 92.1658 0 4.58868
      vertex 92.1658 12.7 4.58868
    endloop
  endfacet
  facet normal -0.336852 0 0.941558
    outer loop
      vertex 92.1658 0 4.58868
      vertex 91.8372 12.7 4.47112
      vertex 91.8372 0 4.47112
    endloop
  endfacet
  facet normal -0.941512 0 0.336981
    outer loop
      vertex 94.0903 0 6.51318
      vertex 94.2079 12.7 6.84175
      vertex 94.0903 12.7 6.51318
    endloop
  endfacet
  facet normal -0.941512 0 0.336981
    outer loop
      vertex 94.2079 12.7 6.84175
      vertex 94.0903 0 6.51318
      vertex 94.2079 0 6.84175
    endloop
  endfacet
  facet normal -0.85772 0 -0.514116
    outer loop
      vertex 93.9411 0 11.5823
      vertex 93.7617 12.7 11.8816
      vertex 93.9411 12.7 11.5823
    endloop
  endfacet
  facet normal -0.85772 -0 -0.514116
    outer loop
      vertex 93.7617 12.7 11.8816
      vertex 93.9411 0 11.5823
      vertex 93.7617 0 11.8816
    endloop
  endfacet
  facet normal -0.998799 0 0.0490015
    outer loop
      vertex 94.3439 0 7.52545
      vertex 94.361 12.7 7.874
      vertex 94.3439 12.7 7.52545
    endloop
  endfacet
  facet normal -0.998799 0 0.0490015
    outer loop
      vertex 94.361 12.7 7.874
      vertex 94.3439 0 7.52545
      vertex 94.361 0 7.874
    endloop
  endfacet
  facet normal -0.989178 0 0.146719
    outer loop
      vertex 94.2927 0 7.18026
      vertex 94.3439 12.7 7.52545
      vertex 94.2927 12.7 7.18026
    endloop
  endfacet
  facet normal -0.989178 0 0.146719
    outer loop
      vertex 94.3439 12.7 7.52545
      vertex 94.2927 0 7.18026
      vertex 94.3439 0 7.52545
    endloop
  endfacet
  facet normal -0.941489 0 -0.337044
    outer loop
      vertex 94.2079 0 10.9383
      vertex 94.0903 12.7 11.2668
      vertex 94.2079 12.7 10.9383
    endloop
  endfacet
  facet normal -0.941489 -0 -0.337044
    outer loop
      vertex 94.0903 12.7 11.2668
      vertex 94.2079 0 10.9383
      vertex 94.0903 0 11.2668
    endloop
  endfacet
  facet normal 0.998799 -0 0.0490015
    outer loop
      vertex 80.899 0 7.874
      vertex 80.9161 12.7 7.52545
      vertex 80.899 12.7 7.874
    endloop
  endfacet
  facet normal 0.998799 0 0.0490015
    outer loop
      vertex 80.9161 12.7 7.52545
      vertex 80.899 0 7.874
      vertex 80.9161 0 7.52545
    endloop
  endfacet
  facet normal 0.242913 0 0.970048
    outer loop
      vertex 83.4227 12.7 4.47112
      vertex 83.7613 0 4.38633
      vertex 83.7613 12.7 4.38633
    endloop
  endfacet
  facet normal 0.242913 0 0.970048
    outer loop
      vertex 83.7613 0 4.38633
      vertex 83.4227 12.7 4.47112
      vertex 83.4227 0 4.47112
    endloop
  endfacet
  facet normal 0.941489 0 -0.337044
    outer loop
      vertex 81.1697 0 11.2668
      vertex 81.0521 12.7 10.9383
      vertex 81.1697 12.7 11.2668
    endloop
  endfacet
  facet normal 0.941489 0 -0.337044
    outer loop
      vertex 81.0521 12.7 10.9383
      vertex 81.1697 0 11.2668
      vertex 81.0521 0 10.9383
    endloop
  endfacet
  facet normal -0.970041 0 -0.24294
    outer loop
      vertex 94.2927 0 10.5997
      vertex 94.2079 12.7 10.9383
      vertex 94.2927 12.7 10.5997
    endloop
  endfacet
  facet normal -0.970041 -0 -0.24294
    outer loop
      vertex 94.2079 12.7 10.9383
      vertex 94.2927 0 10.5997
      vertex 94.2079 0 10.9383
    endloop
  endfacet
  facet normal 0 0 -1
    outer loop
      vertex 84.455 0 13.462
      vertex 90.805 12.7 13.462
      vertex 90.805 0 13.462
    endloop
  endfacet
  facet normal -0 0 -1
    outer loop
      vertex 90.805 12.7 13.462
      vertex 84.455 0 13.462
      vertex 84.455 12.7 13.462
    endloop
  endfacet
  facet normal -0.336953 0 -0.941521
    outer loop
      vertex 91.8372 0 13.3089
      vertex 92.1658 12.7 13.1913
      vertex 92.1658 0 13.1913
    endloop
  endfacet
  facet normal -0.336953 0 -0.941521
    outer loop
      vertex 92.1658 12.7 13.1913
      vertex 91.8372 0 13.3089
      vertex 91.8372 12.7 13.3089
    endloop
  endfacet
  facet normal 0.0490085 0 -0.998798
    outer loop
      vertex 84.1065 0 13.4449
      vertex 84.455 12.7 13.462
      vertex 84.455 0 13.462
    endloop
  endfacet
  facet normal 0.0490085 0 -0.998798
    outer loop
      vertex 84.455 12.7 13.462
      vertex 84.1065 0 13.4449
      vertex 84.1065 12.7 13.4449
    endloop
  endfacet
  facet normal 0.427531 0 0.904001
    outer loop
      vertex 82.7787 12.7 4.73789
      vertex 83.0942 0 4.58868
      vertex 83.0942 12.7 4.58868
    endloop
  endfacet
  facet normal 0.427531 0 0.904001
    outer loop
      vertex 83.0942 0 4.58868
      vertex 82.7787 12.7 4.73789
      vertex 82.7787 0 4.73789
    endloop
  endfacet
  facet normal -1 0 0
    outer loop
      vertex 94.361 0 7.874
      vertex 94.361 12.7 9.906
      vertex 94.361 12.7 7.874
    endloop
  endfacet
  facet normal -1 -0 0
    outer loop
      vertex 94.361 12.7 9.906
      vertex 94.361 0 7.874
      vertex 94.361 0 9.906
    endloop
  endfacet
  facet normal -0.741028 0 0.671474
    outer loop
      vertex 93.3195 0 5.35953
      vertex 93.5538 12.7 5.6181
      vertex 93.3195 12.7 5.35953
    endloop
  endfacet
  facet normal -0.741028 0 0.671474
    outer loop
      vertex 93.5538 12.7 5.6181
      vertex 93.3195 0 5.35953
      vertex 93.5538 0 5.6181
    endloop
  endfacet
  facet normal 0.595728 0 -0.803186
    outer loop
      vertex 82.1991 0 12.6548
      vertex 82.4794 12.7 12.8627
      vertex 82.4794 0 12.8627
    endloop
  endfacet
  facet normal 0.595728 0 -0.803186
    outer loop
      vertex 82.4794 12.7 12.8627
      vertex 82.1991 0 12.6548
      vertex 82.1991 12.7 12.6548
    endloop
  endfacet
  facet normal -0.0490085 0 -0.998798
    outer loop
      vertex 90.805 0 13.462
      vertex 91.1535 12.7 13.4449
      vertex 91.1535 0 13.4449
    endloop
  endfacet
  facet normal -0.0490085 0 -0.998798
    outer loop
      vertex 91.1535 12.7 13.4449
      vertex 90.805 0 13.462
      vertex 90.805 12.7 13.462
    endloop
  endfacet
  facet normal 0.741067 0 -0.671431
    outer loop
      vertex 81.9405 0 12.4205
      vertex 81.7062 12.7 12.1619
      vertex 81.9405 12.7 12.4205
    endloop
  endfacet
  facet normal 0.741067 0 -0.671431
    outer loop
      vertex 81.7062 12.7 12.1619
      vertex 81.9405 0 12.4205
      vertex 81.7062 0 12.1619
    endloop
  endfacet
  facet normal -0.998798 0 -0.0490085
    outer loop
      vertex 94.361 0 9.906
      vertex 94.3439 12.7 10.2545
      vertex 94.361 12.7 9.906
    endloop
  endfacet
  facet normal -0.998798 -0 -0.0490085
    outer loop
      vertex 94.3439 12.7 10.2545
      vertex 94.361 0 9.906
      vertex 94.3439 0 10.2545
    endloop
  endfacet
  facet normal -0.146715 0 -0.989179
    outer loop
      vertex 91.1535 0 13.4449
      vertex 91.4987 12.7 13.3937
      vertex 91.4987 0 13.3937
    endloop
  endfacet
  facet normal -0.146715 0 -0.989179
    outer loop
      vertex 91.4987 12.7 13.3937
      vertex 91.1535 0 13.4449
      vertex 91.1535 12.7 13.4449
    endloop
  endfacet
  facet normal -0.989179 0 -0.146715
    outer loop
      vertex 94.3439 0 10.2545
      vertex 94.2927 12.7 10.5997
      vertex 94.3439 12.7 10.2545
    endloop
  endfacet
  facet normal -0.989179 -0 -0.146715
    outer loop
      vertex 94.2927 12.7 10.5997
      vertex 94.3439 0 10.2545
      vertex 94.2927 0 10.5997
    endloop
  endfacet
  facet normal 0.671431 0 -0.741067
    outer loop
      vertex 81.9405 0 12.4205
      vertex 82.1991 12.7 12.6548
      vertex 82.1991 0 12.6548
    endloop
  endfacet
  facet normal 0.671431 0 -0.741067
    outer loop
      vertex 82.1991 12.7 12.6548
      vertex 81.9405 0 12.4205
      vertex 81.9405 12.7 12.4205
    endloop
  endfacet
  facet normal -0.671525 0 0.740982
    outer loop
      vertex 93.0609 12.7 5.12517
      vertex 93.3195 0 5.35953
      vertex 93.3195 12.7 5.35953
    endloop
  endfacet
  facet normal -0.671525 0 0.740982
    outer loop
      vertex 93.3195 0 5.35953
      vertex 93.0609 12.7 5.12517
      vertex 93.0609 0 5.12517
    endloop
  endfacet
  facet normal 0.998798 0 -0.0490085
    outer loop
      vertex 80.9161 0 10.2545
      vertex 80.899 12.7 9.906
      vertex 80.9161 12.7 10.2545
    endloop
  endfacet
  facet normal 0.998798 0 -0.0490085
    outer loop
      vertex 80.899 12.7 9.906
      vertex 80.9161 0 10.2545
      vertex 80.899 0 9.906
    endloop
  endfacet
  facet normal 0.741028 -0 0.671474
    outer loop
      vertex 81.7062 0 5.6181
      vertex 81.9405 12.7 5.35953
      vertex 81.7062 12.7 5.6181
    endloop
  endfacet
  facet normal 0.741028 0 0.671474
    outer loop
      vertex 81.9405 12.7 5.35953
      vertex 81.7062 0 5.6181
      vertex 81.9405 0 5.35953
    endloop
  endfacet
  facet normal 0.337044 0 -0.941489
    outer loop
      vertex 83.0942 0 13.1913
      vertex 83.4227 12.7 13.3089
      vertex 83.4227 0 13.3089
    endloop
  endfacet
  facet normal 0.337044 0 -0.941489
    outer loop
      vertex 83.4227 12.7 13.3089
      vertex 83.0942 0 13.1913
      vertex 83.0942 12.7 13.1913
    endloop
  endfacet
  facet normal -0.242981 0 0.970031
    outer loop
      vertex 91.4987 12.7 4.38633
      vertex 91.8372 0 4.47112
      vertex 91.8372 12.7 4.47112
    endloop
  endfacet
  facet normal -0.242981 0 0.970031
    outer loop
      vertex 91.8372 0 4.47112
      vertex 91.4987 12.7 4.38633
      vertex 91.4987 0 4.38633
    endloop
  endfacet
  facet normal 0.970026 -0 0.243001
    outer loop
      vertex 80.9673 0 7.18026
      vertex 81.0521 12.7 6.84175
      vertex 80.9673 12.7 7.18026
    endloop
  endfacet
  facet normal 0.970026 0 0.243001
    outer loop
      vertex 81.0521 12.7 6.84175
      vertex 80.9673 0 7.18026
      vertex 81.0521 0 6.84175
    endloop
  endfacet
  facet normal 0.803186 0 -0.595728
    outer loop
      vertex 81.7062 0 12.1619
      vertex 81.4983 12.7 11.8816
      vertex 81.7062 12.7 12.1619
    endloop
  endfacet
  facet normal 0.803186 0 -0.595728
    outer loop
      vertex 81.4983 12.7 11.8816
      vertex 81.7062 0 12.1619
      vertex 81.4983 0 11.8816
    endloop
  endfacet
  facet normal 0.970041 0 -0.24294
    outer loop
      vertex 81.0521 0 10.9383
      vertex 80.9673 12.7 10.5997
      vertex 81.0521 12.7 10.9383
    endloop
  endfacet
  facet normal 0.970041 0 -0.24294
    outer loop
      vertex 80.9673 12.7 10.5997
      vertex 81.0521 0 10.9383
      vertex 80.9673 0 10.5997
    endloop
  endfacet
  facet normal -0.803176 0 0.595741
    outer loop
      vertex 93.5538 0 5.6181
      vertex 93.7617 12.7 5.89839
      vertex 93.5538 12.7 5.6181
    endloop
  endfacet
  facet normal -0.803176 0 0.595741
    outer loop
      vertex 93.7617 12.7 5.89839
      vertex 93.5538 0 5.6181
      vertex 93.7617 0 5.89839
    endloop
  endfacet
  facet normal -0.514116 0 0.85772
    outer loop
      vertex 92.4813 12.7 4.73789
      vertex 92.7806 0 4.91729
      vertex 92.7806 12.7 4.91729
    endloop
  endfacet
  facet normal -0.514116 0 0.85772
    outer loop
      vertex 92.7806 0 4.91729
      vertex 92.4813 12.7 4.73789
      vertex 92.4813 0 4.73789
    endloop
  endfacet
  facet normal -0.427531 0 0.904001
    outer loop
      vertex 92.1658 12.7 4.58868
      vertex 92.4813 0 4.73789
      vertex 92.4813 12.7 4.73789
    endloop
  endfacet
  facet normal -0.427531 0 0.904001
    outer loop
      vertex 92.4813 0 4.73789
      vertex 92.1658 12.7 4.58868
      vertex 92.1658 0 4.58868
    endloop
  endfacet
  facet normal 0.595691 0 0.803214
    outer loop
      vertex 82.1991 12.7 5.12517
      vertex 82.4794 0 4.91729
      vertex 82.4794 12.7 4.91729
    endloop
  endfacet
  facet normal 0.595691 0 0.803214
    outer loop
      vertex 82.4794 0 4.91729
      vertex 82.1991 12.7 5.12517
      vertex 82.1991 0 5.12517
    endloop
  endfacet
  facet normal 0.514116 0 0.85772
    outer loop
      vertex 82.4794 12.7 4.91729
      vertex 82.7787 0 4.73789
      vertex 82.7787 12.7 4.73789
    endloop
  endfacet
  facet normal 0.514116 0 0.85772
    outer loop
      vertex 82.7787 0 4.73789
      vertex 82.4794 12.7 4.91729
      vertex 82.4794 0 4.91729
    endloop
  endfacet
  facet normal -0 0 1
    outer loop
      vertex 84.455 12.7 4.318
      vertex 90.805 0 4.318
      vertex 90.805 12.7 4.318
    endloop
  endfacet
  facet normal 0 0 1
    outer loop
      vertex 90.805 0 4.318
      vertex 84.455 12.7 4.318
      vertex 84.455 0 4.318
    endloop
  endfacet
  facet normal 0.427507 0 -0.904012
    outer loop
      vertex 82.7787 0 13.0421
      vertex 83.0942 12.7 13.1913
      vertex 83.0942 0 13.1913
    endloop
  endfacet
  facet normal 0.427507 0 -0.904012
    outer loop
      vertex 83.0942 12.7 13.1913
      vertex 82.7787 0 13.0421
      vertex 82.7787 12.7 13.0421
    endloop
  endfacet
  facet normal -0.970026 0 0.243001
    outer loop
      vertex 94.2079 0 6.84175
      vertex 94.2927 12.7 7.18026
      vertex 94.2079 12.7 6.84175
    endloop
  endfacet
  facet normal -0.970026 0 0.243001
    outer loop
      vertex 94.2927 12.7 7.18026
      vertex 94.2079 0 6.84175
      vertex 94.2927 0 7.18026
    endloop
  endfacet
  facet normal -0.671431 0 -0.741067
    outer loop
      vertex 93.0609 0 12.6548
      vertex 93.3195 12.7 12.4205
      vertex 93.3195 0 12.4205
    endloop
  endfacet
  facet normal -0.671431 0 -0.741067
    outer loop
      vertex 93.3195 12.7 12.4205
      vertex 93.0609 0 12.6548
      vertex 93.0609 12.7 12.6548
    endloop
  endfacet
  facet normal -0.903996 0 0.427541
    outer loop
      vertex 93.9411 0 6.19771
      vertex 94.0903 12.7 6.51318
      vertex 93.9411 12.7 6.19771
    endloop
  endfacet
  facet normal -0.903996 0 0.427541
    outer loop
      vertex 94.0903 12.7 6.51318
      vertex 93.9411 0 6.19771
      vertex 94.0903 0 6.51318
    endloop
  endfacet
  facet normal -0.857736 0 0.514091
    outer loop
      vertex 93.7617 0 5.89839
      vertex 93.9411 12.7 6.19771
      vertex 93.7617 12.7 5.89839
    endloop
  endfacet
  facet normal -0.857736 0 0.514091
    outer loop
      vertex 93.9411 12.7 6.19771
      vertex 93.7617 0 5.89839
      vertex 93.9411 0 6.19771
    endloop
  endfacet
  facet normal 0.514116 0 -0.85772
    outer loop
      vertex 82.4794 0 12.8627
      vertex 82.7787 12.7 13.0421
      vertex 82.7787 0 13.0421
    endloop
  endfacet
  facet normal 0.514116 0 -0.85772
    outer loop
      vertex 82.7787 12.7 13.0421
      vertex 82.4794 0 12.8627
      vertex 82.4794 12.7 12.8627
    endloop
  endfacet
  facet normal 1 -0 0
    outer loop
      vertex 80.899 0 9.906
      vertex 80.899 12.7 7.874
      vertex 80.899 12.7 9.906
    endloop
  endfacet
  facet normal 1 0 0
    outer loop
      vertex 80.899 12.7 7.874
      vertex 80.899 0 9.906
      vertex 80.899 0 7.874
    endloop
  endfacet
  facet normal -0.514116 0 -0.85772
    outer loop
      vertex 92.4813 0 13.0421
      vertex 92.7806 12.7 12.8627
      vertex 92.7806 0 12.8627
    endloop
  endfacet
  facet normal -0.514116 0 -0.85772
    outer loop
      vertex 92.7806 12.7 12.8627
      vertex 92.4813 0 13.0421
      vertex 92.4813 12.7 13.0421
    endloop
  endfacet
  facet normal -0.0490657 0 0.998796
    outer loop
      vertex 90.805 12.7 4.318
      vertex 91.1535 0 4.33512
      vertex 91.1535 12.7 4.33512
    endloop
  endfacet
  facet normal -0.0490657 0 0.998796
    outer loop
      vertex 91.1535 0 4.33512
      vertex 90.805 12.7 4.318
      vertex 90.805 0 4.318
    endloop
  endfacet
  facet normal 0.146743 0 0.989175
    outer loop
      vertex 83.7613 12.7 4.38633
      vertex 84.1065 0 4.33512
      vertex 84.1065 12.7 4.33512
    endloop
  endfacet
  facet normal 0.146743 0 0.989175
    outer loop
      vertex 84.1065 0 4.33512
      vertex 83.7613 12.7 4.38633
      vertex 83.7613 0 4.38633
    endloop
  endfacet
  facet normal -0.146743 0 0.989175
    outer loop
      vertex 91.1535 12.7 4.33512
      vertex 91.4987 0 4.38633
      vertex 91.4987 12.7 4.38633
    endloop
  endfacet
  facet normal -0.146743 0 0.989175
    outer loop
      vertex 91.4987 0 4.38633
      vertex 91.1535 12.7 4.33512
      vertex 91.1535 0 4.33512
    endloop
  endfacet
  facet normal -0.741067 0 -0.671431
    outer loop
      vertex 93.5538 0 12.1619
      vertex 93.3195 12.7 12.4205
      vertex 93.5538 12.7 12.1619
    endloop
  endfacet
  facet normal -0.741067 -0 -0.671431
    outer loop
      vertex 93.3195 12.7 12.4205
      vertex 93.5538 0 12.1619
      vertex 93.3195 0 12.4205
    endloop
  endfacet
  facet normal 0.0490657 0 0.998796
    outer loop
      vertex 84.1065 12.7 4.33512
      vertex 84.455 0 4.318
      vertex 84.455 12.7 4.318
    endloop
  endfacet
  facet normal 0.0490657 0 0.998796
    outer loop
      vertex 84.455 0 4.318
      vertex 84.1065 12.7 4.33512
      vertex 84.1065 0 4.33512
    endloop
  endfacet
  facet normal 0.803176 -0 0.595741
    outer loop
      vertex 81.4983 0 5.89839
      vertex 81.7062 12.7 5.6181
      vertex 81.4983 12.7 5.89839
    endloop
  endfacet
  facet normal 0.803176 0 0.595741
    outer loop
      vertex 81.7062 12.7 5.6181
      vertex 81.4983 0 5.89839
      vertex 81.7062 0 5.6181
    endloop
  endfacet
  facet normal -0.595728 0 -0.803186
    outer loop
      vertex 92.7806 0 12.8627
      vertex 93.0609 12.7 12.6548
      vertex 93.0609 0 12.6548
    endloop
  endfacet
  facet normal -0.595728 0 -0.803186
    outer loop
      vertex 93.0609 12.7 12.6548
      vertex 92.7806 0 12.8627
      vertex 92.7806 12.7 12.8627
    endloop
  endfacet
  facet normal 0.85772 0 -0.514116
    outer loop
      vertex 81.4983 0 11.8816
      vertex 81.3189 12.7 11.5823
      vertex 81.4983 12.7 11.8816
    endloop
  endfacet
  facet normal 0.85772 0 -0.514116
    outer loop
      vertex 81.3189 12.7 11.5823
      vertex 81.4983 0 11.8816
      vertex 81.3189 0 11.5823
    endloop
  endfacet
  facet normal 0.989178 -0 0.146719
    outer loop
      vertex 80.9161 0 7.52545
      vertex 80.9673 12.7 7.18026
      vertex 80.9161 12.7 7.52545
    endloop
  endfacet
  facet normal 0.989178 0 0.146719
    outer loop
      vertex 80.9673 12.7 7.18026
      vertex 80.9161 0 7.52545
      vertex 80.9673 0 7.18026
    endloop
  endfacet
  facet normal -0.243008 0 -0.970024
    outer loop
      vertex 91.4987 0 13.3937
      vertex 91.8372 12.7 13.3089
      vertex 91.8372 0 13.3089
    endloop
  endfacet
  facet normal -0.243008 0 -0.970024
    outer loop
      vertex 91.8372 12.7 13.3089
      vertex 91.4987 0 13.3937
      vertex 91.4987 12.7 13.3937
    endloop
  endfacet
  facet normal -0.427507 0 -0.904012
    outer loop
      vertex 92.1658 0 13.1913
      vertex 92.4813 12.7 13.0421
      vertex 92.4813 0 13.0421
    endloop
  endfacet
  facet normal -0.427507 0 -0.904012
    outer loop
      vertex 92.4813 12.7 13.0421
      vertex 92.1658 0 13.1913
      vertex 92.1658 12.7 13.1913
    endloop
  endfacet
  facet normal 0.671525 0 0.740982
    outer loop
      vertex 81.9405 12.7 5.35953
      vertex 82.1991 0 5.12517
      vertex 82.1991 12.7 5.12517
    endloop
  endfacet
  facet normal 0.671525 0 0.740982
    outer loop
      vertex 82.1991 0 5.12517
      vertex 81.9405 12.7 5.35953
      vertex 81.9405 0 5.35953
    endloop
  endfacet
  facet normal 0.24294 0 -0.970041
    outer loop
      vertex 83.4227 0 13.3089
      vertex 83.7613 12.7 13.3937
      vertex 83.7613 0 13.3937
    endloop
  endfacet
  facet normal 0.24294 0 -0.970041
    outer loop
      vertex 83.7613 12.7 13.3937
      vertex 83.4227 0 13.3089
      vertex 83.4227 12.7 13.3089
    endloop
  endfacet
  facet normal 0.941512 -0 0.336981
    outer loop
      vertex 81.0521 0 6.84175
      vertex 81.1697 12.7 6.51318
      vertex 81.0521 12.7 6.84175
    endloop
  endfacet
  facet normal 0.941512 0 0.336981
    outer loop
      vertex 81.1697 12.7 6.51318
      vertex 81.0521 0 6.84175
      vertex 81.1697 0 6.51318
    endloop
  endfacet
  facet normal 0.903996 -0 0.427541
    outer loop
      vertex 81.1697 0 6.51318
      vertex 81.3189 12.7 6.19771
      vertex 81.1697 12.7 6.51318
    endloop
  endfacet
  facet normal 0.903996 0 0.427541
    outer loop
      vertex 81.3189 12.7 6.19771
      vertex 81.1697 0 6.51318
      vertex 81.3189 0 6.19771
    endloop
  endfacet
  facet normal 0.336943 0 0.941525
    outer loop
      vertex 83.0942 12.7 4.58868
      vertex 83.4227 0 4.47112
      vertex 83.4227 12.7 4.47112
    endloop
  endfacet
  facet normal 0.336943 0 0.941525
    outer loop
      vertex 83.4227 0 4.47112
      vertex 83.0942 12.7 4.58868
      vertex 83.0942 0 4.58868
    endloop
  endfacet
endsolid OpenSCAD_Model
