solid OpenSCAD_Model
  facet normal 0 0 0
    outer loop
      vertex -19.05 -7.3025 0
      vertex -19.05 -1.52399 0
      vertex -19.05 -7.30249 0
    endloop
  endfacet
  facet normal 0 0 -1
    outer loop
      vertex -19.05 -7.3025 0
      vertex -20.574 0 0
      vertex -19.05 -1.52399 0
    endloop
  endfacet
  facet normal 0 0 -1
    outer loop
      vertex -41.0028 -7.3025 0
      vertex -20.574 0 0
      vertex -19.05 -7.3025 0
    endloop
  endfacet
  facet normal -0 0 -1
    outer loop
      vertex -20.574 0 0
      vertex -41.0028 -7.3025 0
      vertex -36.83 22.0459 0
    endloop
  endfacet
  facet normal 0 0 -1
    outer loop
      vertex -41.0028 -7.3025 0
      vertex -43.688 22.0459 0
      vertex -36.83 22.0459 0
    endloop
  endfacet
  facet normal 0 0 -1
    outer loop
      vertex -41.0028 -7.3025 0
      vertex -45.186 21.8487 0
      vertex -43.688 22.0459 0
    endloop
  endfacet
  facet normal 0 0 -1
    outer loop
      vertex -41.0028 -7.3025 0
      vertex -69.4391 15.3501 0
      vertex -45.186 21.8487 0
    endloop
  endfacet
  facet normal 0 0 -1
    outer loop
      vertex -41.0028 -7.3025 0
      vertex -69.5199 15.3307 0
      vertex -69.4391 15.3501 0
    endloop
  endfacet
  facet normal 0 0 -1
    outer loop
      vertex -41.0028 -7.3025 0
      vertex -69.6017 15.3155 0
      vertex -69.5199 15.3307 0
    endloop
  endfacet
  facet normal 0 0 -1
    outer loop
      vertex -41.0028 -7.3025 0
      vertex -69.6841 15.3047 0
      vertex -69.6017 15.3155 0
    endloop
  endfacet
  facet normal 0 0 -1
    outer loop
      vertex -41.0028 -7.3025 0
      vertex -69.7669 15.2982 0
      vertex -69.6841 15.3047 0
    endloop
  endfacet
  facet normal 0 0 -1
    outer loop
      vertex -41.0028 -7.3025 0
      vertex -69.85 15.296 0
      vertex -69.7669 15.2982 0
    endloop
  endfacet
  facet normal 0 0 -1
    outer loop
      vertex -94.1494 -0.148148 0
      vertex -69.85 15.296 0
      vertex -41.0028 -7.3025 0
    endloop
  endfacet
  facet normal -0 0 -1
    outer loop
      vertex -69.85 15.296 0
      vertex -94.1494 -0.148148 0
      vertex -69.9331 15.2982 0
    endloop
  endfacet
  facet normal -0 0 -1
    outer loop
      vertex -69.9331 15.2982 0
      vertex -94.1494 -0.148148 0
      vertex -70.0159 15.3047 0
    endloop
  endfacet
  facet normal -0 0 -1
    outer loop
      vertex -70.0159 15.3047 0
      vertex -94.1494 -0.148148 0
      vertex -70.0983 15.3155 0
    endloop
  endfacet
  facet normal -0 0 -1
    outer loop
      vertex -70.0983 15.3155 0
      vertex -94.1494 -0.148148 0
      vertex -70.1801 15.3307 0
    endloop
  endfacet
  facet normal -0 0 -1
    outer loop
      vertex -70.1801 15.3307 0
      vertex -94.1494 -0.148148 0
      vertex -70.2609 15.3501 0
    endloop
  endfacet
  facet normal 0 0 -1
    outer loop
      vertex -95.25 1.11049 0
      vertex -70.2609 15.3501 0
      vertex -94.1494 -0.148148 0
    endloop
  endfacet
  facet normal -0 0 -1
    outer loop
      vertex -70.2609 15.3501 0
      vertex -95.25 1.11049 0
      vertex -93.2516 21.5104 0
    endloop
  endfacet
  facet normal 0 0 -1
    outer loop
      vertex -95.25 19.977 0
      vertex -93.2516 21.5104 0
      vertex -95.25 1.11049 0
    endloop
  endfacet
  facet normal 0 0 -1
    outer loop
      vertex -93.5379 21.5596 0
      vertex -95.25 19.977 0
      vertex -93.8284 21.5558 0
    endloop
  endfacet
  facet normal 0 0 -1
    outer loop
      vertex -95.25 1.11049 0
      vertex -94.1494 -0.148148 0
      vertex -94.3279 -0.110916 0
    endloop
  endfacet
  facet normal 0 0 -1
    outer loop
      vertex -93.8284 21.5558 0
      vertex -95.25 19.977 0
      vertex -94.1134 21.4992 0
    endloop
  endfacet
  facet normal 0 0 -1
    outer loop
      vertex -95.25 1.11049 0
      vertex -94.3279 -0.110916 0
      vertex -94.4993 -0.0484924 0
    endloop
  endfacet
  facet normal 0 0 -1
    outer loop
      vertex -94.1134 21.4992 0
      vertex -95.25 19.977 0
      vertex -94.3832 21.3915 0
    endloop
  endfacet
  facet normal 0 0 -1
    outer loop
      vertex -95.25 1.11049 0
      vertex -94.4993 -0.0484924 0
      vertex -94.6599 0.037796 0
    endloop
  endfacet
  facet normal 0 0 -1
    outer loop
      vertex -95.25 1.11049 0
      vertex -94.6599 0.037796 0
      vertex -94.8065 0.14621 0
    endloop
  endfacet
  facet normal -0 0 -1
    outer loop
      vertex -93.2516 21.5104 0
      vertex -95.25 19.977 0
      vertex -93.5379 21.5596 0
    endloop
  endfacet
  facet normal 0 0 -1
    outer loop
      vertex -95.25 1.11049 0
      vertex -94.8065 0.14621 0
      vertex -94.9361 0.274506 0
    endloop
  endfacet
  facet normal 0 0 -1
    outer loop
      vertex -94.6289 21.2365 0
      vertex -95.25 19.977 0
      vertex -94.8422 21.0393 0
    endloop
  endfacet
  facet normal 0 0 -1
    outer loop
      vertex -95.25 1.11049 0
      vertex -94.9361 0.274506 0
      vertex -95.0459 0.420029 0
    endloop
  endfacet
  facet normal 0 0 -1
    outer loop
      vertex -95.25 1.11049 0
      vertex -95.0459 0.420029 0
      vertex -95.1338 0.579803 0
    endloop
  endfacet
  facet normal 0 0 -1
    outer loop
      vertex -94.3832 21.3915 0
      vertex -95.25 19.977 0
      vertex -94.6289 21.2365 0
    endloop
  endfacet
  facet normal 0 0 -1
    outer loop
      vertex -95.25 1.11049 0
      vertex -95.1338 0.579803 0
      vertex -95.1979 0.750488 0
    endloop
  endfacet
  facet normal 0 0 -1
    outer loop
      vertex -94.8422 21.0393 0
      vertex -95.25 19.977 0
      vertex -95.0161 20.8065 0
    endloop
  endfacet
  facet normal 0 0 -1
    outer loop
      vertex -95.25 1.11049 0
      vertex -95.1979 0.750488 0
      vertex -95.2369 0.928619 0
    endloop
  endfacet
  facet normal 0 0 -1
    outer loop
      vertex -95.0161 20.8065 0
      vertex -95.25 19.977 0
      vertex -95.1445 20.5459 0
    endloop
  endfacet
  facet normal 0 0 -1
    outer loop
      vertex -95.1445 20.5459 0
      vertex -95.25 19.977 0
      vertex -95.2234 20.2663 0
    endloop
  endfacet
  facet normal 0 0 -1
    outer loop
      vertex -19.05 1.52399 0
      vertex 0 1.58749 0
      vertex -1.58749 0 0
    endloop
  endfacet
  facet normal 0 0 -1
    outer loop
      vertex -19.05 1.52399 0
      vertex -1.58749 0 0
      vertex -17.526 0 0
    endloop
  endfacet
  facet normal -0 0 -1
    outer loop
      vertex 0 1.58749 0
      vertex -19.05 1.52399 0
      vertex 0 28.7134 0
    endloop
  endfacet
  facet normal 0 0 -1
    outer loop
      vertex -36.83 22.0459 0
      vertex -19.05 1.52399 0
      vertex -20.574 0 0
    endloop
  endfacet
  facet normal 0 0 -1
    outer loop
      vertex -19.05 1.52399 0
      vertex -36.83 22.0459 0
      vertex 0 28.7134 0
    endloop
  endfacet
  facet normal 0 0 -1
    outer loop
      vertex -36.83 24.5859 0
      vertex 0 28.7134 0
      vertex -36.83 22.0459 0
    endloop
  endfacet
  facet normal 0 0 -1
    outer loop
      vertex -36.83 24.5859 0
      vertex -36.83 28.7134 0
      vertex 0 28.7134 0
    endloop
  endfacet
  facet normal 0 0 -1
    outer loop
      vertex -37.0532 28.4921 0
      vertex -36.83 28.7134 0
      vertex -36.83 24.5859 0
    endloop
  endfacet
  facet normal -0 0 -1
    outer loop
      vertex -36.83 28.7134 0
      vertex -36.913 28.685 0
      vertex -36.9013 28.7134 0
    endloop
  endfacet
  facet normal 0 0 -1
    outer loop
      vertex -36.83 28.7134 0
      vertex -36.9755 28.583 0
      vertex -36.913 28.685 0
    endloop
  endfacet
  facet normal 0 0 -1
    outer loop
      vertex -36.83 28.7134 0
      vertex -37.0532 28.4921 0
      vertex -36.9755 28.583 0
    endloop
  endfacet
  facet normal 0 0 -1
    outer loop
      vertex -36.83 24.5859 0
      vertex -37.1441 28.4144 0
      vertex -37.0532 28.4921 0
    endloop
  endfacet
  facet normal 0 0 -1
    outer loop
      vertex -36.83 24.5859 0
      vertex -37.246 28.352 0
      vertex -37.1441 28.4144 0
    endloop
  endfacet
  facet normal 0 0 -1
    outer loop
      vertex -36.83 24.5859 0
      vertex -37.3565 28.3062 0
      vertex -37.246 28.352 0
    endloop
  endfacet
  facet normal 0 0 -1
    outer loop
      vertex -36.83 24.5859 0
      vertex -37.4728 28.2783 0
      vertex -37.3565 28.3062 0
    endloop
  endfacet
  facet normal 0 0 -1
    outer loop
      vertex -36.83 24.5859 0
      vertex -37.592 28.2689 0
      vertex -37.4728 28.2783 0
    endloop
  endfacet
  facet normal 0 0 -1
    outer loop
      vertex -43.688 24.5859 0
      vertex -37.592 28.2689 0
      vertex -36.83 24.5859 0
    endloop
  endfacet
  facet normal 0 0 -1
    outer loop
      vertex -43.688 24.5859 0
      vertex -43.688 28.2689 0
      vertex -37.592 28.2689 0
    endloop
  endfacet
  facet normal 0 0 -1
    outer loop
      vertex -44.45 25.3479 0
      vertex -43.688 28.2689 0
      vertex -43.688 24.5859 0
    endloop
  endfacet
  facet normal 0 0 -1
    outer loop
      vertex -43.688 28.2689 0
      vertex -44.45 25.3479 0
      vertex -44.45 27.5069 0
    endloop
  endfacet
  facet normal 0 0 1
    outer loop
      vertex -19.05 1.52399 114.3
      vertex 0 1.58749 114.3
      vertex 0 28.7134 114.3
    endloop
  endfacet
  facet normal 0 0 1
    outer loop
      vertex 0 1.58749 114.3
      vertex -19.05 1.52399 114.3
      vertex -1.58749 0 114.3
    endloop
  endfacet
  facet normal 0 0 1
    outer loop
      vertex -1.58749 0 114.3
      vertex -19.05 1.52399 114.3
      vertex -17.526 0 114.3
    endloop
  endfacet
  facet normal -0 0 1
    outer loop
      vertex -36.83 22.0459 114.3
      vertex -19.05 1.52399 114.3
      vertex 0 28.7134 114.3
    endloop
  endfacet
  facet normal 0 0 1
    outer loop
      vertex -36.83 24.5859 114.3
      vertex 0 28.7134 114.3
      vertex -36.83 28.7134 114.3
    endloop
  endfacet
  facet normal 0 0 0
    outer loop
      vertex -19.05 -1.52399 114.3
      vertex -19.05 -7.3025 114.3
      vertex -19.05 -7.30249 114.3
    endloop
  endfacet
  facet normal 0 0 1
    outer loop
      vertex -20.574 0 114.3
      vertex -19.05 -7.3025 114.3
      vertex -19.05 -1.52399 114.3
    endloop
  endfacet
  facet normal 0 0 1
    outer loop
      vertex -36.83 22.0459 114.3
      vertex 0 28.7134 114.3
      vertex -36.83 24.5859 114.3
    endloop
  endfacet
  facet normal 0 0 1
    outer loop
      vertex -19.05 1.52399 114.3
      vertex -36.83 22.0459 114.3
      vertex -20.574 0 114.3
    endloop
  endfacet
  facet normal 0 0 1
    outer loop
      vertex -41.0028 -7.3025 114.3
      vertex -20.574 0 114.3
      vertex -36.83 22.0459 114.3
    endloop
  endfacet
  facet normal 0 0 1
    outer loop
      vertex -20.574 0 114.3
      vertex -41.0028 -7.3025 114.3
      vertex -19.05 -7.3025 114.3
    endloop
  endfacet
  facet normal -0 0 1
    outer loop
      vertex -43.688 22.0459 114.3
      vertex -41.0028 -7.3025 114.3
      vertex -36.83 22.0459 114.3
    endloop
  endfacet
  facet normal -0 0 1
    outer loop
      vertex -45.186 21.8487 114.3
      vertex -41.0028 -7.3025 114.3
      vertex -43.688 22.0459 114.3
    endloop
  endfacet
  facet normal -0 0 1
    outer loop
      vertex -69.4391 15.3501 114.3
      vertex -41.0028 -7.3025 114.3
      vertex -45.186 21.8487 114.3
    endloop
  endfacet
  facet normal -0 0 1
    outer loop
      vertex -69.5199 15.3307 114.3
      vertex -41.0028 -7.3025 114.3
      vertex -69.4391 15.3501 114.3
    endloop
  endfacet
  facet normal -0 0 1
    outer loop
      vertex -69.6017 15.3155 114.3
      vertex -41.0028 -7.3025 114.3
      vertex -69.5199 15.3307 114.3
    endloop
  endfacet
  facet normal -0 0 1
    outer loop
      vertex -69.6841 15.3047 114.3
      vertex -41.0028 -7.3025 114.3
      vertex -69.6017 15.3155 114.3
    endloop
  endfacet
  facet normal -0 0 1
    outer loop
      vertex -69.7669 15.2982 114.3
      vertex -41.0028 -7.3025 114.3
      vertex -69.6841 15.3047 114.3
    endloop
  endfacet
  facet normal -0 0 1
    outer loop
      vertex -69.85 15.296 114.3
      vertex -41.0028 -7.3025 114.3
      vertex -69.7669 15.2982 114.3
    endloop
  endfacet
  facet normal 0 0 1
    outer loop
      vertex -94.1494 -0.148148 114.3
      vertex -69.85 15.296 114.3
      vertex -69.9331 15.2982 114.3
    endloop
  endfacet
  facet normal 0 0 1
    outer loop
      vertex -94.1494 -0.148148 114.3
      vertex -69.9331 15.2982 114.3
      vertex -70.0159 15.3047 114.3
    endloop
  endfacet
  facet normal 0 0 1
    outer loop
      vertex -94.1494 -0.148148 114.3
      vertex -70.0159 15.3047 114.3
      vertex -70.0983 15.3155 114.3
    endloop
  endfacet
  facet normal 0 0 1
    outer loop
      vertex -94.1494 -0.148148 114.3
      vertex -70.0983 15.3155 114.3
      vertex -70.1801 15.3307 114.3
    endloop
  endfacet
  facet normal 0 0 1
    outer loop
      vertex -94.1494 -0.148148 114.3
      vertex -70.1801 15.3307 114.3
      vertex -70.2609 15.3501 114.3
    endloop
  endfacet
  facet normal 0 0 1
    outer loop
      vertex -95.25 1.11049 114.3
      vertex -70.2609 15.3501 114.3
      vertex -93.2516 21.5104 114.3
    endloop
  endfacet
  facet normal 0 0 1
    outer loop
      vertex -95.25 19.977 114.3
      vertex -93.2516 21.5104 114.3
      vertex -93.5379 21.5596 114.3
    endloop
  endfacet
  facet normal 0 0 1
    outer loop
      vertex -95.25 19.977 114.3
      vertex -93.5379 21.5596 114.3
      vertex -93.8284 21.5558 114.3
    endloop
  endfacet
  facet normal 0 0 1
    outer loop
      vertex -95.25 19.977 114.3
      vertex -93.8284 21.5558 114.3
      vertex -94.1134 21.4992 114.3
    endloop
  endfacet
  facet normal 0 0 1
    outer loop
      vertex -69.85 15.296 114.3
      vertex -94.1494 -0.148148 114.3
      vertex -41.0028 -7.3025 114.3
    endloop
  endfacet
  facet normal 0 0 1
    outer loop
      vertex -93.2516 21.5104 114.3
      vertex -95.25 19.977 114.3
      vertex -95.25 1.11049 114.3
    endloop
  endfacet
  facet normal 0 0 1
    outer loop
      vertex -95.25 19.977 114.3
      vertex -94.1134 21.4992 114.3
      vertex -94.3832 21.3915 114.3
    endloop
  endfacet
  facet normal 0 0 1
    outer loop
      vertex -70.2609 15.3501 114.3
      vertex -95.25 1.11049 114.3
      vertex -94.1494 -0.148148 114.3
    endloop
  endfacet
  facet normal 0 0 1
    outer loop
      vertex -95.25 19.977 114.3
      vertex -94.3832 21.3915 114.3
      vertex -94.6289 21.2365 114.3
    endloop
  endfacet
  facet normal 0 0 1
    outer loop
      vertex -94.1494 -0.148148 114.3
      vertex -95.25 1.11049 114.3
      vertex -94.3279 -0.110916 114.3
    endloop
  endfacet
  facet normal 0 0 1
    outer loop
      vertex -94.3279 -0.110916 114.3
      vertex -95.25 1.11049 114.3
      vertex -94.4993 -0.0484924 114.3
    endloop
  endfacet
  facet normal 0 0 1
    outer loop
      vertex -95.25 19.977 114.3
      vertex -94.6289 21.2365 114.3
      vertex -94.8422 21.0393 114.3
    endloop
  endfacet
  facet normal 0 0 1
    outer loop
      vertex -94.4993 -0.0484924 114.3
      vertex -95.25 1.11049 114.3
      vertex -94.6599 0.037796 114.3
    endloop
  endfacet
  facet normal 0 0 1
    outer loop
      vertex -95.25 19.977 114.3
      vertex -94.8422 21.0393 114.3
      vertex -95.0161 20.8065 114.3
    endloop
  endfacet
  facet normal 0 0 1
    outer loop
      vertex -94.6599 0.037796 114.3
      vertex -95.25 1.11049 114.3
      vertex -94.8065 0.14621 114.3
    endloop
  endfacet
  facet normal 0 0 1
    outer loop
      vertex -94.8065 0.14621 114.3
      vertex -95.25 1.11049 114.3
      vertex -94.9361 0.274506 114.3
    endloop
  endfacet
  facet normal 0 0 1
    outer loop
      vertex -95.25 19.977 114.3
      vertex -95.0161 20.8065 114.3
      vertex -95.1445 20.5459 114.3
    endloop
  endfacet
  facet normal 0 0 1
    outer loop
      vertex -94.9361 0.274506 114.3
      vertex -95.25 1.11049 114.3
      vertex -95.0459 0.420029 114.3
    endloop
  endfacet
  facet normal 0 0 1
    outer loop
      vertex -95.25 19.977 114.3
      vertex -95.1445 20.5459 114.3
      vertex -95.2234 20.2663 114.3
    endloop
  endfacet
  facet normal 0 0 1
    outer loop
      vertex -95.0459 0.420029 114.3
      vertex -95.25 1.11049 114.3
      vertex -95.1338 0.579803 114.3
    endloop
  endfacet
  facet normal 0 0 1
    outer loop
      vertex -95.1338 0.579803 114.3
      vertex -95.25 1.11049 114.3
      vertex -95.1979 0.750488 114.3
    endloop
  endfacet
  facet normal 0 0 1
    outer loop
      vertex -95.1979 0.750488 114.3
      vertex -95.25 1.11049 114.3
      vertex -95.2369 0.928619 114.3
    endloop
  endfacet
  facet normal 0 0 1
    outer loop
      vertex -36.913 28.685 114.3
      vertex -36.83 28.7134 114.3
      vertex -36.9013 28.7134 114.3
    endloop
  endfacet
  facet normal 0 0 1
    outer loop
      vertex -36.9755 28.583 114.3
      vertex -36.83 28.7134 114.3
      vertex -36.913 28.685 114.3
    endloop
  endfacet
  facet normal 0 0 1
    outer loop
      vertex -37.0532 28.4921 114.3
      vertex -36.83 28.7134 114.3
      vertex -36.9755 28.583 114.3
    endloop
  endfacet
  facet normal 0 0 1
    outer loop
      vertex -36.83 28.7134 114.3
      vertex -37.0532 28.4921 114.3
      vertex -36.83 24.5859 114.3
    endloop
  endfacet
  facet normal -0 0 1
    outer loop
      vertex -37.1441 28.4144 114.3
      vertex -36.83 24.5859 114.3
      vertex -37.0532 28.4921 114.3
    endloop
  endfacet
  facet normal -0 0 1
    outer loop
      vertex -37.246 28.352 114.3
      vertex -36.83 24.5859 114.3
      vertex -37.1441 28.4144 114.3
    endloop
  endfacet
  facet normal -0 0 1
    outer loop
      vertex -37.3565 28.3062 114.3
      vertex -36.83 24.5859 114.3
      vertex -37.246 28.352 114.3
    endloop
  endfacet
  facet normal -0 0 1
    outer loop
      vertex -37.4728 28.2783 114.3
      vertex -36.83 24.5859 114.3
      vertex -37.3565 28.3062 114.3
    endloop
  endfacet
  facet normal -0 0 1
    outer loop
      vertex -37.592 28.2689 114.3
      vertex -36.83 24.5859 114.3
      vertex -37.4728 28.2783 114.3
    endloop
  endfacet
  facet normal 0 0 1
    outer loop
      vertex -43.688 24.5859 114.3
      vertex -37.592 28.2689 114.3
      vertex -43.688 28.2689 114.3
    endloop
  endfacet
  facet normal 0 0 1
    outer loop
      vertex -37.592 28.2689 114.3
      vertex -43.688 24.5859 114.3
      vertex -36.83 24.5859 114.3
    endloop
  endfacet
  facet normal -0 0 1
    outer loop
      vertex -44.45 27.5069 114.3
      vertex -43.688 24.5859 114.3
      vertex -43.688 28.2689 114.3
    endloop
  endfacet
  facet normal 0 0 1
    outer loop
      vertex -43.688 24.5859 114.3
      vertex -44.45 27.5069 114.3
      vertex -44.45 25.3479 114.3
    endloop
  endfacet
  facet normal 0 1 0
    outer loop
      vertex -1.58749 30.3009 10.033
      vertex -1.58749 30.3009 1.58747
      vertex -9.906 30.3009 10.033
    endloop
  endfacet
  facet normal 0 1 0
    outer loop
      vertex -8.89 30.3009 43.307
      vertex -8.89 30.3009 70.993
      vertex -1.58749 30.3009 70.993
    endloop
  endfacet
  facet normal 0 1 0
    outer loop
      vertex -8.89 30.3009 43.307
      vertex -1.58749 30.3009 70.993
      vertex -1.58749 30.3009 43.307
    endloop
  endfacet
  facet normal 0 1 0
    outer loop
      vertex -8.89 30.3009 104.267
      vertex -1.58749 30.3009 112.713
      vertex -1.58749 30.3009 104.267
    endloop
  endfacet
  facet normal 0 1 0
    outer loop
      vertex -9.906 30.3009 104.267
      vertex -1.58749 30.3009 112.713
      vertex -8.89 30.3009 104.267
    endloop
  endfacet
  facet normal 0 1 0
    outer loop
      vertex -11.2255 30.3009 104.202
      vertex -1.58749 30.3009 112.713
      vertex -9.906 30.3009 104.267
    endloop
  endfacet
  facet normal 0 1 0
    outer loop
      vertex -12.5323 30.3009 104.008
      vertex -1.58749 30.3009 112.713
      vertex -11.2255 30.3009 104.202
    endloop
  endfacet
  facet normal 0 1 0
    outer loop
      vertex -13.8138 30.3009 103.687
      vertex -1.58749 30.3009 112.713
      vertex -12.5323 30.3009 104.008
    endloop
  endfacet
  facet normal 0 1 0
    outer loop
      vertex -1.58749 30.3009 112.713
      vertex -13.8138 30.3009 103.687
      vertex -35.2425 30.3009 112.713
    endloop
  endfacet
  facet normal 0 1 -0
    outer loop
      vertex -15.0577 30.3009 103.242
      vertex -35.2425 30.3009 112.713
      vertex -13.8138 30.3009 103.687
    endloop
  endfacet
  facet normal 0 1 -0
    outer loop
      vertex -16.2519 30.3009 102.677
      vertex -35.2425 30.3009 112.713
      vertex -15.0577 30.3009 103.242
    endloop
  endfacet
  facet normal 0 1 -0
    outer loop
      vertex -17.3851 30.3009 101.998
      vertex -35.2425 30.3009 112.713
      vertex -16.2519 30.3009 102.677
    endloop
  endfacet
  facet normal 0 1 -0
    outer loop
      vertex -18.4462 30.3009 101.211
      vertex -35.2425 30.3009 112.713
      vertex -17.3851 30.3009 101.998
    endloop
  endfacet
  facet normal 0 1 -0
    outer loop
      vertex -19.4251 30.3009 100.324
      vertex -35.2425 30.3009 112.713
      vertex -18.4462 30.3009 101.211
    endloop
  endfacet
  facet normal 0 1 -0
    outer loop
      vertex -20.3123 30.3009 99.3452
      vertex -35.2425 30.3009 112.713
      vertex -19.4251 30.3009 100.324
    endloop
  endfacet
  facet normal 0 1 -0
    outer loop
      vertex -21.0992 30.3009 98.2841
      vertex -35.2425 30.3009 112.713
      vertex -20.3123 30.3009 99.3452
    endloop
  endfacet
  facet normal 0 1 -0
    outer loop
      vertex -21.7784 30.3009 97.1509
      vertex -35.2425 30.3009 112.713
      vertex -21.0992 30.3009 98.2841
    endloop
  endfacet
  facet normal 0 1 -0
    outer loop
      vertex -22.3433 30.3009 95.9567
      vertex -35.2425 30.3009 112.713
      vertex -21.7784 30.3009 97.1509
    endloop
  endfacet
  facet normal 0 1 -0
    outer loop
      vertex -22.7883 30.3009 94.7128
      vertex -35.2425 30.3009 112.713
      vertex -22.3433 30.3009 95.9567
    endloop
  endfacet
  facet normal 0 1 -0
    outer loop
      vertex -23.1093 30.3009 93.4313
      vertex -35.2425 30.3009 112.713
      vertex -22.7883 30.3009 94.7128
    endloop
  endfacet
  facet normal 0 1 -0
    outer loop
      vertex -23.3032 30.3009 92.1245
      vertex -35.2425 30.3009 112.713
      vertex -23.1093 30.3009 93.4313
    endloop
  endfacet
  facet normal 0 1 -0
    outer loop
      vertex -23.368 30.3009 90.805
      vertex -35.2425 30.3009 112.713
      vertex -23.3032 30.3009 92.1245
    endloop
  endfacet
  facet normal 0 1 -0
    outer loop
      vertex -23.368 30.3009 84.455
      vertex -35.2425 30.3009 112.713
      vertex -23.368 30.3009 90.805
    endloop
  endfacet
  facet normal 0 1 0
    outer loop
      vertex -23.3032 30.3009 83.1355
      vertex -35.2425 30.3009 112.713
      vertex -23.368 30.3009 84.455
    endloop
  endfacet
  facet normal 0 1 0
    outer loop
      vertex -23.1093 30.3009 81.8287
      vertex -35.2425 30.3009 112.713
      vertex -23.3032 30.3009 83.1355
    endloop
  endfacet
  facet normal 0 1 0
    outer loop
      vertex -23.1093 30.3009 32.4713
      vertex -23.1093 30.3009 81.8287
      vertex -22.7883 30.3009 80.5472
    endloop
  endfacet
  facet normal 0 1 0
    outer loop
      vertex -22.7883 30.3009 33.7528
      vertex -22.7883 30.3009 80.5472
      vertex -22.3433 30.3009 79.3033
    endloop
  endfacet
  facet normal 0 1 0
    outer loop
      vertex -8.89 30.3009 70.993
      vertex -8.89 30.3009 43.307
      vertex -9.906 30.3009 70.993
    endloop
  endfacet
  facet normal 0 1 0
    outer loop
      vertex -9.906 30.3009 43.307
      vertex -9.906 30.3009 70.993
      vertex -8.89 30.3009 43.307
    endloop
  endfacet
  facet normal 0 1 0
    outer loop
      vertex -9.906 30.3009 70.993
      vertex -9.906 30.3009 43.307
      vertex -11.2255 30.3009 71.0578
    endloop
  endfacet
  facet normal 0 1 0
    outer loop
      vertex -11.2255 30.3009 43.2422
      vertex -11.2255 30.3009 71.0578
      vertex -9.906 30.3009 43.307
    endloop
  endfacet
  facet normal 0 1 0
    outer loop
      vertex -11.2255 30.3009 71.0578
      vertex -11.2255 30.3009 43.2422
      vertex -12.5323 30.3009 71.2517
    endloop
  endfacet
  facet normal 0 1 0
    outer loop
      vertex -12.5323 30.3009 43.0483
      vertex -12.5323 30.3009 71.2517
      vertex -11.2255 30.3009 43.2422
    endloop
  endfacet
  facet normal 0 1 0
    outer loop
      vertex -12.5323 30.3009 71.2517
      vertex -12.5323 30.3009 43.0483
      vertex -13.8138 30.3009 71.5727
    endloop
  endfacet
  facet normal 0 1 0
    outer loop
      vertex -13.8138 30.3009 42.7273
      vertex -13.8138 30.3009 71.5727
      vertex -12.5323 30.3009 43.0483
    endloop
  endfacet
  facet normal 0 1 0
    outer loop
      vertex -13.8138 30.3009 71.5727
      vertex -13.8138 30.3009 42.7273
      vertex -15.0577 30.3009 72.0177
    endloop
  endfacet
  facet normal 0 1 0
    outer loop
      vertex -15.0577 30.3009 42.2823
      vertex -15.0577 30.3009 72.0177
      vertex -13.8138 30.3009 42.7273
    endloop
  endfacet
  facet normal 0 1 0
    outer loop
      vertex -15.0577 30.3009 72.0177
      vertex -15.0577 30.3009 42.2823
      vertex -16.2519 30.3009 72.5826
    endloop
  endfacet
  facet normal 0 1 0
    outer loop
      vertex -16.2519 30.3009 41.7174
      vertex -16.2519 30.3009 72.5826
      vertex -15.0577 30.3009 42.2823
    endloop
  endfacet
  facet normal 0 1 0
    outer loop
      vertex -16.2519 30.3009 72.5826
      vertex -16.2519 30.3009 41.7174
      vertex -17.3851 30.3009 73.2618
    endloop
  endfacet
  facet normal 0 1 0
    outer loop
      vertex -17.3851 30.3009 41.0382
      vertex -17.3851 30.3009 73.2618
      vertex -16.2519 30.3009 41.7174
    endloop
  endfacet
  facet normal 0 1 0
    outer loop
      vertex -17.3851 30.3009 73.2618
      vertex -17.3851 30.3009 41.0382
      vertex -18.4462 30.3009 74.0487
    endloop
  endfacet
  facet normal 0 1 0
    outer loop
      vertex -18.4462 30.3009 40.2513
      vertex -18.4462 30.3009 74.0487
      vertex -17.3851 30.3009 41.0382
    endloop
  endfacet
  facet normal 0 1 0
    outer loop
      vertex -18.4462 30.3009 74.0487
      vertex -18.4462 30.3009 40.2513
      vertex -19.4251 30.3009 74.9359
    endloop
  endfacet
  facet normal 0 1 0
    outer loop
      vertex -19.4251 30.3009 39.3641
      vertex -19.4251 30.3009 74.9359
      vertex -18.4462 30.3009 40.2513
    endloop
  endfacet
  facet normal 0 1 0
    outer loop
      vertex -19.4251 30.3009 74.9359
      vertex -19.4251 30.3009 39.3641
      vertex -20.3123 30.3009 75.9148
    endloop
  endfacet
  facet normal 0 1 0
    outer loop
      vertex -20.3123 30.3009 38.3852
      vertex -20.3123 30.3009 75.9148
      vertex -19.4251 30.3009 39.3641
    endloop
  endfacet
  facet normal 0 1 0
    outer loop
      vertex -20.3123 30.3009 75.9148
      vertex -20.3123 30.3009 38.3852
      vertex -21.0992 30.3009 76.9759
    endloop
  endfacet
  facet normal 0 1 0
    outer loop
      vertex -21.0992 30.3009 37.3241
      vertex -21.0992 30.3009 76.9759
      vertex -20.3123 30.3009 38.3852
    endloop
  endfacet
  facet normal 0 1 0
    outer loop
      vertex -21.0992 30.3009 76.9759
      vertex -21.0992 30.3009 37.3241
      vertex -21.7784 30.3009 78.1091
    endloop
  endfacet
  facet normal 0 1 0
    outer loop
      vertex -21.7784 30.3009 36.1909
      vertex -21.7784 30.3009 78.1091
      vertex -21.0992 30.3009 37.3241
    endloop
  endfacet
  facet normal 0 1 0
    outer loop
      vertex -21.7784 30.3009 78.1091
      vertex -21.7784 30.3009 36.1909
      vertex -22.3433 30.3009 79.3033
    endloop
  endfacet
  facet normal 0 1 0
    outer loop
      vertex -22.3433 30.3009 34.9967
      vertex -22.3433 30.3009 79.3033
      vertex -21.7784 30.3009 36.1909
    endloop
  endfacet
  facet normal 0 1 0
    outer loop
      vertex -22.7883 30.3009 33.7528
      vertex -22.3433 30.3009 79.3033
      vertex -22.3433 30.3009 34.9967
    endloop
  endfacet
  facet normal 0 1 0
    outer loop
      vertex -22.7883 30.3009 80.5472
      vertex -22.7883 30.3009 33.7528
      vertex -23.1093 30.3009 32.4713
    endloop
  endfacet
  facet normal 0 1 0
    outer loop
      vertex -23.1093 30.3009 81.8287
      vertex -23.1093 30.3009 32.4713
      vertex -35.2425 30.3009 112.713
    endloop
  endfacet
  facet normal 0 1 0
    outer loop
      vertex -35.2425 30.3009 1.58747
      vertex -23.1093 30.3009 32.4713
      vertex -23.3032 30.3009 31.1645
    endloop
  endfacet
  facet normal 0 1 0
    outer loop
      vertex -35.2425 30.3009 1.58747
      vertex -23.3032 30.3009 31.1645
      vertex -23.368 30.3009 29.845
    endloop
  endfacet
  facet normal 0 1 0
    outer loop
      vertex -35.2425 30.3009 1.58747
      vertex -23.368 30.3009 29.845
      vertex -23.368 30.3009 23.495
    endloop
  endfacet
  facet normal 0 1 0
    outer loop
      vertex -35.2425 30.3009 1.58747
      vertex -23.368 30.3009 23.495
      vertex -23.3032 30.3009 22.1755
    endloop
  endfacet
  facet normal 0 1 0
    outer loop
      vertex -1.58749 30.3009 1.58747
      vertex -11.2255 30.3009 10.0978
      vertex -9.906 30.3009 10.033
    endloop
  endfacet
  facet normal 0 1 0
    outer loop
      vertex -1.58749 30.3009 1.58747
      vertex -12.5323 30.3009 10.2917
      vertex -11.2255 30.3009 10.0978
    endloop
  endfacet
  facet normal 0 1 0
    outer loop
      vertex -1.58749 30.3009 1.58747
      vertex -13.8138 30.3009 10.6127
      vertex -12.5323 30.3009 10.2917
    endloop
  endfacet
  facet normal 0 1 0
    outer loop
      vertex -35.2425 30.3009 1.58747
      vertex -13.8138 30.3009 10.6127
      vertex -1.58749 30.3009 1.58747
    endloop
  endfacet
  facet normal 0 1 0
    outer loop
      vertex -13.8138 30.3009 10.6127
      vertex -35.2425 30.3009 1.58747
      vertex -15.0577 30.3009 11.0577
    endloop
  endfacet
  facet normal 0 1 0
    outer loop
      vertex -15.0577 30.3009 11.0577
      vertex -35.2425 30.3009 1.58747
      vertex -16.2519 30.3009 11.6226
    endloop
  endfacet
  facet normal 0 1 0
    outer loop
      vertex -23.1093 30.3009 32.4713
      vertex -35.2425 30.3009 1.58747
      vertex -35.2425 30.3009 112.713
    endloop
  endfacet
  facet normal 0 1 0
    outer loop
      vertex -23.1093 30.3009 20.8687
      vertex -35.2425 30.3009 1.58747
      vertex -23.3032 30.3009 22.1755
    endloop
  endfacet
  facet normal 0 1 0
    outer loop
      vertex -22.7883 30.3009 19.5872
      vertex -35.2425 30.3009 1.58747
      vertex -23.1093 30.3009 20.8687
    endloop
  endfacet
  facet normal 0 1 0
    outer loop
      vertex -22.3433 30.3009 18.3433
      vertex -35.2425 30.3009 1.58747
      vertex -22.7883 30.3009 19.5872
    endloop
  endfacet
  facet normal 0 1 0
    outer loop
      vertex -21.7784 30.3009 17.1491
      vertex -35.2425 30.3009 1.58747
      vertex -22.3433 30.3009 18.3433
    endloop
  endfacet
  facet normal 0 1 0
    outer loop
      vertex -21.0992 30.3009 16.0159
      vertex -35.2425 30.3009 1.58747
      vertex -21.7784 30.3009 17.1491
    endloop
  endfacet
  facet normal 0 1 0
    outer loop
      vertex -20.3123 30.3009 14.9548
      vertex -35.2425 30.3009 1.58747
      vertex -21.0992 30.3009 16.0159
    endloop
  endfacet
  facet normal 0 1 0
    outer loop
      vertex -19.4251 30.3009 13.9759
      vertex -35.2425 30.3009 1.58747
      vertex -20.3123 30.3009 14.9548
    endloop
  endfacet
  facet normal 0 1 0
    outer loop
      vertex -18.4462 30.3009 13.0887
      vertex -35.2425 30.3009 1.58747
      vertex -19.4251 30.3009 13.9759
    endloop
  endfacet
  facet normal 0 1 0
    outer loop
      vertex -17.3851 30.3009 12.3018
      vertex -35.2425 30.3009 1.58747
      vertex -18.4462 30.3009 13.0887
    endloop
  endfacet
  facet normal 0 1 0
    outer loop
      vertex -16.2519 30.3009 11.6226
      vertex -35.2425 30.3009 1.58747
      vertex -17.3851 30.3009 12.3018
    endloop
  endfacet
  facet normal -0.078293 0.99693 0
    outer loop
      vertex -35.2425 30.3009 1.58747
      vertex -35.4908 30.2814 112.811
      vertex -35.2425 30.3009 112.713
    endloop
  endfacet
  facet normal -0.078293 0.99693 0
    outer loop
      vertex -35.4908 30.2814 112.811
      vertex -35.2425 30.3009 1.58747
      vertex -35.4908 30.2814 1.4892
    endloop
  endfacet
  facet normal -0.233555 0.972344 0
    outer loop
      vertex -35.4908 30.2814 1.4892
      vertex -35.7331 30.2232 113.103
      vertex -35.4908 30.2814 112.811
    endloop
  endfacet
  facet normal -0.233555 0.972344 0
    outer loop
      vertex -35.7331 30.2232 113.103
      vertex -35.4908 30.2814 1.4892
      vertex -35.7331 30.2232 1.19686
    endloop
  endfacet
  facet normal -0.382827 0.92382 -0.000164365
    outer loop
      vertex -35.7331 30.2232 113.103
      vertex -35.9632 30.1279 113.398
      vertex -35.8372 30.1801 113.32
    endloop
  endfacet
  facet normal -0.382647 0.923894 0
    outer loop
      vertex -35.7331 30.2232 1.19686
      vertex -35.9632 30.1279 113.398
      vertex -35.7331 30.2232 113.103
    endloop
  endfacet
  facet normal -0.382827 0.92382 0.000164614
    outer loop
      vertex -35.9632 30.1279 0.901868
      vertex -35.7331 30.2232 1.19686
      vertex -35.8372 30.1801 0.97999
    endloop
  endfacet
  facet normal -0.382647 0.923894 0
    outer loop
      vertex -35.7331 30.2232 1.19686
      vertex -35.9632 30.1279 0.901868
      vertex -35.9632 30.1279 113.398
    endloop
  endfacet
  facet normal -0.522619 0.852567 0
    outer loop
      vertex -35.9632 30.1279 0.901868
      vertex -36.1756 29.9977 113.593
      vertex -35.9632 30.1279 113.398
    endloop
  endfacet
  facet normal -0.522619 0.852567 0
    outer loop
      vertex -36.1756 29.9977 113.593
      vertex -35.9632 30.1279 0.901868
      vertex -36.1756 29.9977 0.707074
    endloop
  endfacet
  facet normal -0.649534 0.760332 0
    outer loop
      vertex -36.1756 29.9977 0.707074
      vertex -36.365 29.8359 113.835
      vertex -36.1756 29.9977 113.593
    endloop
  endfacet
  facet normal -0.649534 0.760332 0
    outer loop
      vertex -36.365 29.8359 0.464965
      vertex -36.365 29.8359 113.835
      vertex -36.1756 29.9977 0.707074
    endloop
  endfacet
  facet normal 0.649534 -0.760332 0
    outer loop
      vertex -36.365 29.8359 0.464965
      vertex -36.1756 29.9977 0.707074
      vertex -36.365 29.8359 0.464968
    endloop
  endfacet
  facet normal -0.760332 0.649534 0
    outer loop
      vertex -36.5268 29.6465 0.338397
      vertex -36.365 29.8359 113.835
      vertex -36.365 29.8359 0.464965
    endloop
  endfacet
  facet normal -0.760332 0.649534 0
    outer loop
      vertex -36.365 29.8359 113.835
      vertex -36.5268 29.6465 0.338397
      vertex -36.5268 29.6465 113.962
    endloop
  endfacet
  facet normal -0.852567 0.522619 0
    outer loop
      vertex -36.657 29.4341 0.196474
      vertex -36.5268 29.6465 113.962
      vertex -36.5268 29.6465 0.338397
    endloop
  endfacet
  facet normal -0.852567 0.522619 0
    outer loop
      vertex -36.5268 29.6465 113.962
      vertex -36.657 29.4341 0.196474
      vertex -36.657 29.4341 114.104
    endloop
  endfacet
  facet normal -0.923454 0.383698 -0.00286792
    outer loop
      vertex -36.7523 29.204 0.0975773
      vertex -36.657 29.4341 0.196474
      vertex -36.7038 29.3209 0.120841
    endloop
  endfacet
  facet normal -0.923894 0.382647 0
    outer loop
      vertex -36.657 29.4341 0.196474
      vertex -36.7523 29.204 0.0975773
      vertex -36.657 29.4341 114.104
    endloop
  endfacet
  facet normal -0.923894 0.382647 0
    outer loop
      vertex -36.7523 29.204 114.202
      vertex -36.657 29.4341 114.104
      vertex -36.7523 29.204 0.0975773
    endloop
  endfacet
  facet normal -0.923455 0.383696 0.00288847
    outer loop
      vertex -36.657 29.4341 114.104
      vertex -36.7523 29.204 114.202
      vertex -36.7038 29.3209 114.179
    endloop
  endfacet
  facet normal -0.972435 0.233176 0
    outer loop
      vertex -36.8104 28.9617 0.0493972
      vertex -36.7523 29.204 114.202
      vertex -36.7523 29.204 0.0975773
    endloop
  endfacet
  facet normal -0.972435 0.233176 0
    outer loop
      vertex -36.7523 29.204 114.202
      vertex -36.8104 28.9617 0.0493972
      vertex -36.8104 28.9617 114.251
    endloop
  endfacet
  facet normal -0.996899 0.078692 0
    outer loop
      vertex -36.83 28.7134 0
      vertex -36.8104 28.9617 114.251
      vertex -36.8104 28.9617 0.0493972
    endloop
  endfacet
  facet normal -0.996899 0.078692 0
    outer loop
      vertex -36.8104 28.9617 114.251
      vertex -36.83 28.7134 0
      vertex -36.83 28.7134 114.3
    endloop
  endfacet
  facet normal 1 0 0
    outer loop
      vertex -36.83 28.7134 114.3
      vertex -36.83 29.0309 0.0631525
      vertex -36.83 29.0309 114.237
    endloop
  endfacet
  facet normal 1 0 0
    outer loop
      vertex -36.83 29.0309 0.0631525
      vertex -36.83 28.7134 114.3
      vertex -36.83 28.7134 0
    endloop
  endfacet
  facet normal -0.996905 0.078615 0
    outer loop
      vertex -36.8394 28.9117 0.0394419
      vertex -36.83 29.0309 114.237
      vertex -36.83 29.0309 0.0631525
    endloop
  endfacet
  facet normal -0.996905 0.078615 0
    outer loop
      vertex -36.83 29.0309 114.237
      vertex -36.8394 28.9117 0.0394419
      vertex -36.8394 28.9117 114.261
    endloop
  endfacet
  facet normal -0.97241 0.233278 0
    outer loop
      vertex -36.8673 28.7954 0.016314
      vertex -36.8394 28.9117 114.261
      vertex -36.8394 28.9117 0.0394419
    endloop
  endfacet
  facet normal -0.97241 0.233278 0
    outer loop
      vertex -36.8394 28.9117 114.261
      vertex -36.8673 28.7954 0.016314
      vertex -36.8673 28.7954 114.284
    endloop
  endfacet
  facet normal -0.92454 0.380884 0.012372
    outer loop
      vertex -36.913 28.685 0
      vertex -36.8673 28.7954 0.016314
      vertex -36.9013 28.7134 0
    endloop
  endfacet
  facet normal -0.923966 0.382475 0
    outer loop
      vertex -36.8673 28.7954 0.016314
      vertex -36.913 28.685 0
      vertex -36.8673 28.7954 114.284
    endloop
  endfacet
  facet normal -0.923966 0.382475 0
    outer loop
      vertex -36.913 28.685 114.3
      vertex -36.8673 28.7954 114.284
      vertex -36.913 28.685 0
    endloop
  endfacet
  facet normal -0.924537 0.380883 -0.0126147
    outer loop
      vertex -36.8673 28.7954 114.284
      vertex -36.913 28.685 114.3
      vertex -36.9013 28.7134 114.3
    endloop
  endfacet
  facet normal -0.852661 0.522464 0
    outer loop
      vertex -36.9755 28.583 0
      vertex -36.913 28.685 114.3
      vertex -36.913 28.685 0
    endloop
  endfacet
  facet normal -0.852661 0.522464 0
    outer loop
      vertex -36.913 28.685 114.3
      vertex -36.9755 28.583 0
      vertex -36.9755 28.583 114.3
    endloop
  endfacet
  facet normal -0.760141 0.649758 0
    outer loop
      vertex -37.0532 28.4921 0
      vertex -36.9755 28.583 114.3
      vertex -36.9755 28.583 0
    endloop
  endfacet
  facet normal -0.760141 0.649758 0
    outer loop
      vertex -36.9755 28.583 114.3
      vertex -37.0532 28.4921 0
      vertex -37.0532 28.4921 114.3
    endloop
  endfacet
  facet normal -0.649758 0.760141 0
    outer loop
      vertex -37.0532 28.4921 0
      vertex -37.1441 28.4144 114.3
      vertex -37.0532 28.4921 114.3
    endloop
  endfacet
  facet normal -0.649758 0.760141 0
    outer loop
      vertex -37.1441 28.4144 114.3
      vertex -37.0532 28.4921 0
      vertex -37.1441 28.4144 0
    endloop
  endfacet
  facet normal -0.522228 0.852806 0
    outer loop
      vertex -37.1441 28.4144 0
      vertex -37.246 28.352 114.3
      vertex -37.1441 28.4144 114.3
    endloop
  endfacet
  facet normal -0.522228 0.852806 0
    outer loop
      vertex -37.246 28.352 114.3
      vertex -37.1441 28.4144 0
      vertex -37.246 28.352 0
    endloop
  endfacet
  facet normal -0.382893 0.923793 0
    outer loop
      vertex -37.246 28.352 0
      vertex -37.3565 28.3062 114.3
      vertex -37.246 28.352 114.3
    endloop
  endfacet
  facet normal -0.382893 0.923793 0
    outer loop
      vertex -37.3565 28.3062 114.3
      vertex -37.246 28.352 0
      vertex -37.3565 28.3062 0
    endloop
  endfacet
  facet normal -0.233278 0.97241 0
    outer loop
      vertex -37.3565 28.3062 0
      vertex -37.4728 28.2783 114.3
      vertex -37.3565 28.3062 114.3
    endloop
  endfacet
  facet normal -0.233278 0.97241 0
    outer loop
      vertex -37.4728 28.2783 114.3
      vertex -37.3565 28.3062 0
      vertex -37.4728 28.2783 0
    endloop
  endfacet
  facet normal -0.078615 0.996905 0
    outer loop
      vertex -37.4728 28.2783 0
      vertex -37.592 28.2689 114.3
      vertex -37.4728 28.2783 114.3
    endloop
  endfacet
  facet normal -0.078615 0.996905 0
    outer loop
      vertex -37.592 28.2689 114.3
      vertex -37.4728 28.2783 0
      vertex -37.592 28.2689 0
    endloop
  endfacet
  facet normal 0 1 -0
    outer loop
      vertex -37.592 28.2689 0
      vertex -43.688 28.2689 114.3
      vertex -37.592 28.2689 114.3
    endloop
  endfacet
  facet normal 0 1 0
    outer loop
      vertex -43.688 28.2689 114.3
      vertex -37.592 28.2689 0
      vertex -43.688 28.2689 0
    endloop
  endfacet
  facet normal -0.707107 0.707107 0
    outer loop
      vertex -44.45 27.5069 0
      vertex -43.688 28.2689 114.3
      vertex -43.688 28.2689 0
    endloop
  endfacet
  facet normal -0.707107 0.707107 0
    outer loop
      vertex -43.688 28.2689 114.3
      vertex -44.45 27.5069 0
      vertex -44.45 27.5069 114.3
    endloop
  endfacet
  facet normal -1 0 0
    outer loop
      vertex -44.45 25.3479 0
      vertex -44.45 27.5069 114.3
      vertex -44.45 27.5069 0
    endloop
  endfacet
  facet normal -1 -0 0
    outer loop
      vertex -44.45 27.5069 114.3
      vertex -44.45 25.3479 0
      vertex -44.45 25.3479 114.3
    endloop
  endfacet
  facet normal -0.707107 -0.707107 0
    outer loop
      vertex -44.45 25.3479 0
      vertex -43.688 24.5859 114.3
      vertex -44.45 25.3479 114.3
    endloop
  endfacet
  facet normal -0.707107 -0.707107 -0
    outer loop
      vertex -43.688 24.5859 114.3
      vertex -44.45 25.3479 0
      vertex -43.688 24.5859 0
    endloop
  endfacet
  facet normal 0 -1 0
    outer loop
      vertex -43.688 24.5859 0
      vertex -36.83 24.5859 114.3
      vertex -43.688 24.5859 114.3
    endloop
  endfacet
  facet normal 0 -1 -0
    outer loop
      vertex -36.83 24.5859 114.3
      vertex -43.688 24.5859 0
      vertex -36.83 24.5859 0
    endloop
  endfacet
  facet normal -1 0 0
    outer loop
      vertex -36.83 22.0459 0
      vertex -36.83 24.5859 114.3
      vertex -36.83 24.5859 0
    endloop
  endfacet
  facet normal -1 -0 0
    outer loop
      vertex -36.83 24.5859 114.3
      vertex -36.83 22.0459 0
      vertex -36.83 22.0459 114.3
    endloop
  endfacet
  facet normal 0 1 -0
    outer loop
      vertex -36.83 22.0459 0
      vertex -43.688 22.0459 114.3
      vertex -36.83 22.0459 114.3
    endloop
  endfacet
  facet normal 0 1 0
    outer loop
      vertex -43.688 22.0459 114.3
      vertex -36.83 22.0459 0
      vertex -43.688 22.0459 0
    endloop
  endfacet
  facet normal -0.130516 0.991446 0
    outer loop
      vertex -43.688 22.0459 0
      vertex -45.186 21.8487 114.3
      vertex -43.688 22.0459 114.3
    endloop
  endfacet
  facet normal -0.130516 0.991446 0
    outer loop
      vertex -45.186 21.8487 114.3
      vertex -43.688 22.0459 0
      vertex -45.186 21.8487 0
    endloop
  endfacet
  facet normal -0.258819 0.965926 0
    outer loop
      vertex -45.186 21.8487 0
      vertex -69.4391 15.3501 114.3
      vertex -45.186 21.8487 114.3
    endloop
  endfacet
  facet normal -0.258819 0.965926 0
    outer loop
      vertex -69.4391 15.3501 114.3
      vertex -45.186 21.8487 0
      vertex -69.4391 15.3501 0
    endloop
  endfacet
  facet normal -0.233464 0.972365 0
    outer loop
      vertex -69.4391 15.3501 0
      vertex -69.5199 15.3307 114.3
      vertex -69.4391 15.3501 114.3
    endloop
  endfacet
  facet normal -0.233464 0.972365 0
    outer loop
      vertex -69.5199 15.3307 114.3
      vertex -69.4391 15.3501 0
      vertex -69.5199 15.3307 0
    endloop
  endfacet
  facet normal -0.182692 0.98317 0
    outer loop
      vertex -69.5199 15.3307 0
      vertex -69.6017 15.3155 114.3
      vertex -69.5199 15.3307 114.3
    endloop
  endfacet
  facet normal -0.182692 0.98317 0
    outer loop
      vertex -69.6017 15.3155 114.3
      vertex -69.5199 15.3307 0
      vertex -69.6017 15.3155 0
    endloop
  endfacet
  facet normal -0.129956 0.99152 0
    outer loop
      vertex -69.6017 15.3155 0
      vertex -69.6841 15.3047 114.3
      vertex -69.6017 15.3155 114.3
    endloop
  endfacet
  facet normal -0.129956 0.99152 0
    outer loop
      vertex -69.6841 15.3047 114.3
      vertex -69.6017 15.3155 0
      vertex -69.6841 15.3047 0
    endloop
  endfacet
  facet normal -0.0782616 0.996933 0
    outer loop
      vertex -69.6841 15.3047 0
      vertex -69.7669 15.2982 114.3
      vertex -69.6841 15.3047 114.3
    endloop
  endfacet
  facet normal -0.0782616 0.996933 0
    outer loop
      vertex -69.7669 15.2982 114.3
      vertex -69.6841 15.3047 0
      vertex -69.7669 15.2982 0
    endloop
  endfacet
  facet normal -0.0264649 0.99965 0
    outer loop
      vertex -69.7669 15.2982 0
      vertex -69.85 15.296 114.3
      vertex -69.7669 15.2982 114.3
    endloop
  endfacet
  facet normal -0.0264649 0.99965 0
    outer loop
      vertex -69.85 15.296 114.3
      vertex -69.7669 15.2982 0
      vertex -69.85 15.296 0
    endloop
  endfacet
  facet normal 0.0264649 0.99965 -0
    outer loop
      vertex -69.85 15.296 0
      vertex -69.9331 15.2982 114.3
      vertex -69.85 15.296 114.3
    endloop
  endfacet
  facet normal 0.0264649 0.99965 0
    outer loop
      vertex -69.9331 15.2982 114.3
      vertex -69.85 15.296 0
      vertex -69.9331 15.2982 0
    endloop
  endfacet
  facet normal 0.0782616 0.996933 -0
    outer loop
      vertex -69.9331 15.2982 0
      vertex -70.0159 15.3047 114.3
      vertex -69.9331 15.2982 114.3
    endloop
  endfacet
  facet normal 0.0782616 0.996933 0
    outer loop
      vertex -70.0159 15.3047 114.3
      vertex -69.9331 15.2982 0
      vertex -70.0159 15.3047 0
    endloop
  endfacet
  facet normal 0.129956 0.99152 -0
    outer loop
      vertex -70.0159 15.3047 0
      vertex -70.0983 15.3155 114.3
      vertex -70.0159 15.3047 114.3
    endloop
  endfacet
  facet normal 0.129956 0.99152 0
    outer loop
      vertex -70.0983 15.3155 114.3
      vertex -70.0159 15.3047 0
      vertex -70.0983 15.3155 0
    endloop
  endfacet
  facet normal 0.182692 0.98317 -0
    outer loop
      vertex -70.0983 15.3155 0
      vertex -70.1801 15.3307 114.3
      vertex -70.0983 15.3155 114.3
    endloop
  endfacet
  facet normal 0.182692 0.98317 0
    outer loop
      vertex -70.1801 15.3307 114.3
      vertex -70.0983 15.3155 0
      vertex -70.1801 15.3307 0
    endloop
  endfacet
  facet normal 0.233464 0.972365 -0
    outer loop
      vertex -70.1801 15.3307 0
      vertex -70.2609 15.3501 114.3
      vertex -70.1801 15.3307 114.3
    endloop
  endfacet
  facet normal 0.233464 0.972365 0
    outer loop
      vertex -70.2609 15.3501 114.3
      vertex -70.1801 15.3307 0
      vertex -70.2609 15.3501 0
    endloop
  endfacet
  facet normal 0.258817 0.965926 -0
    outer loop
      vertex -70.2609 15.3501 0
      vertex -93.2516 21.5104 114.3
      vertex -70.2609 15.3501 114.3
    endloop
  endfacet
  facet normal 0.258817 0.965926 0
    outer loop
      vertex -93.2516 21.5104 114.3
      vertex -70.2609 15.3501 0
      vertex -93.2516 21.5104 0
    endloop
  endfacet
  facet normal 0.169365 0.985553 -0
    outer loop
      vertex -93.2516 21.5104 0
      vertex -93.5379 21.5596 114.3
      vertex -93.2516 21.5104 114.3
    endloop
  endfacet
  facet normal 0.169365 0.985553 0
    outer loop
      vertex -93.5379 21.5596 114.3
      vertex -93.2516 21.5104 0
      vertex -93.5379 21.5596 0
    endloop
  endfacet
  facet normal -0.0130798 0.999914 0
    outer loop
      vertex -93.5379 21.5596 0
      vertex -93.8284 21.5558 114.3
      vertex -93.5379 21.5596 114.3
    endloop
  endfacet
  facet normal -0.0130798 0.999914 0
    outer loop
      vertex -93.8284 21.5558 114.3
      vertex -93.5379 21.5596 0
      vertex -93.8284 21.5558 0
    endloop
  endfacet
  facet normal -0.194792 0.980845 0
    outer loop
      vertex -93.8284 21.5558 0
      vertex -94.1134 21.4992 114.3
      vertex -93.8284 21.5558 114.3
    endloop
  endfacet
  facet normal -0.194792 0.980845 0
    outer loop
      vertex -94.1134 21.4992 114.3
      vertex -93.8284 21.5558 0
      vertex -94.1134 21.4992 0
    endloop
  endfacet
  facet normal -0.370738 0.928738 0
    outer loop
      vertex -94.1134 21.4992 0
      vertex -94.3832 21.3915 114.3
      vertex -94.1134 21.4992 114.3
    endloop
  endfacet
  facet normal -0.370738 0.928738 0
    outer loop
      vertex -94.3832 21.3915 114.3
      vertex -94.1134 21.4992 0
      vertex -94.3832 21.3915 0
    endloop
  endfacet
  facet normal -0.533553 0.845767 0
    outer loop
      vertex -94.3832 21.3915 0
      vertex -94.6289 21.2365 114.3
      vertex -94.3832 21.3915 114.3
    endloop
  endfacet
  facet normal -0.533553 0.845767 0
    outer loop
      vertex -94.6289 21.2365 114.3
      vertex -94.3832 21.3915 0
      vertex -94.6289 21.2365 0
    endloop
  endfacet
  facet normal -0.678852 0.734275 0
    outer loop
      vertex -94.6289 21.2365 0
      vertex -94.8422 21.0393 114.3
      vertex -94.6289 21.2365 114.3
    endloop
  endfacet
  facet normal -0.678852 0.734275 0
    outer loop
      vertex -94.8422 21.0393 114.3
      vertex -94.6289 21.2365 0
      vertex -94.8422 21.0393 0
    endloop
  endfacet
  facet normal -0.801155 0.598457 0
    outer loop
      vertex -95.0161 20.8065 0
      vertex -94.8422 21.0393 114.3
      vertex -94.8422 21.0393 0
    endloop
  endfacet
  facet normal -0.801155 0.598457 0
    outer loop
      vertex -94.8422 21.0393 114.3
      vertex -95.0161 20.8065 0
      vertex -95.0161 20.8065 114.3
    endloop
  endfacet
  facet normal -0.897028 0.441974 0
    outer loop
      vertex -95.1445 20.5459 0
      vertex -95.0161 20.8065 114.3
      vertex -95.0161 20.8065 0
    endloop
  endfacet
  facet normal -0.897028 0.441974 0
    outer loop
      vertex -95.0161 20.8065 114.3
      vertex -95.1445 20.5459 0
      vertex -95.1445 20.5459 114.3
    endloop
  endfacet
  facet normal -0.962415 0.271583 0
    outer loop
      vertex -95.2234 20.2663 0
      vertex -95.1445 20.5459 114.3
      vertex -95.1445 20.5459 0
    endloop
  endfacet
  facet normal -0.962415 0.271583 0
    outer loop
      vertex -95.1445 20.5459 114.3
      vertex -95.2234 20.2663 0
      vertex -95.2234 20.2663 114.3
    endloop
  endfacet
  facet normal -0.9958 0.0915599 0
    outer loop
      vertex -95.25 19.977 0
      vertex -95.2234 20.2663 114.3
      vertex -95.2234 20.2663 0
    endloop
  endfacet
  facet normal -0.9958 0.0915599 0
    outer loop
      vertex -95.2234 20.2663 114.3
      vertex -95.25 19.977 0
      vertex -95.25 19.977 114.3
    endloop
  endfacet
  facet normal -1 0 0
    outer loop
      vertex -95.25 1.11049 0
      vertex -95.25 19.977 114.3
      vertex -95.25 19.977 0
    endloop
  endfacet
  facet normal -1 -0 0
    outer loop
      vertex -95.25 19.977 114.3
      vertex -95.25 1.11049 0
      vertex -95.25 1.11049 114.3
    endloop
  endfacet
  facet normal -0.997416 -0.0718429 0
    outer loop
      vertex -95.2369 0.928619 0
      vertex -95.25 1.11049 114.3
      vertex -95.25 1.11049 0
    endloop
  endfacet
  facet normal -0.997416 -0.0718429 0
    outer loop
      vertex -95.25 1.11049 114.3
      vertex -95.2369 0.928619 0
      vertex -95.2369 0.928619 114.3
    endloop
  endfacet
  facet normal -0.976861 -0.213874 0
    outer loop
      vertex -95.1979 0.750488 0
      vertex -95.2369 0.928619 114.3
      vertex -95.2369 0.928619 0
    endloop
  endfacet
  facet normal -0.976861 -0.213874 0
    outer loop
      vertex -95.2369 0.928619 114.3
      vertex -95.1979 0.750488 0
      vertex -95.1979 0.750488 114.3
    endloop
  endfacet
  facet normal -0.936161 -0.351571 0
    outer loop
      vertex -95.1338 0.579803 0
      vertex -95.1979 0.750488 114.3
      vertex -95.1979 0.750488 0
    endloop
  endfacet
  facet normal -0.936161 -0.351571 0
    outer loop
      vertex -95.1979 0.750488 114.3
      vertex -95.1338 0.579803 0
      vertex -95.1338 0.579803 114.3
    endloop
  endfacet
  facet normal -0.87616 -0.482021 0
    outer loop
      vertex -95.0459 0.420029 0
      vertex -95.1338 0.579803 114.3
      vertex -95.1338 0.579803 0
    endloop
  endfacet
  facet normal -0.87616 -0.482021 0
    outer loop
      vertex -95.1338 0.579803 114.3
      vertex -95.0459 0.420029 0
      vertex -95.0459 0.420029 114.3
    endloop
  endfacet
  facet normal -0.798265 -0.602307 0
    outer loop
      vertex -94.9361 0.274506 0
      vertex -95.0459 0.420029 114.3
      vertex -95.0459 0.420029 0
    endloop
  endfacet
  facet normal -0.798265 -0.602307 0
    outer loop
      vertex -95.0459 0.420029 114.3
      vertex -94.9361 0.274506 0
      vertex -94.9361 0.274506 114.3
    endloop
  endfacet
  facet normal -0.703522 -0.710673 0
    outer loop
      vertex -94.9361 0.274506 0
      vertex -94.8065 0.14621 114.3
      vertex -94.9361 0.274506 114.3
    endloop
  endfacet
  facet normal -0.703522 -0.710673 -0
    outer loop
      vertex -94.8065 0.14621 114.3
      vertex -94.9361 0.274506 0
      vertex -94.8065 0.14621 0
    endloop
  endfacet
  facet normal -0.594595 -0.804025 0
    outer loop
      vertex -94.8065 0.14621 0
      vertex -94.6599 0.037796 114.3
      vertex -94.8065 0.14621 114.3
    endloop
  endfacet
  facet normal -0.594595 -0.804025 -0
    outer loop
      vertex -94.6599 0.037796 114.3
      vertex -94.8065 0.14621 0
      vertex -94.6599 0.037796 0
    endloop
  endfacet
  facet normal -0.473298 -0.880902 0
    outer loop
      vertex -94.6599 0.037796 0
      vertex -94.4993 -0.0484924 114.3
      vertex -94.6599 0.037796 114.3
    endloop
  endfacet
  facet normal -0.473298 -0.880902 -0
    outer loop
      vertex -94.4993 -0.0484924 114.3
      vertex -94.6599 0.037796 0
      vertex -94.4993 -0.0484924 0
    endloop
  endfacet
  facet normal -0.342209 -0.939624 0
    outer loop
      vertex -94.4993 -0.0484924 0
      vertex -94.3279 -0.110916 114.3
      vertex -94.4993 -0.0484924 114.3
    endloop
  endfacet
  facet normal -0.342209 -0.939624 -0
    outer loop
      vertex -94.3279 -0.110916 114.3
      vertex -94.4993 -0.0484924 0
      vertex -94.3279 -0.110916 0
    endloop
  endfacet
  facet normal -0.204188 -0.978932 0
    outer loop
      vertex -94.3279 -0.110916 0
      vertex -94.1494 -0.148148 114.3
      vertex -94.3279 -0.110916 114.3
    endloop
  endfacet
  facet normal -0.204188 -0.978932 -0
    outer loop
      vertex -94.1494 -0.148148 114.3
      vertex -94.3279 -0.110916 0
      vertex -94.1494 -0.148148 0
    endloop
  endfacet
  facet normal -0.133412 -0.991061 0
    outer loop
      vertex -41.0028 -7.3025 0
      vertex -41.0028 -7.3025 114.3
      vertex -94.1494 -0.148148 114.3
    endloop
  endfacet
  facet normal -0.133413 -0.991061 0
    outer loop
      vertex -29.3154 -8.87581 112.784
      vertex -41.0028 -7.3025 114.3
      vertex -41.0028 -7.3025 0
    endloop
  endfacet
  facet normal -0.133413 -0.991061 -3.95794e-06
    outer loop
      vertex -41.0028 -7.3025 114.3
      vertex -29.3154 -8.87581 112.784
      vertex -36.4899 -7.91001 114.179
    endloop
  endfacet
  facet normal -0.133422 -0.991059 -2.55495e-05
    outer loop
      vertex -32.664 -8.42503 113.835
      vertex -29.3154 -8.87581 112.784
      vertex -30.1077 -8.76916 113.32
    endloop
  endfacet
  facet normal -0.133409 -0.991061 1.49327e-05
    outer loop
      vertex -36.4899 -7.91001 114.179
      vertex -29.3154 -8.87581 112.784
      vertex -32.664 -8.42503 113.835
    endloop
  endfacet
  facet normal -0.133413 -0.991061 -0
    outer loop
      vertex -29.3154 -8.87581 112.784
      vertex -41.0028 -7.3025 0
      vertex -29.3154 -8.87581 1.51616
    endloop
  endfacet
  facet normal -0.133413 -0.991061 3.95606e-06
    outer loop
      vertex -36.4899 -7.91001 0.120841
      vertex -29.3154 -8.87581 1.51616
      vertex -41.0028 -7.3025 0
    endloop
  endfacet
  facet normal -0.133422 -0.991059 2.55384e-05
    outer loop
      vertex -29.3154 -8.87581 1.51616
      vertex -32.664 -8.42503 0.464968
      vertex -30.1077 -8.76916 0.97999
    endloop
  endfacet
  facet normal -0.133412 -0.991061 0
    outer loop
      vertex -41.0028 -7.3025 0
      vertex -94.1494 -0.148148 114.3
      vertex -94.1494 -0.148148 0
    endloop
  endfacet
  facet normal -0.133409 -0.991061 -1.49311e-05
    outer loop
      vertex -32.664 -8.42503 0.464968
      vertex -29.3154 -8.87581 1.51616
      vertex -36.4899 -7.91001 0.120841
    endloop
  endfacet
  facet normal -0.126002 -0.99203 0
    outer loop
      vertex -29.3154 -8.87581 112.784
      vertex -29.2943 -8.87849 1.52966
      vertex -29.2943 -8.87849 112.77
    endloop
  endfacet
  facet normal -0.126002 -0.99203 0
    outer loop
      vertex -29.2943 -8.87849 1.52966
      vertex -29.3154 -8.87581 112.784
      vertex -29.3154 -8.87581 1.51616
    endloop
  endfacet
  facet normal -0.113945 -0.993487 0
    outer loop
      vertex -29.2943 -8.87849 112.77
      vertex -29.2732 -8.88091 1.54178
      vertex -29.2732 -8.88091 112.758
    endloop
  endfacet
  facet normal -0.113945 -0.993487 0
    outer loop
      vertex -29.2732 -8.88091 1.54178
      vertex -29.2943 -8.87849 112.77
      vertex -29.2943 -8.87849 1.52966
    endloop
  endfacet
  facet normal -0.0999706 -0.99499 0
    outer loop
      vertex -29.2732 -8.88091 112.758
      vertex -29.2521 -8.88303 1.55244
      vertex -29.2521 -8.88303 112.748
    endloop
  endfacet
  facet normal -0.0999706 -0.99499 0
    outer loop
      vertex -29.2521 -8.88303 1.55244
      vertex -29.2732 -8.88091 112.758
      vertex -29.2732 -8.88091 1.54178
    endloop
  endfacet
  facet normal -0.0864674 -0.996255 0
    outer loop
      vertex -29.2521 -8.88303 112.748
      vertex -29.2309 -8.88487 1.56172
      vertex -29.2309 -8.88487 112.738
    endloop
  endfacet
  facet normal -0.0864674 -0.996255 0
    outer loop
      vertex -29.2309 -8.88487 1.56172
      vertex -29.2521 -8.88303 112.748
      vertex -29.2521 -8.88303 1.55244
    endloop
  endfacet
  facet normal -0.0738544 -0.997269 0
    outer loop
      vertex -29.2309 -8.88487 112.738
      vertex -29.2097 -8.88644 1.56963
      vertex -29.2097 -8.88644 112.73
    endloop
  endfacet
  facet normal -0.0738544 -0.997269 0
    outer loop
      vertex -29.2097 -8.88644 1.56963
      vertex -29.2309 -8.88487 112.738
      vertex -29.2309 -8.88487 1.56172
    endloop
  endfacet
  facet normal -0.0610235 -0.998136 0
    outer loop
      vertex -29.2097 -8.88644 112.73
      vertex -29.1886 -8.88773 1.57607
      vertex -29.1886 -8.88773 112.724
    endloop
  endfacet
  facet normal -0.0610235 -0.998136 0
    outer loop
      vertex -29.1886 -8.88773 1.57607
      vertex -29.2097 -8.88644 112.73
      vertex -29.2097 -8.88644 1.56963
    endloop
  endfacet
  facet normal -0.0464288 -0.998922 0
    outer loop
      vertex -29.1886 -8.88773 112.724
      vertex -29.1673 -8.88872 1.58106
      vertex -29.1673 -8.88872 112.719
    endloop
  endfacet
  facet normal -0.0464288 -0.998922 0
    outer loop
      vertex -29.1673 -8.88872 1.58106
      vertex -29.1886 -8.88773 112.724
      vertex -29.1886 -8.88773 1.57607
    endloop
  endfacet
  facet normal -0.0330009 -0.999455 0
    outer loop
      vertex -29.1673 -8.88872 112.719
      vertex -29.1461 -8.88942 1.58458
      vertex -29.1461 -8.88942 112.715
    endloop
  endfacet
  facet normal -0.0330009 -0.999455 0
    outer loop
      vertex -29.1461 -8.88942 1.58458
      vertex -29.1673 -8.88872 112.719
      vertex -29.1673 -8.88872 1.58106
    endloop
  endfacet
  facet normal -0.0202788 -0.999794 0
    outer loop
      vertex -29.1461 -8.88942 112.715
      vertex -29.1249 -8.88985 1.58673
      vertex -29.1249 -8.88985 112.713
    endloop
  endfacet
  facet normal -0.0202788 -0.999794 0
    outer loop
      vertex -29.1249 -8.88985 1.58673
      vertex -29.1461 -8.88942 112.715
      vertex -29.1461 -8.88942 1.58458
    endloop
  endfacet
  facet normal -0.00704208 -0.999975 0
    outer loop
      vertex -29.1249 -8.88985 112.713
      vertex -29.1036 -8.89 1.5875
      vertex -29.1036 -8.89 112.713
    endloop
  endfacet
  facet normal -0.00704208 -0.999975 0
    outer loop
      vertex -29.1036 -8.89 1.5875
      vertex -29.1249 -8.88985 112.713
      vertex -29.1249 -8.88985 1.58673
    endloop
  endfacet
  facet normal 0 -1 0
    outer loop
      vertex -29.1036 -8.89 1.5875
      vertex -20.6375 -8.89 112.713
      vertex -29.1036 -8.89 112.713
    endloop
  endfacet
  facet normal 0 -1 -0
    outer loop
      vertex -20.6375 -8.89 112.713
      vertex -29.1036 -8.89 1.5875
      vertex -20.6375 -8.89 1.5875
    endloop
  endfacet
  facet normal 0.706995 0 -0.707218
    outer loop
      vertex -20.6375 -8.89 112.713
      vertex -19.05 -7.30249 114.3
      vertex -19.05 -7.3025 114.3
    endloop
  endfacet
  facet normal 0.707109 -0.707105 0
    outer loop
      vertex -19.05 -7.30249 114.3
      vertex -20.6375 -8.89 112.713
      vertex -19.05 -7.30249 0
    endloop
  endfacet
  facet normal 0.707114 -0.7071 -1.45401e-05
    outer loop
      vertex -20.6375 -8.89 112.713
      vertex -19.05 -7.3025 114.3
      vertex -19.6575 -7.91001 114.179
    endloop
  endfacet
  facet normal 0.707109 -0.707105 0
    outer loop
      vertex -20.6375 -8.89 1.5875
      vertex -19.05 -7.30249 0
      vertex -20.6375 -8.89 112.713
    endloop
  endfacet
  facet normal 0.707134 -0.707079 -4.18795e-05
    outer loop
      vertex -20.6375 -8.89 112.713
      vertex -19.6575 -7.91001 114.179
      vertex -20.1725 -8.42503 113.835
    endloop
  endfacet
  facet normal 0.707107 0 0.707107
    outer loop
      vertex -19.05 -7.30249 0
      vertex -20.6375 -8.89 1.5875
      vertex -19.05 -7.3025 0
    endloop
  endfacet
  facet normal 0.706955 -0.707259 0.000107132
    outer loop
      vertex -20.6375 -8.89 112.713
      vertex -20.1725 -8.42503 113.835
      vertex -20.5167 -8.76916 113.32
    endloop
  endfacet
  facet normal 0.707114 -0.7071 1.45297e-05
    outer loop
      vertex -19.05 -7.3025 0
      vertex -20.6375 -8.89 1.5875
      vertex -19.6575 -7.91001 0.120841
    endloop
  endfacet
  facet normal 0.707134 -0.707079 4.1858e-05
    outer loop
      vertex -19.6575 -7.91001 0.120841
      vertex -20.6375 -8.89 1.5875
      vertex -20.1725 -8.42503 0.464968
    endloop
  endfacet
  facet normal 0.706955 -0.707259 -0.000107006
    outer loop
      vertex -20.1725 -8.42503 0.464968
      vertex -20.6375 -8.89 1.5875
      vertex -20.5167 -8.76916 0.97999
    endloop
  endfacet
  facet normal 1 -0 0
    outer loop
      vertex -19.05 -7.30249 114.3
      vertex -19.05 -1.52399 0
      vertex -19.05 -1.52399 114.3
    endloop
  endfacet
  facet normal 1 0 0
    outer loop
      vertex -19.05 -1.52399 0
      vertex -19.05 -7.30249 114.3
      vertex -19.05 -7.30249 0
    endloop
  endfacet
  facet normal 0.707104 0.707109 -0
    outer loop
      vertex -19.05 -1.52399 0
      vertex -20.574 0 114.3
      vertex -19.05 -1.52399 114.3
    endloop
  endfacet
  facet normal 0.707104 0.707109 0
    outer loop
      vertex -20.574 0 114.3
      vertex -19.05 -1.52399 0
      vertex -20.574 0 0
    endloop
  endfacet
  facet normal 0.707104 -0.707109 0
    outer loop
      vertex -20.574 0 0
      vertex -19.05 1.52399 114.3
      vertex -20.574 0 114.3
    endloop
  endfacet
  facet normal 0.707104 -0.707109 0
    outer loop
      vertex -19.05 1.52399 114.3
      vertex -20.574 0 0
      vertex -19.05 1.52399 0
    endloop
  endfacet
  facet normal -0.707104 -0.707109 0
    outer loop
      vertex -19.05 1.52399 0
      vertex -17.526 0 114.3
      vertex -19.05 1.52399 114.3
    endloop
  endfacet
  facet normal -0.707104 -0.707109 -0
    outer loop
      vertex -17.526 0 114.3
      vertex -19.05 1.52399 0
      vertex -17.526 0 0
    endloop
  endfacet
  facet normal 0 -1 0
    outer loop
      vertex -17.526 0 114.3
      vertex -9.906 0 94.361
      vertex -1.58749 0 114.3
    endloop
  endfacet
  facet normal 0 -1 0
    outer loop
      vertex -17.526 0 114.3
      vertex -10.2545 0 94.3439
      vertex -9.906 0 94.361
    endloop
  endfacet
  facet normal 0 -1 0
    outer loop
      vertex -17.526 0 114.3
      vertex -10.5997 0 94.2927
      vertex -10.2545 0 94.3439
    endloop
  endfacet
  facet normal 0 -1 0
    outer loop
      vertex -17.526 0 114.3
      vertex -10.9383 0 94.2079
      vertex -10.5997 0 94.2927
    endloop
  endfacet
  facet normal 0 -1 0
    outer loop
      vertex -17.526 0 114.3
      vertex -11.2668 0 94.0903
      vertex -10.9383 0 94.2079
    endloop
  endfacet
  facet normal 0 -1 0
    outer loop
      vertex -17.526 0 114.3
      vertex -11.5823 0 93.9411
      vertex -11.2668 0 94.0903
    endloop
  endfacet
  facet normal 0 -1 0
    outer loop
      vertex -17.526 0 114.3
      vertex -11.8816 0 93.7617
      vertex -11.5823 0 93.9411
    endloop
  endfacet
  facet normal 0 -1 0
    outer loop
      vertex -17.526 0 114.3
      vertex -12.1619 0 93.5538
      vertex -11.8816 0 93.7617
    endloop
  endfacet
  facet normal 0 -1 0
    outer loop
      vertex -17.526 0 114.3
      vertex -12.4205 0 93.3195
      vertex -12.1619 0 93.5538
    endloop
  endfacet
  facet normal 0 -1 0
    outer loop
      vertex -17.526 0 114.3
      vertex -12.6548 0 93.0609
      vertex -12.4205 0 93.3195
    endloop
  endfacet
  facet normal 0 -1 0
    outer loop
      vertex -17.526 0 114.3
      vertex -12.8627 0 92.7806
      vertex -12.6548 0 93.0609
    endloop
  endfacet
  facet normal 0 -1 0
    outer loop
      vertex -17.526 0 114.3
      vertex -13.0421 0 92.4813
      vertex -12.8627 0 92.7806
    endloop
  endfacet
  facet normal 0 -1 0
    outer loop
      vertex -17.526 0 114.3
      vertex -13.1913 0 92.1658
      vertex -13.0421 0 92.4813
    endloop
  endfacet
  facet normal 0 -1 0
    outer loop
      vertex -17.526 0 114.3
      vertex -13.3089 0 91.8372
      vertex -13.1913 0 92.1658
    endloop
  endfacet
  facet normal 0 -1 0
    outer loop
      vertex -17.526 0 114.3
      vertex -13.3937 0 91.4987
      vertex -13.3089 0 91.8372
    endloop
  endfacet
  facet normal 0 -1 0
    outer loop
      vertex -17.526 0 114.3
      vertex -13.4449 0 91.1535
      vertex -13.3937 0 91.4987
    endloop
  endfacet
  facet normal 0 -1 0
    outer loop
      vertex -17.526 0 114.3
      vertex -13.462 0 90.805
      vertex -13.4449 0 91.1535
    endloop
  endfacet
  facet normal 0 -1 0
    outer loop
      vertex -17.526 0 114.3
      vertex -13.462 0 84.455
      vertex -13.462 0 90.805
    endloop
  endfacet
  facet normal 0 -1 0
    outer loop
      vertex -17.526 0 114.3
      vertex -13.4449 0 84.1065
      vertex -13.462 0 84.455
    endloop
  endfacet
  facet normal 0 -1 0
    outer loop
      vertex -9.906 0 80.899
      vertex -9.906 0 33.401
      vertex -7.874 0 80.899
    endloop
  endfacet
  facet normal 0 -1 0
    outer loop
      vertex -10.2545 0 80.9161
      vertex -9.906 0 33.401
      vertex -9.906 0 80.899
    endloop
  endfacet
  facet normal 0 -1 0
    outer loop
      vertex -10.2545 0 33.3839
      vertex -10.2545 0 80.9161
      vertex -10.5997 0 80.9673
    endloop
  endfacet
  facet normal 0 -1 0
    outer loop
      vertex -10.5997 0 33.3327
      vertex -10.5997 0 80.9673
      vertex -10.9383 0 81.0521
    endloop
  endfacet
  facet normal 0 -1 0
    outer loop
      vertex -10.9383 0 33.2479
      vertex -10.9383 0 81.0521
      vertex -11.2668 0 81.1697
    endloop
  endfacet
  facet normal 0 -1 0
    outer loop
      vertex -11.2668 0 33.1303
      vertex -11.2668 0 81.1697
      vertex -11.5823 0 81.3189
    endloop
  endfacet
  facet normal 0 -1 0
    outer loop
      vertex -11.5823 0 32.9811
      vertex -11.5823 0 81.3189
      vertex -11.8816 0 81.4983
    endloop
  endfacet
  facet normal 0 -1 0
    outer loop
      vertex -11.8816 0 32.8017
      vertex -11.8816 0 81.4983
      vertex -12.1619 0 81.7062
    endloop
  endfacet
  facet normal 0 -1 0
    outer loop
      vertex -12.1619 0 32.5938
      vertex -12.1619 0 81.7062
      vertex -12.4205 0 81.9405
    endloop
  endfacet
  facet normal 0 -1 0
    outer loop
      vertex -12.4205 0 32.3595
      vertex -12.4205 0 81.9405
      vertex -12.6548 0 82.1991
    endloop
  endfacet
  facet normal 0 -1 0
    outer loop
      vertex -12.6548 0 32.1009
      vertex -12.6548 0 82.1991
      vertex -12.8627 0 82.4794
    endloop
  endfacet
  facet normal 0 -1 0
    outer loop
      vertex -12.8627 0 31.8206
      vertex -12.8627 0 82.4794
      vertex -13.0421 0 82.7787
    endloop
  endfacet
  facet normal 0 -1 0
    outer loop
      vertex -13.0421 0 31.5213
      vertex -13.0421 0 82.7787
      vertex -13.1913 0 83.0942
    endloop
  endfacet
  facet normal 0 -1 0
    outer loop
      vertex -13.1913 0 31.2058
      vertex -13.1913 0 83.0942
      vertex -13.3089 0 83.4227
    endloop
  endfacet
  facet normal 0 -1 0
    outer loop
      vertex -13.3089 0 30.8773
      vertex -13.3089 0 83.4227
      vertex -13.3937 0 83.7613
    endloop
  endfacet
  facet normal 0 -1 0
    outer loop
      vertex -13.3937 0 30.5387
      vertex -13.3937 0 83.7613
      vertex -13.4449 0 84.1065
    endloop
  endfacet
  facet normal 0 -1 0
    outer loop
      vertex -13.4449 0 30.1935
      vertex -13.4449 0 84.1065
      vertex -17.526 0 114.3
    endloop
  endfacet
  facet normal 0 -1 0
    outer loop
      vertex -10.2545 0 80.9161
      vertex -10.2545 0 33.3839
      vertex -9.906 0 33.401
    endloop
  endfacet
  facet normal 0 -1 0
    outer loop
      vertex -10.5997 0 80.9673
      vertex -10.5997 0 33.3327
      vertex -10.2545 0 33.3839
    endloop
  endfacet
  facet normal 0 -1 0
    outer loop
      vertex -10.9383 0 81.0521
      vertex -10.9383 0 33.2479
      vertex -10.5997 0 33.3327
    endloop
  endfacet
  facet normal 0 -1 0
    outer loop
      vertex -11.2668 0 81.1697
      vertex -11.2668 0 33.1303
      vertex -10.9383 0 33.2479
    endloop
  endfacet
  facet normal 0 -1 0
    outer loop
      vertex -11.5823 0 81.3189
      vertex -11.5823 0 32.9811
      vertex -11.2668 0 33.1303
    endloop
  endfacet
  facet normal 0 -1 0
    outer loop
      vertex -11.8816 0 81.4983
      vertex -11.8816 0 32.8017
      vertex -11.5823 0 32.9811
    endloop
  endfacet
  facet normal 0 -1 0
    outer loop
      vertex -12.1619 0 81.7062
      vertex -12.1619 0 32.5938
      vertex -11.8816 0 32.8017
    endloop
  endfacet
  facet normal 0 -1 0
    outer loop
      vertex -12.4205 0 81.9405
      vertex -12.4205 0 32.3595
      vertex -12.1619 0 32.5938
    endloop
  endfacet
  facet normal 0 -1 0
    outer loop
      vertex -12.6548 0 82.1991
      vertex -12.6548 0 32.1009
      vertex -12.4205 0 32.3595
    endloop
  endfacet
  facet normal 0 -1 0
    outer loop
      vertex -12.8627 0 82.4794
      vertex -12.8627 0 31.8206
      vertex -12.6548 0 32.1009
    endloop
  endfacet
  facet normal 0 -1 0
    outer loop
      vertex -13.0421 0 82.7787
      vertex -13.0421 0 31.5213
      vertex -12.8627 0 31.8206
    endloop
  endfacet
  facet normal 0 -1 0
    outer loop
      vertex -13.1913 0 83.0942
      vertex -13.1913 0 31.2058
      vertex -13.0421 0 31.5213
    endloop
  endfacet
  facet normal 0 -1 0
    outer loop
      vertex -13.3089 0 83.4227
      vertex -13.3089 0 30.8773
      vertex -13.1913 0 31.2058
    endloop
  endfacet
  facet normal 0 -1 0
    outer loop
      vertex -13.3937 0 83.7613
      vertex -13.3937 0 30.5387
      vertex -13.3089 0 30.8773
    endloop
  endfacet
  facet normal 0 -1 0
    outer loop
      vertex -13.4449 0 84.1065
      vertex -13.4449 0 30.1935
      vertex -13.3937 0 30.5387
    endloop
  endfacet
  facet normal 0 -1 0
    outer loop
      vertex -17.526 0 0
      vertex -13.4449 0 30.1935
      vertex -17.526 0 114.3
    endloop
  endfacet
  facet normal 0 -1 0
    outer loop
      vertex -13.4449 0 30.1935
      vertex -17.526 0 0
      vertex -13.462 0 29.845
    endloop
  endfacet
  facet normal 0 -1 0
    outer loop
      vertex -1.58749 0 0
      vertex -9.906 0 19.939
      vertex -17.526 0 0
    endloop
  endfacet
  facet normal 0 -1 -0
    outer loop
      vertex -10.2545 0 19.9561
      vertex -17.526 0 0
      vertex -9.906 0 19.939
    endloop
  endfacet
  facet normal 0 -1 -0
    outer loop
      vertex -10.5997 0 20.0073
      vertex -17.526 0 0
      vertex -10.2545 0 19.9561
    endloop
  endfacet
  facet normal 0 -1 -0
    outer loop
      vertex -10.9383 0 20.0921
      vertex -17.526 0 0
      vertex -10.5997 0 20.0073
    endloop
  endfacet
  facet normal 0 -1 -0
    outer loop
      vertex -11.2668 0 20.2097
      vertex -17.526 0 0
      vertex -10.9383 0 20.0921
    endloop
  endfacet
  facet normal 0 -1 -0
    outer loop
      vertex -11.5823 0 20.3589
      vertex -17.526 0 0
      vertex -11.2668 0 20.2097
    endloop
  endfacet
  facet normal 0 -1 -0
    outer loop
      vertex -11.8816 0 20.5383
      vertex -17.526 0 0
      vertex -11.5823 0 20.3589
    endloop
  endfacet
  facet normal 0 -1 -0
    outer loop
      vertex -12.1619 0 20.7462
      vertex -17.526 0 0
      vertex -11.8816 0 20.5383
    endloop
  endfacet
  facet normal 0 -1 -0
    outer loop
      vertex -12.4205 0 20.9805
      vertex -17.526 0 0
      vertex -12.1619 0 20.7462
    endloop
  endfacet
  facet normal 0 -1 -0
    outer loop
      vertex -12.6548 0 21.2391
      vertex -17.526 0 0
      vertex -12.4205 0 20.9805
    endloop
  endfacet
  facet normal 0 -1 -0
    outer loop
      vertex -12.8627 0 21.5194
      vertex -17.526 0 0
      vertex -12.6548 0 21.2391
    endloop
  endfacet
  facet normal 0 -1 -0
    outer loop
      vertex -13.0421 0 21.8187
      vertex -17.526 0 0
      vertex -12.8627 0 21.5194
    endloop
  endfacet
  facet normal 0 -1 -0
    outer loop
      vertex -13.1913 0 22.1342
      vertex -17.526 0 0
      vertex -13.0421 0 21.8187
    endloop
  endfacet
  facet normal 0 -1 -0
    outer loop
      vertex -13.3089 0 22.4627
      vertex -17.526 0 0
      vertex -13.1913 0 22.1342
    endloop
  endfacet
  facet normal 0 -1 -0
    outer loop
      vertex -13.3937 0 22.8013
      vertex -17.526 0 0
      vertex -13.3089 0 22.4627
    endloop
  endfacet
  facet normal 0 -1 -0
    outer loop
      vertex -13.4449 0 23.1465
      vertex -17.526 0 0
      vertex -13.3937 0 22.8013
    endloop
  endfacet
  facet normal 0 -1 -0
    outer loop
      vertex -13.462 0 23.495
      vertex -17.526 0 0
      vertex -13.4449 0 23.1465
    endloop
  endfacet
  facet normal 0 -1 -0
    outer loop
      vertex -13.462 0 29.845
      vertex -17.526 0 0
      vertex -13.462 0 23.495
    endloop
  endfacet
  facet normal 0 -1 0
    outer loop
      vertex -7.874 0 94.361
      vertex -1.58749 0 114.3
      vertex -9.906 0 94.361
    endloop
  endfacet
  facet normal 0 -1 0
    outer loop
      vertex -7.52545 0 94.3439
      vertex -1.58749 0 114.3
      vertex -7.874 0 94.361
    endloop
  endfacet
  facet normal 0 -1 0
    outer loop
      vertex -7.18026 0 94.2927
      vertex -1.58749 0 114.3
      vertex -7.52545 0 94.3439
    endloop
  endfacet
  facet normal 0 -1 0
    outer loop
      vertex -6.84175 0 94.2079
      vertex -1.58749 0 114.3
      vertex -7.18026 0 94.2927
    endloop
  endfacet
  facet normal 0 -1 0
    outer loop
      vertex -6.51318 0 94.0903
      vertex -1.58749 0 114.3
      vertex -6.84175 0 94.2079
    endloop
  endfacet
  facet normal 0 -1 0
    outer loop
      vertex -6.19771 0 93.9411
      vertex -1.58749 0 114.3
      vertex -6.51318 0 94.0903
    endloop
  endfacet
  facet normal 0 -1 0
    outer loop
      vertex -5.89839 0 93.7617
      vertex -1.58749 0 114.3
      vertex -6.19771 0 93.9411
    endloop
  endfacet
  facet normal 0 -1 0
    outer loop
      vertex -5.6181 0 93.5538
      vertex -1.58749 0 114.3
      vertex -5.89839 0 93.7617
    endloop
  endfacet
  facet normal 0 -1 0
    outer loop
      vertex -5.35953 0 93.3195
      vertex -1.58749 0 114.3
      vertex -5.6181 0 93.5538
    endloop
  endfacet
  facet normal 0 -1 0
    outer loop
      vertex -5.12517 0 93.0609
      vertex -1.58749 0 114.3
      vertex -5.35953 0 93.3195
    endloop
  endfacet
  facet normal 0 -1 0
    outer loop
      vertex -4.91729 0 92.7806
      vertex -1.58749 0 114.3
      vertex -5.12517 0 93.0609
    endloop
  endfacet
  facet normal 0 -1 0
    outer loop
      vertex -4.73789 0 92.4813
      vertex -1.58749 0 114.3
      vertex -4.91729 0 92.7806
    endloop
  endfacet
  facet normal 0 -1 0
    outer loop
      vertex -4.58868 0 92.1658
      vertex -1.58749 0 114.3
      vertex -4.73789 0 92.4813
    endloop
  endfacet
  facet normal 0 -1 0
    outer loop
      vertex -4.47112 0 91.8372
      vertex -1.58749 0 114.3
      vertex -4.58868 0 92.1658
    endloop
  endfacet
  facet normal 0 -1 0
    outer loop
      vertex -4.38633 0 91.4987
      vertex -1.58749 0 114.3
      vertex -4.47112 0 91.8372
    endloop
  endfacet
  facet normal 0 -1 0
    outer loop
      vertex -4.33512 0 91.1535
      vertex -1.58749 0 114.3
      vertex -4.38633 0 91.4987
    endloop
  endfacet
  facet normal 0 -1 0
    outer loop
      vertex -4.318 0 90.805
      vertex -1.58749 0 114.3
      vertex -4.33512 0 91.1535
    endloop
  endfacet
  facet normal 0 -1 0
    outer loop
      vertex -4.318 0 84.455
      vertex -1.58749 0 114.3
      vertex -4.318 0 90.805
    endloop
  endfacet
  facet normal 0 -1 0
    outer loop
      vertex -4.33512 0 84.1065
      vertex -1.58749 0 114.3
      vertex -4.318 0 84.455
    endloop
  endfacet
  facet normal 0 -1 0
    outer loop
      vertex -7.874 0 33.401
      vertex -7.874 0 80.899
      vertex -9.906 0 33.401
    endloop
  endfacet
  facet normal 0 -1 0
    outer loop
      vertex -7.874 0 80.899
      vertex -7.874 0 33.401
      vertex -7.52545 0 80.9161
    endloop
  endfacet
  facet normal 0 -1 0
    outer loop
      vertex -7.52545 0 33.3839
      vertex -7.52545 0 80.9161
      vertex -7.874 0 33.401
    endloop
  endfacet
  facet normal 0 -1 0
    outer loop
      vertex -7.52545 0 80.9161
      vertex -7.52545 0 33.3839
      vertex -7.18026 0 80.9673
    endloop
  endfacet
  facet normal 0 -1 0
    outer loop
      vertex -7.18026 0 33.3327
      vertex -7.18026 0 80.9673
      vertex -7.52545 0 33.3839
    endloop
  endfacet
  facet normal 0 -1 0
    outer loop
      vertex -7.18026 0 80.9673
      vertex -7.18026 0 33.3327
      vertex -6.84175 0 81.0521
    endloop
  endfacet
  facet normal 0 -1 0
    outer loop
      vertex -6.84175 0 33.2479
      vertex -6.84175 0 81.0521
      vertex -7.18026 0 33.3327
    endloop
  endfacet
  facet normal 0 -1 0
    outer loop
      vertex -6.84175 0 81.0521
      vertex -6.84175 0 33.2479
      vertex -6.51318 0 81.1697
    endloop
  endfacet
  facet normal 0 -1 0
    outer loop
      vertex -6.51318 0 33.1303
      vertex -6.51318 0 81.1697
      vertex -6.84175 0 33.2479
    endloop
  endfacet
  facet normal 0 -1 0
    outer loop
      vertex -6.51318 0 81.1697
      vertex -6.51318 0 33.1303
      vertex -6.19771 0 81.3189
    endloop
  endfacet
  facet normal 0 -1 0
    outer loop
      vertex -6.19771 0 32.9811
      vertex -6.19771 0 81.3189
      vertex -6.51318 0 33.1303
    endloop
  endfacet
  facet normal 0 -1 0
    outer loop
      vertex -6.19771 0 81.3189
      vertex -6.19771 0 32.9811
      vertex -5.89839 0 81.4983
    endloop
  endfacet
  facet normal 0 -1 0
    outer loop
      vertex -5.89839 0 32.8017
      vertex -5.89839 0 81.4983
      vertex -6.19771 0 32.9811
    endloop
  endfacet
  facet normal 0 -1 0
    outer loop
      vertex -5.89839 0 81.4983
      vertex -5.89839 0 32.8017
      vertex -5.6181 0 81.7062
    endloop
  endfacet
  facet normal 0 -1 0
    outer loop
      vertex -5.6181 0 32.5938
      vertex -5.6181 0 81.7062
      vertex -5.89839 0 32.8017
    endloop
  endfacet
  facet normal 0 -1 0
    outer loop
      vertex -5.6181 0 81.7062
      vertex -5.6181 0 32.5938
      vertex -5.35953 0 81.9405
    endloop
  endfacet
  facet normal 0 -1 0
    outer loop
      vertex -5.35953 0 32.3595
      vertex -5.35953 0 81.9405
      vertex -5.6181 0 32.5938
    endloop
  endfacet
  facet normal 0 -1 0
    outer loop
      vertex -5.35953 0 81.9405
      vertex -5.35953 0 32.3595
      vertex -5.12517 0 82.1991
    endloop
  endfacet
  facet normal 0 -1 0
    outer loop
      vertex -5.12517 0 32.1009
      vertex -5.12517 0 82.1991
      vertex -5.35953 0 32.3595
    endloop
  endfacet
  facet normal 0 -1 0
    outer loop
      vertex -5.12517 0 82.1991
      vertex -5.12517 0 32.1009
      vertex -4.91729 0 82.4794
    endloop
  endfacet
  facet normal 0 -1 0
    outer loop
      vertex -4.91729 0 31.8206
      vertex -4.91729 0 82.4794
      vertex -5.12517 0 32.1009
    endloop
  endfacet
  facet normal 0 -1 0
    outer loop
      vertex -4.91729 0 82.4794
      vertex -4.91729 0 31.8206
      vertex -4.73789 0 82.7787
    endloop
  endfacet
  facet normal 0 -1 0
    outer loop
      vertex -4.73789 0 31.5213
      vertex -4.73789 0 82.7787
      vertex -4.91729 0 31.8206
    endloop
  endfacet
  facet normal 0 -1 0
    outer loop
      vertex -4.73789 0 82.7787
      vertex -4.73789 0 31.5213
      vertex -4.58868 0 83.0942
    endloop
  endfacet
  facet normal 0 -1 0
    outer loop
      vertex -4.58868 0 31.2058
      vertex -4.58868 0 83.0942
      vertex -4.73789 0 31.5213
    endloop
  endfacet
  facet normal 0 -1 0
    outer loop
      vertex -4.58868 0 83.0942
      vertex -4.58868 0 31.2058
      vertex -4.47112 0 83.4227
    endloop
  endfacet
  facet normal 0 -1 0
    outer loop
      vertex -4.47112 0 30.8773
      vertex -4.47112 0 83.4227
      vertex -4.58868 0 31.2058
    endloop
  endfacet
  facet normal 0 -1 0
    outer loop
      vertex -4.47112 0 83.4227
      vertex -4.47112 0 30.8773
      vertex -4.38633 0 83.7613
    endloop
  endfacet
  facet normal 0 -1 0
    outer loop
      vertex -4.38633 0 30.5387
      vertex -4.38633 0 83.7613
      vertex -4.47112 0 30.8773
    endloop
  endfacet
  facet normal 0 -1 0
    outer loop
      vertex -4.38633 0 83.7613
      vertex -4.38633 0 30.5387
      vertex -4.33512 0 84.1065
    endloop
  endfacet
  facet normal 0 -1 0
    outer loop
      vertex -4.33512 0 30.1935
      vertex -4.33512 0 84.1065
      vertex -4.38633 0 30.5387
    endloop
  endfacet
  facet normal 0 -1 0
    outer loop
      vertex -4.33512 0 84.1065
      vertex -4.33512 0 30.1935
      vertex -1.58749 0 114.3
    endloop
  endfacet
  facet normal 0 -1 0
    outer loop
      vertex -4.318 0 29.845
      vertex -1.58749 0 114.3
      vertex -4.33512 0 30.1935
    endloop
  endfacet
  facet normal 0 -1 0
    outer loop
      vertex -1.58749 0 0
      vertex -4.318 0 29.845
      vertex -4.318 0 23.495
    endloop
  endfacet
  facet normal 0 -1 0
    outer loop
      vertex -9.906 0 19.939
      vertex -1.58749 0 0
      vertex -7.874 0 19.939
    endloop
  endfacet
  facet normal 0 -1 0
    outer loop
      vertex -7.874 0 19.939
      vertex -1.58749 0 0
      vertex -7.52545 0 19.9561
    endloop
  endfacet
  facet normal 0 -1 0
    outer loop
      vertex -7.52545 0 19.9561
      vertex -1.58749 0 0
      vertex -7.18026 0 20.0073
    endloop
  endfacet
  facet normal 0 -1 0
    outer loop
      vertex -7.18026 0 20.0073
      vertex -1.58749 0 0
      vertex -6.84175 0 20.0921
    endloop
  endfacet
  facet normal 0 -1 0
    outer loop
      vertex -6.84175 0 20.0921
      vertex -1.58749 0 0
      vertex -6.51318 0 20.2097
    endloop
  endfacet
  facet normal 0 -1 0
    outer loop
      vertex -6.51318 0 20.2097
      vertex -1.58749 0 0
      vertex -6.19771 0 20.3589
    endloop
  endfacet
  facet normal 0 -1 0
    outer loop
      vertex -6.19771 0 20.3589
      vertex -1.58749 0 0
      vertex -5.89839 0 20.5383
    endloop
  endfacet
  facet normal 0 -1 0
    outer loop
      vertex -5.89839 0 20.5383
      vertex -1.58749 0 0
      vertex -5.6181 0 20.7462
    endloop
  endfacet
  facet normal 0 -1 0
    outer loop
      vertex -5.6181 0 20.7462
      vertex -1.58749 0 0
      vertex -5.35953 0 20.9805
    endloop
  endfacet
  facet normal 0 -1 0
    outer loop
      vertex -5.35953 0 20.9805
      vertex -1.58749 0 0
      vertex -5.12517 0 21.2391
    endloop
  endfacet
  facet normal 0 -1 0
    outer loop
      vertex -5.12517 0 21.2391
      vertex -1.58749 0 0
      vertex -4.91729 0 21.5194
    endloop
  endfacet
  facet normal 0 -1 0
    outer loop
      vertex -4.318 0 29.845
      vertex -1.58749 0 0
      vertex -1.58749 0 114.3
    endloop
  endfacet
  facet normal 0 -1 0
    outer loop
      vertex -4.33512 0 23.1465
      vertex -1.58749 0 0
      vertex -4.318 0 23.495
    endloop
  endfacet
  facet normal 0 -1 0
    outer loop
      vertex -4.38633 0 22.8013
      vertex -1.58749 0 0
      vertex -4.33512 0 23.1465
    endloop
  endfacet
  facet normal 0 -1 0
    outer loop
      vertex -4.47112 0 22.4627
      vertex -1.58749 0 0
      vertex -4.38633 0 22.8013
    endloop
  endfacet
  facet normal 0 -1 0
    outer loop
      vertex -4.58868 0 22.1342
      vertex -1.58749 0 0
      vertex -4.47112 0 22.4627
    endloop
  endfacet
  facet normal 0 -1 0
    outer loop
      vertex -4.73789 0 21.8187
      vertex -1.58749 0 0
      vertex -4.58868 0 22.1342
    endloop
  endfacet
  facet normal 0 -1 0
    outer loop
      vertex -4.91729 0 21.5194
      vertex -1.58749 0 0
      vertex -4.73789 0 21.8187
    endloop
  endfacet
  facet normal 0.707107 -0.707107 0
    outer loop
      vertex -1.58749 0 114.3
      vertex 0 1.58749 0
      vertex 0 1.58749 114.3
    endloop
  endfacet
  facet normal 0.707107 -0.707107 0
    outer loop
      vertex 0 1.58749 0
      vertex -1.58749 0 114.3
      vertex -1.58749 0 0
    endloop
  endfacet
  facet normal 1 0 0
    outer loop
      vertex 0 28.7134 114.3
      vertex 0 12.7 104.267
      vertex 0 28.7134 104.267
    endloop
  endfacet
  facet normal 1 0 0
    outer loop
      vertex 0 1.58749 114.3
      vertex 0 12.7 70.993
      vertex 0 12.7 104.267
    endloop
  endfacet
  facet normal 1 0 0
    outer loop
      vertex 0 12.7 70.993
      vertex 0 1.58749 114.3
      vertex 0 12.7 43.307
    endloop
  endfacet
  facet normal 1 0 0
    outer loop
      vertex 0 1.58749 0
      vertex 0 12.7 43.307
      vertex 0 1.58749 114.3
    endloop
  endfacet
  facet normal 1 -0 0
    outer loop
      vertex 0 1.58749 114.3
      vertex 0 12.7 104.267
      vertex 0 28.7134 114.3
    endloop
  endfacet
  facet normal 1 -0 0
    outer loop
      vertex 0 12.7 70.993
      vertex 0 28.7134 43.307
      vertex 0 28.7134 70.993
    endloop
  endfacet
  facet normal 1 0 0
    outer loop
      vertex 0 28.7134 43.307
      vertex 0 12.7 70.993
      vertex 0 12.7 43.307
    endloop
  endfacet
  facet normal 1 -0 0
    outer loop
      vertex 0 12.7 10.033
      vertex 0 28.7134 0
      vertex 0 28.7134 10.033
    endloop
  endfacet
  facet normal 1 0 0
    outer loop
      vertex 0 12.7 10.033
      vertex 0 1.58749 0
      vertex 0 28.7134 0
    endloop
  endfacet
  facet normal 1 0 0
    outer loop
      vertex 0 12.7 43.307
      vertex 0 1.58749 0
      vertex 0 12.7 10.033
    endloop
  endfacet
  facet normal 0.707109 0.707105 0
    outer loop
      vertex 0 28.7134 10.033
      vertex -1.58749 30.3009 1.58747
      vertex -1.58749 30.3009 10.033
    endloop
  endfacet
  facet normal 0.707109 0.707105 -0
    outer loop
      vertex 0 28.7134 0
      vertex -1.58749 30.3009 1.58747
      vertex 0 28.7134 10.033
    endloop
  endfacet
  facet normal 0.707131 0.707082 4.46945e-05
    outer loop
      vertex -1.58749 30.3009 1.58747
      vertex 0 28.7134 0
      vertex -1.46666 30.1801 0.97999
    endloop
  endfacet
  facet normal 0.707066 0.707147 -0.000150355
    outer loop
      vertex -1.46666 30.1801 0.97999
      vertex 0 28.7134 0
      vertex -1.12253 29.8359 0.464968
    endloop
  endfacet
  facet normal 0.707104 0.707109 3.3712e-05
    outer loop
      vertex -1.12253 29.8359 0.464968
      vertex 0 28.7134 0
      vertex -0.60751 29.3209 0.120841
    endloop
  endfacet
  facet normal 0.707131 0.707082 -4.47353e-05
    outer loop
      vertex 0 28.7134 114.3
      vertex -1.58749 30.3009 112.713
      vertex -1.46666 30.1801 113.32
    endloop
  endfacet
  facet normal 0.707066 0.707147 0.000150368
    outer loop
      vertex 0 28.7134 114.3
      vertex -1.46666 30.1801 113.32
      vertex -1.12253 29.8359 113.835
    endloop
  endfacet
  facet normal 0.707104 0.707109 -3.37485e-05
    outer loop
      vertex 0 28.7134 114.3
      vertex -1.12253 29.8359 113.835
      vertex -0.60751 29.3209 114.179
    endloop
  endfacet
  facet normal 0.707109 0.707105 0
    outer loop
      vertex -1.58749 30.3009 112.713
      vertex 0 28.7134 114.3
      vertex 0 28.7134 104.267
    endloop
  endfacet
  facet normal 0.707109 0.707105 0
    outer loop
      vertex -1.58749 30.3009 112.713
      vertex 0 28.7134 104.267
      vertex -1.58749 30.3009 104.267
    endloop
  endfacet
  facet normal 0.707109 0.707105 0
    outer loop
      vertex 0 28.7134 70.993
      vertex -1.58749 30.3009 43.307
      vertex -1.58749 30.3009 70.993
    endloop
  endfacet
  facet normal 0.707109 0.707105 0
    outer loop
      vertex -1.58749 30.3009 43.307
      vertex 0 28.7134 70.993
      vertex 0 28.7134 43.307
    endloop
  endfacet
  facet normal 0 0.831404 0.555668
    outer loop
      vertex -35.8372 30.1801 113.32
      vertex -36.365 29.8359 113.835
      vertex -1.12253 29.8359 113.835
    endloop
  endfacet
  facet normal 0.000842385 0.831005 0.556265
    outer loop
      vertex -36.365 29.8359 113.835
      vertex -35.8372 30.1801 113.32
      vertex -36.1756 29.9977 113.593
    endloop
  endfacet
  facet normal -0 0.831404 0.555668
    outer loop
      vertex -35.8372 30.1801 113.32
      vertex -1.12253 29.8359 113.835
      vertex -1.46666 30.1801 113.32
    endloop
  endfacet
  facet normal -0.00243531 0.832877 0.553453
    outer loop
      vertex -36.1756 29.9977 113.593
      vertex -35.8372 30.1801 113.32
      vertex -35.9632 30.1279 113.398
    endloop
  endfacet
  facet normal 0.000110912 0.195084 -0.980787
    outer loop
      vertex -36.83 28.7134 0
      vertex -36.8394 28.9117 0.0394419
      vertex -36.83 29.0309 0.0631525
    endloop
  endfacet
  facet normal -0.000122921 0.195073 -0.980789
    outer loop
      vertex -36.83 28.7134 0
      vertex -36.8673 28.7954 0.016314
      vertex -36.8394 28.9117 0.0394419
    endloop
  endfacet
  facet normal 0 0.195127 -0.980778
    outer loop
      vertex -36.8673 28.7954 0.016314
      vertex -36.83 28.7134 0
      vertex -36.9013 28.7134 0
    endloop
  endfacet
  facet normal 0 0.195093 -0.980785
    outer loop
      vertex -36.83 28.7134 0
      vertex -0.60751 29.3209 0.120841
      vertex 0 28.7134 0
    endloop
  endfacet
  facet normal 0 0.195093 -0.980785
    outer loop
      vertex -0.60751 29.3209 0.120841
      vertex -36.83 28.7134 0
      vertex -36.7038 29.3209 0.120841
    endloop
  endfacet
  facet normal -0.000200851 0.195133 -0.980777
    outer loop
      vertex -36.8104 28.9617 0.0493972
      vertex -36.7038 29.3209 0.120841
      vertex -36.83 28.7134 0
    endloop
  endfacet
  facet normal 0.000898008 0.194819 -0.980839
    outer loop
      vertex -36.7038 29.3209 0.120841
      vertex -36.8104 28.9617 0.0493972
      vertex -36.7523 29.204 0.0975773
    endloop
  endfacet
  facet normal 0.000162888 -0.980694 -0.19555
    outer loop
      vertex -29.3154 -8.87581 1.51616
      vertex -29.1036 -8.89 1.5875
      vertex -29.1249 -8.88985 1.58673
    endloop
  endfacet
  facet normal -0.000143628 -0.980852 -0.194754
    outer loop
      vertex -29.3154 -8.87581 1.51616
      vertex -29.1249 -8.88985 1.58673
      vertex -29.1461 -8.88942 1.58458
    endloop
  endfacet
  facet normal 1.51495e-05 -0.980777 -0.195132
    outer loop
      vertex -29.3154 -8.87581 1.51616
      vertex -29.1461 -8.88942 1.58458
      vertex -29.1673 -8.88872 1.58106
    endloop
  endfacet
  facet normal 0.000258981 -0.98067 -0.195667
    outer loop
      vertex -29.3154 -8.87581 1.51616
      vertex -29.1673 -8.88872 1.58106
      vertex -29.1886 -8.88773 1.57607
    endloop
  endfacet
  facet normal -0.00113821 -0.981233 -0.192822
    outer loop
      vertex -29.3154 -8.87581 1.51616
      vertex -29.1886 -8.88773 1.57607
      vertex -29.2097 -8.88644 1.56963
    endloop
  endfacet
  facet normal 0.000446348 -0.980637 -0.195836
    outer loop
      vertex -29.3154 -8.87581 1.51616
      vertex -29.2097 -8.88644 1.56963
      vertex -29.2309 -8.88487 1.56172
    endloop
  endfacet
  facet normal 0.00132931 -0.98032 -0.197411
    outer loop
      vertex -29.3154 -8.87581 1.51616
      vertex -29.2309 -8.88487 1.56172
      vertex -29.2521 -8.88303 1.55244
    endloop
  endfacet
  facet normal 0.000557676 -0.980581 -0.196116
    outer loop
      vertex -29.3154 -8.87581 1.51616
      vertex -29.2521 -8.88303 1.55244
      vertex -29.2732 -8.88091 1.54178
    endloop
  endfacet
  facet normal -0.00635823 -0.982691 -0.185145
    outer loop
      vertex -29.3154 -8.87581 1.51616
      vertex -29.2732 -8.88091 1.54178
      vertex -29.2943 -8.87849 1.52966
    endloop
  endfacet
  facet normal 2.72889e-06 -0.980785 -0.195093
    outer loop
      vertex -29.1036 -8.89 1.5875
      vertex -29.3154 -8.87581 1.51616
      vertex -30.1077 -8.76916 0.97999
    endloop
  endfacet
  facet normal 0 -0.980786 -0.195088
    outer loop
      vertex -29.1036 -8.89 1.5875
      vertex -30.1077 -8.76916 0.97999
      vertex -20.5167 -8.76916 0.97999
    endloop
  endfacet
  facet normal 0 -0.980786 -0.195088
    outer loop
      vertex -29.1036 -8.89 1.5875
      vertex -20.5167 -8.76916 0.97999
      vertex -20.6375 -8.89 1.5875
    endloop
  endfacet
  facet normal 0 0.980767 0.195184
    outer loop
      vertex -35.2425 30.3009 112.713
      vertex -35.8372 30.1801 113.32
      vertex -1.46666 30.1801 113.32
    endloop
  endfacet
  facet normal -0.000772978 0.980911 0.194455
    outer loop
      vertex -35.8372 30.1801 113.32
      vertex -35.2425 30.3009 112.713
      vertex -35.7331 30.2232 113.103
    endloop
  endfacet
  facet normal -0 0.980767 0.195184
    outer loop
      vertex -35.2425 30.3009 112.713
      vertex -1.46666 30.1801 113.32
      vertex -1.58749 30.3009 112.713
    endloop
  endfacet
  facet normal 0.000193086 0.980679 0.195624
    outer loop
      vertex -35.7331 30.2232 113.103
      vertex -35.2425 30.3009 112.713
      vertex -35.4908 30.2814 112.811
    endloop
  endfacet
  facet normal -0.000577037 -0.980936 0.194328
    outer loop
      vertex -29.1036 -8.89 112.713
      vertex -30.1077 -8.76916 113.32
      vertex -29.3154 -8.87581 112.784
    endloop
  endfacet
  facet normal -0.00561873 -0.983681 0.179836
    outer loop
      vertex -29.1036 -8.89 112.713
      vertex -29.3154 -8.87581 112.784
      vertex -29.2943 -8.87849 112.77
    endloop
  endfacet
  facet normal -0.000162529 -0.980321 0.197412
    outer loop
      vertex -29.1036 -8.89 112.713
      vertex -29.2943 -8.87849 112.77
      vertex -29.2732 -8.88091 112.758
    endloop
  endfacet
  facet normal 0.00588136 -0.975651 0.219248
    outer loop
      vertex -29.1036 -8.89 112.713
      vertex -29.2732 -8.88091 112.758
      vertex -29.2521 -8.88303 112.748
    endloop
  endfacet
  facet normal -0.00703348 -0.986014 0.166516
    outer loop
      vertex -29.1036 -8.89 112.713
      vertex -29.2521 -8.88303 112.748
      vertex -29.2309 -8.88487 112.738
    endloop
  endfacet
  facet normal -0.00360286 -0.983037 0.183373
    outer loop
      vertex -29.1036 -8.89 112.713
      vertex -29.2309 -8.88487 112.738
      vertex -29.2097 -8.88644 112.73
    endloop
  endfacet
  facet normal 0.00200225 -0.976187 0.216921
    outer loop
      vertex -29.1036 -8.89 112.713
      vertex -29.2097 -8.88644 112.73
      vertex -29.1886 -8.88773 112.724
    endloop
  endfacet
  facet normal -0.00237075 -0.982829 0.184501
    outer loop
      vertex -29.1036 -8.89 112.713
      vertex -29.1886 -8.88773 112.724
      vertex -29.1673 -8.88872 112.719
    endloop
  endfacet
  facet normal -0.00714333 -0.990749 0.135521
    outer loop
      vertex -29.1036 -8.89 112.713
      vertex -29.1673 -8.88872 112.719
      vertex -29.1461 -8.88942 112.715
    endloop
  endfacet
  facet normal -0.00697373 -0.99027 0.138986
    outer loop
      vertex -29.1036 -8.89 112.713
      vertex -29.1461 -8.88942 112.715
      vertex -29.1249 -8.88985 112.713
    endloop
  endfacet
  facet normal 0 -0.980754 0.195246
    outer loop
      vertex -30.1077 -8.76916 113.32
      vertex -29.1036 -8.89 112.713
      vertex -20.5167 -8.76916 113.32
    endloop
  endfacet
  facet normal 0 -0.980754 0.195246
    outer loop
      vertex -20.5167 -8.76916 113.32
      vertex -29.1036 -8.89 112.713
      vertex -20.6375 -8.89 112.713
    endloop
  endfacet
  facet normal 0 0.831415 -0.555652
    outer loop
      vertex -1.12253 29.8359 0.464968
      vertex -35.8372 30.1801 0.97999
      vertex -1.46666 30.1801 0.97999
    endloop
  endfacet
  facet normal 0 0.831415 -0.555652
    outer loop
      vertex -36.365 29.8359 0.464968
      vertex -35.8372 30.1801 0.97999
      vertex -1.12253 29.8359 0.464968
    endloop
  endfacet
  facet normal -6.39455e-05 0.831445 -0.555607
    outer loop
      vertex -36.1756 29.9977 0.707074
      vertex -35.8372 30.1801 0.97999
      vertex -36.365 29.8359 0.464968
    endloop
  endfacet
  facet normal 0.000338469 0.831215 -0.555952
    outer loop
      vertex -35.8372 30.1801 0.97999
      vertex -36.1756 29.9977 0.707074
      vertex -35.9632 30.1279 0.901868
    endloop
  endfacet
  facet normal 0 0.555445 0.831553
    outer loop
      vertex -36.7038 29.3209 114.179
      vertex -1.12253 29.8359 113.835
      vertex -36.365 29.8359 113.835
    endloop
  endfacet
  facet normal 0.0109547 0.550419 0.834817
    outer loop
      vertex -36.7038 29.3209 114.179
      vertex -36.365 29.8359 113.835
      vertex -36.5268 29.6465 113.962
    endloop
  endfacet
  facet normal 0.0252228 0.544875 0.838138
    outer loop
      vertex -36.7038 29.3209 114.179
      vertex -36.5268 29.6465 113.962
      vertex -36.657 29.4341 114.104
    endloop
  endfacet
  facet normal 0 0.555445 0.831553
    outer loop
      vertex -1.12253 29.8359 113.835
      vertex -36.7038 29.3209 114.179
      vertex -0.60751 29.3209 114.179
    endloop
  endfacet
  facet normal 0 0.555587 -0.831458
    outer loop
      vertex -36.7038 29.3209 0.120841
      vertex -1.12253 29.8359 0.464968
      vertex -0.60751 29.3209 0.120841
    endloop
  endfacet
  facet normal 0 0.555587 -0.831458
    outer loop
      vertex -1.12253 29.8359 0.464968
      vertex -36.7038 29.3209 0.120841
      vertex -36.365 29.8359 0.464968
    endloop
  endfacet
  facet normal 0.835429 -0.549599 0
    outer loop
      vertex -36.365 29.8359 0.464968
      vertex -36.7038 29.3209 0.120841
      vertex -36.365 29.8359 0.464965
    endloop
  endfacet
  facet normal 0.000235871 0.555476 -0.831532
    outer loop
      vertex -36.365 29.8359 0.464965
      vertex -36.7038 29.3209 0.120841
      vertex -36.5268 29.6465 0.338397
    endloop
  endfacet
  facet normal 0.000213916 0.555485 -0.831527
    outer loop
      vertex -36.5268 29.6465 0.338397
      vertex -36.7038 29.3209 0.120841
      vertex -36.657 29.4341 0.196474
    endloop
  endfacet
  facet normal 0 -0.195337 0.980736
    outer loop
      vertex -19.05 -7.3025 114.3
      vertex -36.4899 -7.91001 114.179
      vertex -19.6575 -7.91001 114.179
    endloop
  endfacet
  facet normal 0 -0.195337 0.980736
    outer loop
      vertex -36.4899 -7.91001 114.179
      vertex -19.05 -7.3025 114.3
      vertex -41.0028 -7.3025 114.3
    endloop
  endfacet
  facet normal 0 0.980796 -0.195036
    outer loop
      vertex -1.46666 30.1801 0.97999
      vertex -35.2425 30.3009 1.58747
      vertex -1.58749 30.3009 1.58747
    endloop
  endfacet
  facet normal 0 0.980796 -0.195036
    outer loop
      vertex -35.8372 30.1801 0.97999
      vertex -35.2425 30.3009 1.58747
      vertex -1.46666 30.1801 0.97999
    endloop
  endfacet
  facet normal -0.0002314 0.980839 -0.194818
    outer loop
      vertex -35.7331 30.2232 1.19686
      vertex -35.2425 30.3009 1.58747
      vertex -35.8372 30.1801 0.97999
    endloop
  endfacet
  facet normal 0.000375652 0.980693 -0.195551
    outer loop
      vertex -35.2425 30.3009 1.58747
      vertex -35.7331 30.2232 1.19686
      vertex -35.4908 30.2814 1.4892
    endloop
  endfacet
  facet normal -0 -0.831467 -0.555574
    outer loop
      vertex -20.1725 -8.42503 0.464968
      vertex -30.1077 -8.76916 0.97999
      vertex -32.664 -8.42503 0.464968
    endloop
  endfacet
  facet normal 0 -0.831467 -0.555574
    outer loop
      vertex -30.1077 -8.76916 0.97999
      vertex -20.1725 -8.42503 0.464968
      vertex -20.5167 -8.76916 0.97999
    endloop
  endfacet
  facet normal 0 -0.55543 0.831563
    outer loop
      vertex -19.6575 -7.91001 114.179
      vertex -32.664 -8.42503 113.835
      vertex -20.1725 -8.42503 113.835
    endloop
  endfacet
  facet normal 0 -0.55543 0.831563
    outer loop
      vertex -32.664 -8.42503 113.835
      vertex -19.6575 -7.91001 114.179
      vertex -36.4899 -7.91001 114.179
    endloop
  endfacet
  facet normal 0 -0.831456 0.55559
    outer loop
      vertex -30.1077 -8.76916 113.32
      vertex -20.1725 -8.42503 113.835
      vertex -32.664 -8.42503 113.835
    endloop
  endfacet
  facet normal 0 -0.831456 0.55559
    outer loop
      vertex -20.1725 -8.42503 113.835
      vertex -30.1077 -8.76916 113.32
      vertex -20.5167 -8.76916 113.32
    endloop
  endfacet
  facet normal 0.0362599 0.194503 0.980232
    outer loop
      vertex -36.8394 28.9117 114.261
      vertex -36.83 28.7134 114.3
      vertex -36.83 29.0309 114.237
    endloop
  endfacet
  facet normal 0.00373168 0.193144 0.981163
    outer loop
      vertex -36.8673 28.7954 114.284
      vertex -36.83 28.7134 114.3
      vertex -36.8394 28.9117 114.261
    endloop
  endfacet
  facet normal 0 0.19151 0.981491
    outer loop
      vertex -36.83 28.7134 114.3
      vertex -36.8673 28.7954 114.284
      vertex -36.9013 28.7134 114.3
    endloop
  endfacet
  facet normal 0 0.19534 0.980736
    outer loop
      vertex -36.83 28.7134 114.3
      vertex -0.60751 29.3209 114.179
      vertex -36.7038 29.3209 114.179
    endloop
  endfacet
  facet normal -0.0306118 0.20517 0.978248
    outer loop
      vertex -36.8104 28.9617 114.251
      vertex -36.7038 29.3209 114.179
      vertex -36.7523 29.204 114.202
    endloop
  endfacet
  facet normal 0.0139792 0.192527 0.981192
    outer loop
      vertex -36.7038 29.3209 114.179
      vertex -36.8104 28.9617 114.251
      vertex -36.83 28.7134 114.3
    endloop
  endfacet
  facet normal 0 0.19534 0.980736
    outer loop
      vertex -0.60751 29.3209 114.179
      vertex -36.83 28.7134 114.3
      vertex 0 28.7134 114.3
    endloop
  endfacet
  facet normal 0 -0.19509 -0.980785
    outer loop
      vertex -36.4899 -7.91001 0.120841
      vertex -19.05 -7.3025 0
      vertex -19.6575 -7.91001 0.120841
    endloop
  endfacet
  facet normal -0 -0.19509 -0.980785
    outer loop
      vertex -19.05 -7.3025 0
      vertex -36.4899 -7.91001 0.120841
      vertex -41.0028 -7.3025 0
    endloop
  endfacet
  facet normal 0 -0.555572 -0.831468
    outer loop
      vertex -32.664 -8.42503 0.464968
      vertex -19.6575 -7.91001 0.120841
      vertex -20.1725 -8.42503 0.464968
    endloop
  endfacet
  facet normal -0 -0.555572 -0.831468
    outer loop
      vertex -19.6575 -7.91001 0.120841
      vertex -32.664 -8.42503 0.464968
      vertex -36.4899 -7.91001 0.120841
    endloop
  endfacet
  facet normal 0.514095 0 0.857733
    outer loop
      vertex -17.3851 30.3009 12.3018
      vertex -16.2519 12.7 11.6226
      vertex -16.2519 30.3009 11.6226
    endloop
  endfacet
  facet normal 0.514095 0 0.857733
    outer loop
      vertex -16.2519 12.7 11.6226
      vertex -17.3851 30.3009 12.3018
      vertex -17.3851 12.7 12.3018
    endloop
  endfacet
  facet normal 0.970031 0 -0.242981
    outer loop
      vertex -22.7883 12.7 33.7528
      vertex -23.1093 30.3009 32.4713
      vertex -22.7883 30.3009 33.7528
    endloop
  endfacet
  facet normal 0.970031 0 -0.242981
    outer loop
      vertex -23.1093 30.3009 32.4713
      vertex -22.7883 12.7 33.7528
      vertex -23.1093 12.7 32.4713
    endloop
  endfacet
  facet normal 0.74096 -0 0.671549
    outer loop
      vertex -20.3123 12.7 14.9548
      vertex -19.4251 30.3009 13.9759
      vertex -20.3123 30.3009 14.9548
    endloop
  endfacet
  facet normal 0.74096 0 0.671549
    outer loop
      vertex -19.4251 30.3009 13.9759
      vertex -20.3123 12.7 14.9548
      vertex -19.4251 12.7 13.9759
    endloop
  endfacet
  facet normal 0.242981 0 -0.970031
    outer loop
      vertex -13.8138 12.7 42.7273
      vertex -12.5323 30.3009 43.0483
      vertex -12.5323 12.7 43.0483
    endloop
  endfacet
  facet normal 0.242981 0 -0.970031
    outer loop
      vertex -12.5323 30.3009 43.0483
      vertex -13.8138 12.7 42.7273
      vertex -13.8138 30.3009 42.7273
    endloop
  endfacet
  facet normal 0.989171 0 -0.146771
    outer loop
      vertex -23.1093 12.7 32.4713
      vertex -23.3032 30.3009 31.1645
      vertex -23.1093 30.3009 32.4713
    endloop
  endfacet
  facet normal 0.989171 0 -0.146771
    outer loop
      vertex -23.3032 30.3009 31.1645
      vertex -23.1093 12.7 32.4713
      vertex -23.3032 12.7 31.1645
    endloop
  endfacet
  facet normal 0.903964 0 -0.427608
    outer loop
      vertex -21.7784 12.7 36.1909
      vertex -22.3433 30.3009 34.9967
      vertex -21.7784 30.3009 36.1909
    endloop
  endfacet
  facet normal 0.903964 0 -0.427608
    outer loop
      vertex -22.3433 30.3009 34.9967
      vertex -21.7784 12.7 36.1909
      vertex -22.3433 12.7 34.9967
    endloop
  endfacet
  facet normal 0.427608 0 -0.903964
    outer loop
      vertex -16.2519 12.7 41.7174
      vertex -15.0577 30.3009 42.2823
      vertex -15.0577 12.7 42.2823
    endloop
  endfacet
  facet normal 0.427608 0 -0.903964
    outer loop
      vertex -15.0577 30.3009 42.2823
      vertex -16.2519 12.7 41.7174
      vertex -16.2519 30.3009 41.7174
    endloop
  endfacet
  facet normal 0.146771 0 0.989171
    outer loop
      vertex -12.5323 30.3009 10.2917
      vertex -11.2255 12.7 10.0978
      vertex -11.2255 30.3009 10.0978
    endloop
  endfacet
  facet normal 0.146771 0 0.989171
    outer loop
      vertex -11.2255 12.7 10.0978
      vertex -12.5323 30.3009 10.2917
      vertex -12.5323 12.7 10.2917
    endloop
  endfacet
  facet normal 0.33684 0 -0.941562
    outer loop
      vertex -15.0577 12.7 42.2823
      vertex -13.8138 30.3009 42.7273
      vertex -13.8138 12.7 42.7273
    endloop
  endfacet
  facet normal 0.33684 0 -0.941562
    outer loop
      vertex -13.8138 30.3009 42.7273
      vertex -15.0577 12.7 42.2823
      vertex -15.0577 30.3009 42.2823
    endloop
  endfacet
  facet normal 0 1 -0
    outer loop
      vertex -6.51318 12.7 33.1303
      vertex -8.89 12.7 43.307
      vertex 0 12.7 43.307
    endloop
  endfacet
  facet normal -0 1 -0
    outer loop
      vertex -7.18026 12.7 33.3327
      vertex -8.89 12.7 43.307
      vertex -6.84175 12.7 33.2479
    endloop
  endfacet
  facet normal -0 1 -0
    outer loop
      vertex -7.874 12.7 33.401
      vertex -8.89 12.7 43.307
      vertex -7.52545 12.7 33.3839
    endloop
  endfacet
  facet normal 0 1 0
    outer loop
      vertex -9.906 12.7 33.401
      vertex -8.89 12.7 43.307
      vertex -7.874 12.7 33.401
    endloop
  endfacet
  facet normal 0 1 0
    outer loop
      vertex -9.906 12.7 43.307
      vertex -9.906 12.7 33.401
      vertex -11.2255 12.7 43.2422
    endloop
  endfacet
  facet normal 0 1 0
    outer loop
      vertex -11.2255 12.7 43.2422
      vertex -10.2545 12.7 33.3839
      vertex -12.5323 12.7 43.0483
    endloop
  endfacet
  facet normal 0 1 -0
    outer loop
      vertex -10.5997 12.7 33.3327
      vertex -12.5323 12.7 43.0483
      vertex -10.2545 12.7 33.3839
    endloop
  endfacet
  facet normal 0 1 0
    outer loop
      vertex -12.5323 12.7 43.0483
      vertex -10.5997 12.7 33.3327
      vertex -13.8138 12.7 42.7273
    endloop
  endfacet
  facet normal 0 1 0
    outer loop
      vertex -13.8138 12.7 42.7273
      vertex -10.9383 12.7 33.2479
      vertex -15.0577 12.7 42.2823
    endloop
  endfacet
  facet normal 0 1 -0
    outer loop
      vertex -11.2668 12.7 33.1303
      vertex -15.0577 12.7 42.2823
      vertex -10.9383 12.7 33.2479
    endloop
  endfacet
  facet normal 0 1 -0
    outer loop
      vertex -11.5823 12.7 32.9811
      vertex -16.2519 12.7 41.7174
      vertex -11.2668 12.7 33.1303
    endloop
  endfacet
  facet normal 0 1 0
    outer loop
      vertex -16.2519 12.7 41.7174
      vertex -11.5823 12.7 32.9811
      vertex -17.3851 12.7 41.0382
    endloop
  endfacet
  facet normal 0 1 0
    outer loop
      vertex -17.3851 12.7 41.0382
      vertex -11.8816 12.7 32.8017
      vertex -18.4462 12.7 40.2513
    endloop
  endfacet
  facet normal 0 1 0
    outer loop
      vertex -18.4462 12.7 40.2513
      vertex -12.1619 12.7 32.5938
      vertex -19.4251 12.7 39.3641
    endloop
  endfacet
  facet normal 0 1 -0
    outer loop
      vertex -10.9383 12.7 33.2479
      vertex -13.8138 12.7 42.7273
      vertex -10.5997 12.7 33.3327
    endloop
  endfacet
  facet normal 0 1 -0
    outer loop
      vertex -10.2545 12.7 33.3839
      vertex -11.2255 12.7 43.2422
      vertex -9.906 12.7 33.401
    endloop
  endfacet
  facet normal 0 1 0
    outer loop
      vertex -8.89 12.7 43.307
      vertex -9.906 12.7 33.401
      vertex -9.906 12.7 43.307
    endloop
  endfacet
  facet normal -0 1 -0
    outer loop
      vertex -7.52545 12.7 33.3839
      vertex -8.89 12.7 43.307
      vertex -7.18026 12.7 33.3327
    endloop
  endfacet
  facet normal 0 1 0
    outer loop
      vertex -8.89 12.7 43.307
      vertex -6.51318 12.7 33.1303
      vertex -6.84175 12.7 33.2479
    endloop
  endfacet
  facet normal 0 1 0
    outer loop
      vertex 0 12.7 43.307
      vertex -6.19771 12.7 32.9811
      vertex -6.51318 12.7 33.1303
    endloop
  endfacet
  facet normal 0 1 0
    outer loop
      vertex 0 12.7 43.307
      vertex -5.89839 12.7 32.8017
      vertex -6.19771 12.7 32.9811
    endloop
  endfacet
  facet normal 0 1 0
    outer loop
      vertex 0 12.7 43.307
      vertex -5.6181 12.7 32.5938
      vertex -5.89839 12.7 32.8017
    endloop
  endfacet
  facet normal 0 1 0
    outer loop
      vertex 0 12.7 43.307
      vertex -5.35953 12.7 32.3595
      vertex -5.6181 12.7 32.5938
    endloop
  endfacet
  facet normal 0 1 0
    outer loop
      vertex 0 12.7 43.307
      vertex -5.12517 12.7 32.1009
      vertex -5.35953 12.7 32.3595
    endloop
  endfacet
  facet normal 0 1 0
    outer loop
      vertex 0 12.7 43.307
      vertex -4.91729 12.7 31.8206
      vertex -5.12517 12.7 32.1009
    endloop
  endfacet
  facet normal 0 1 0
    outer loop
      vertex 0 12.7 43.307
      vertex -4.73789 12.7 31.5213
      vertex -4.91729 12.7 31.8206
    endloop
  endfacet
  facet normal 0 1 0
    outer loop
      vertex 0 12.7 43.307
      vertex -4.58868 12.7 31.2058
      vertex -4.73789 12.7 31.5213
    endloop
  endfacet
  facet normal 0 1 0
    outer loop
      vertex 0 12.7 43.307
      vertex -4.47112 12.7 30.8773
      vertex -4.58868 12.7 31.2058
    endloop
  endfacet
  facet normal 0 1 0
    outer loop
      vertex 0 12.7 43.307
      vertex -4.38633 12.7 30.5387
      vertex -4.47112 12.7 30.8773
    endloop
  endfacet
  facet normal 0 1 0
    outer loop
      vertex 0 12.7 43.307
      vertex -4.33512 12.7 30.1935
      vertex -4.38633 12.7 30.5387
    endloop
  endfacet
  facet normal 0 1 0
    outer loop
      vertex 0 12.7 43.307
      vertex -4.318 12.7 29.845
      vertex -4.33512 12.7 30.1935
    endloop
  endfacet
  facet normal 0 1 0
    outer loop
      vertex 0 12.7 43.307
      vertex -4.318 12.7 23.495
      vertex -4.318 12.7 29.845
    endloop
  endfacet
  facet normal 0 1 -0
    outer loop
      vertex 0 12.7 10.033
      vertex -4.318 12.7 23.495
      vertex 0 12.7 43.307
    endloop
  endfacet
  facet normal 0 1 0
    outer loop
      vertex -4.318 12.7 23.495
      vertex 0 12.7 10.033
      vertex -4.33512 12.7 23.1465
    endloop
  endfacet
  facet normal 0 1 0
    outer loop
      vertex -9.906 12.7 10.033
      vertex -9.906 12.7 19.939
      vertex -7.874 12.7 19.939
    endloop
  endfacet
  facet normal 0 1 0
    outer loop
      vertex -9.906 12.7 19.939
      vertex -22.3433 12.7 18.3433
      vertex -22.7883 12.7 19.5872
    endloop
  endfacet
  facet normal 0 1 0
    outer loop
      vertex -9.906 12.7 10.033
      vertex -7.874 12.7 19.939
      vertex -7.52545 12.7 19.9561
    endloop
  endfacet
  facet normal 0 1 0
    outer loop
      vertex -9.906 12.7 19.939
      vertex -21.7784 12.7 17.1491
      vertex -22.3433 12.7 18.3433
    endloop
  endfacet
  facet normal 0 1 0
    outer loop
      vertex -9.906 12.7 10.033
      vertex -7.52545 12.7 19.9561
      vertex -7.18026 12.7 20.0073
    endloop
  endfacet
  facet normal 0 1 0
    outer loop
      vertex -9.906 12.7 19.939
      vertex -21.0992 12.7 16.0159
      vertex -21.7784 12.7 17.1491
    endloop
  endfacet
  facet normal 0 1 0
    outer loop
      vertex -9.906 12.7 10.033
      vertex -7.18026 12.7 20.0073
      vertex -6.84175 12.7 20.0921
    endloop
  endfacet
  facet normal 0 1 0
    outer loop
      vertex -9.906 12.7 19.939
      vertex -20.3123 12.7 14.9548
      vertex -21.0992 12.7 16.0159
    endloop
  endfacet
  facet normal 0 1 0
    outer loop
      vertex 0 12.7 10.033
      vertex -6.84175 12.7 20.0921
      vertex -6.51318 12.7 20.2097
    endloop
  endfacet
  facet normal 0 1 0
    outer loop
      vertex -9.906 12.7 19.939
      vertex -19.4251 12.7 13.9759
      vertex -20.3123 12.7 14.9548
    endloop
  endfacet
  facet normal 0 1 0
    outer loop
      vertex 0 12.7 10.033
      vertex -6.51318 12.7 20.2097
      vertex -6.19771 12.7 20.3589
    endloop
  endfacet
  facet normal 0 1 0
    outer loop
      vertex -9.906 12.7 19.939
      vertex -18.4462 12.7 13.0887
      vertex -19.4251 12.7 13.9759
    endloop
  endfacet
  facet normal 0 1 0
    outer loop
      vertex -9.906 12.7 19.939
      vertex -17.3851 12.7 12.3018
      vertex -18.4462 12.7 13.0887
    endloop
  endfacet
  facet normal 0 1 0
    outer loop
      vertex 0 12.7 10.033
      vertex -6.19771 12.7 20.3589
      vertex -5.89839 12.7 20.5383
    endloop
  endfacet
  facet normal 0 1 0
    outer loop
      vertex -9.906 12.7 19.939
      vertex -16.2519 12.7 11.6226
      vertex -17.3851 12.7 12.3018
    endloop
  endfacet
  facet normal 0 1 0
    outer loop
      vertex 0 12.7 10.033
      vertex -5.89839 12.7 20.5383
      vertex -5.6181 12.7 20.7462
    endloop
  endfacet
  facet normal 0 1 0
    outer loop
      vertex -9.906 12.7 19.939
      vertex -15.0577 12.7 11.0577
      vertex -16.2519 12.7 11.6226
    endloop
  endfacet
  facet normal 0 1 0
    outer loop
      vertex 0 12.7 10.033
      vertex -5.6181 12.7 20.7462
      vertex -5.35953 12.7 20.9805
    endloop
  endfacet
  facet normal 0 1 0
    outer loop
      vertex -9.906 12.7 19.939
      vertex -13.8138 12.7 10.6127
      vertex -15.0577 12.7 11.0577
    endloop
  endfacet
  facet normal 0 1 0
    outer loop
      vertex 0 12.7 10.033
      vertex -5.35953 12.7 20.9805
      vertex -5.12517 12.7 21.2391
    endloop
  endfacet
  facet normal 0 1 0
    outer loop
      vertex -9.906 12.7 19.939
      vertex -12.5323 12.7 10.2917
      vertex -13.8138 12.7 10.6127
    endloop
  endfacet
  facet normal 0 1 0
    outer loop
      vertex 0 12.7 10.033
      vertex -5.12517 12.7 21.2391
      vertex -4.91729 12.7 21.5194
    endloop
  endfacet
  facet normal 0 1 0
    outer loop
      vertex -9.906 12.7 19.939
      vertex -11.2255 12.7 10.0978
      vertex -12.5323 12.7 10.2917
    endloop
  endfacet
  facet normal 0 1 0
    outer loop
      vertex 0 12.7 10.033
      vertex -4.91729 12.7 21.5194
      vertex -4.73789 12.7 21.8187
    endloop
  endfacet
  facet normal 0 1 0
    outer loop
      vertex -4.33512 12.7 23.1465
      vertex 0 12.7 10.033
      vertex -4.38633 12.7 22.8013
    endloop
  endfacet
  facet normal 0 1 0
    outer loop
      vertex 0 12.7 10.033
      vertex -4.47112 12.7 22.4627
      vertex -4.38633 12.7 22.8013
    endloop
  endfacet
  facet normal 0 1 0
    outer loop
      vertex 0 12.7 10.033
      vertex -4.58868 12.7 22.1342
      vertex -4.47112 12.7 22.4627
    endloop
  endfacet
  facet normal 0 1 0
    outer loop
      vertex 0 12.7 10.033
      vertex -4.73789 12.7 21.8187
      vertex -4.58868 12.7 22.1342
    endloop
  endfacet
  facet normal 0 1 0
    outer loop
      vertex -6.84175 12.7 20.0921
      vertex 0 12.7 10.033
      vertex -9.906 12.7 10.033
    endloop
  endfacet
  facet normal 0 1 0
    outer loop
      vertex -9.906 12.7 19.939
      vertex -9.906 12.7 10.033
      vertex -11.2255 12.7 10.0978
    endloop
  endfacet
  facet normal 0 1 0
    outer loop
      vertex -15.0577 12.7 42.2823
      vertex -11.2668 12.7 33.1303
      vertex -16.2519 12.7 41.7174
    endloop
  endfacet
  facet normal 0 1 -0
    outer loop
      vertex -11.8816 12.7 32.8017
      vertex -17.3851 12.7 41.0382
      vertex -11.5823 12.7 32.9811
    endloop
  endfacet
  facet normal 0 1 -0
    outer loop
      vertex -12.1619 12.7 32.5938
      vertex -18.4462 12.7 40.2513
      vertex -11.8816 12.7 32.8017
    endloop
  endfacet
  facet normal 0 1 -0
    outer loop
      vertex -12.4205 12.7 32.3595
      vertex -19.4251 12.7 39.3641
      vertex -12.1619 12.7 32.5938
    endloop
  endfacet
  facet normal 0 1 0
    outer loop
      vertex -19.4251 12.7 39.3641
      vertex -12.4205 12.7 32.3595
      vertex -20.3123 12.7 38.3852
    endloop
  endfacet
  facet normal 0 1 -0
    outer loop
      vertex -12.6548 12.7 32.1009
      vertex -20.3123 12.7 38.3852
      vertex -12.4205 12.7 32.3595
    endloop
  endfacet
  facet normal 0 1 0
    outer loop
      vertex -20.3123 12.7 38.3852
      vertex -12.6548 12.7 32.1009
      vertex -21.0992 12.7 37.3241
    endloop
  endfacet
  facet normal 0 1 -0
    outer loop
      vertex -12.8627 12.7 31.8206
      vertex -21.0992 12.7 37.3241
      vertex -12.6548 12.7 32.1009
    endloop
  endfacet
  facet normal 0 1 0
    outer loop
      vertex -21.0992 12.7 37.3241
      vertex -12.8627 12.7 31.8206
      vertex -21.7784 12.7 36.1909
    endloop
  endfacet
  facet normal 0 1 -0
    outer loop
      vertex -13.0421 12.7 31.5213
      vertex -21.7784 12.7 36.1909
      vertex -12.8627 12.7 31.8206
    endloop
  endfacet
  facet normal 0 1 0
    outer loop
      vertex -21.7784 12.7 36.1909
      vertex -13.0421 12.7 31.5213
      vertex -22.3433 12.7 34.9967
    endloop
  endfacet
  facet normal 0 1 -0
    outer loop
      vertex -13.1913 12.7 31.2058
      vertex -22.3433 12.7 34.9967
      vertex -13.0421 12.7 31.5213
    endloop
  endfacet
  facet normal 0 1 0
    outer loop
      vertex -22.3433 12.7 34.9967
      vertex -13.1913 12.7 31.2058
      vertex -22.7883 12.7 33.7528
    endloop
  endfacet
  facet normal 0 1 -0
    outer loop
      vertex -13.3089 12.7 30.8773
      vertex -22.7883 12.7 33.7528
      vertex -13.1913 12.7 31.2058
    endloop
  endfacet
  facet normal 0 1 0
    outer loop
      vertex -22.7883 12.7 33.7528
      vertex -13.3089 12.7 30.8773
      vertex -23.1093 12.7 32.4713
    endloop
  endfacet
  facet normal 0 1 -0
    outer loop
      vertex -13.3937 12.7 30.5387
      vertex -23.1093 12.7 32.4713
      vertex -13.3089 12.7 30.8773
    endloop
  endfacet
  facet normal 0 1 0
    outer loop
      vertex -23.1093 12.7 32.4713
      vertex -13.3937 12.7 30.5387
      vertex -23.3032 12.7 31.1645
    endloop
  endfacet
  facet normal 0 1 -0
    outer loop
      vertex -13.4449 12.7 30.1935
      vertex -23.3032 12.7 31.1645
      vertex -13.3937 12.7 30.5387
    endloop
  endfacet
  facet normal 0 1 -0
    outer loop
      vertex -13.462 12.7 29.845
      vertex -23.3032 12.7 31.1645
      vertex -13.4449 12.7 30.1935
    endloop
  endfacet
  facet normal 0 1 0
    outer loop
      vertex -13.462 12.7 29.845
      vertex -23.368 12.7 29.845
      vertex -23.3032 12.7 31.1645
    endloop
  endfacet
  facet normal 0 1 -0
    outer loop
      vertex -13.462 12.7 23.495
      vertex -23.368 12.7 29.845
      vertex -13.462 12.7 29.845
    endloop
  endfacet
  facet normal 0 1 0
    outer loop
      vertex -13.462 12.7 23.495
      vertex -23.368 12.7 23.495
      vertex -23.368 12.7 29.845
    endloop
  endfacet
  facet normal 0 1 0
    outer loop
      vertex -13.4449 12.7 23.1465
      vertex -23.368 12.7 23.495
      vertex -13.462 12.7 23.495
    endloop
  endfacet
  facet normal 0 1 0
    outer loop
      vertex -23.3032 12.7 22.1755
      vertex -13.4449 12.7 23.1465
      vertex -13.3937 12.7 22.8013
    endloop
  endfacet
  facet normal 0 1 0
    outer loop
      vertex -23.1093 12.7 20.8687
      vertex -13.3937 12.7 22.8013
      vertex -13.3089 12.7 22.4627
    endloop
  endfacet
  facet normal 0 1 0
    outer loop
      vertex -13.4449 12.7 23.1465
      vertex -23.3032 12.7 22.1755
      vertex -23.368 12.7 23.495
    endloop
  endfacet
  facet normal 0 1 0
    outer loop
      vertex -22.7883 12.7 19.5872
      vertex -13.3089 12.7 22.4627
      vertex -13.1913 12.7 22.1342
    endloop
  endfacet
  facet normal 0 1 0
    outer loop
      vertex -22.7883 12.7 19.5872
      vertex -13.1913 12.7 22.1342
      vertex -13.0421 12.7 21.8187
    endloop
  endfacet
  facet normal 0 1 0
    outer loop
      vertex -22.7883 12.7 19.5872
      vertex -13.0421 12.7 21.8187
      vertex -12.8627 12.7 21.5194
    endloop
  endfacet
  facet normal 0 1 0
    outer loop
      vertex -22.7883 12.7 19.5872
      vertex -12.8627 12.7 21.5194
      vertex -12.6548 12.7 21.2391
    endloop
  endfacet
  facet normal 0 1 0
    outer loop
      vertex -22.7883 12.7 19.5872
      vertex -12.6548 12.7 21.2391
      vertex -12.4205 12.7 20.9805
    endloop
  endfacet
  facet normal 0 1 0
    outer loop
      vertex -13.3937 12.7 22.8013
      vertex -23.1093 12.7 20.8687
      vertex -23.3032 12.7 22.1755
    endloop
  endfacet
  facet normal 0 1 0
    outer loop
      vertex -22.7883 12.7 19.5872
      vertex -12.4205 12.7 20.9805
      vertex -12.1619 12.7 20.7462
    endloop
  endfacet
  facet normal 0 1 0
    outer loop
      vertex -22.7883 12.7 19.5872
      vertex -12.1619 12.7 20.7462
      vertex -11.8816 12.7 20.5383
    endloop
  endfacet
  facet normal 0 1 0
    outer loop
      vertex -22.7883 12.7 19.5872
      vertex -11.8816 12.7 20.5383
      vertex -11.5823 12.7 20.3589
    endloop
  endfacet
  facet normal 0 1 0
    outer loop
      vertex -22.7883 12.7 19.5872
      vertex -11.5823 12.7 20.3589
      vertex -11.2668 12.7 20.2097
    endloop
  endfacet
  facet normal 0 1 0
    outer loop
      vertex -22.7883 12.7 19.5872
      vertex -11.2668 12.7 20.2097
      vertex -10.9383 12.7 20.0921
    endloop
  endfacet
  facet normal 0 1 0
    outer loop
      vertex -22.7883 12.7 19.5872
      vertex -10.9383 12.7 20.0921
      vertex -10.5997 12.7 20.0073
    endloop
  endfacet
  facet normal 0 1 0
    outer loop
      vertex -22.7883 12.7 19.5872
      vertex -10.5997 12.7 20.0073
      vertex -10.2545 12.7 19.9561
    endloop
  endfacet
  facet normal 0 1 0
    outer loop
      vertex -13.3089 12.7 22.4627
      vertex -22.7883 12.7 19.5872
      vertex -23.1093 12.7 20.8687
    endloop
  endfacet
  facet normal 0 1 0
    outer loop
      vertex -22.7883 12.7 19.5872
      vertex -10.2545 12.7 19.9561
      vertex -9.906 12.7 19.939
    endloop
  endfacet
  facet normal 0.803231 0 -0.595667
    outer loop
      vertex -20.3123 12.7 38.3852
      vertex -21.0992 30.3009 37.3241
      vertex -20.3123 30.3009 38.3852
    endloop
  endfacet
  facet normal 0.803231 0 -0.595667
    outer loop
      vertex -21.0992 30.3009 37.3241
      vertex -20.3123 12.7 38.3852
      vertex -21.0992 12.7 37.3241
    endloop
  endfacet
  facet normal 0.803231 -0 0.595667
    outer loop
      vertex -21.0992 12.7 16.0159
      vertex -20.3123 30.3009 14.9548
      vertex -21.0992 30.3009 16.0159
    endloop
  endfacet
  facet normal 0.803231 0 0.595667
    outer loop
      vertex -20.3123 30.3009 14.9548
      vertex -21.0992 12.7 16.0159
      vertex -20.3123 12.7 14.9548
    endloop
  endfacet
  facet normal 0.941562 -0 0.33684
    outer loop
      vertex -22.7883 12.7 19.5872
      vertex -22.3433 30.3009 18.3433
      vertex -22.7883 30.3009 19.5872
    endloop
  endfacet
  facet normal 0.941562 0 0.33684
    outer loop
      vertex -22.3433 30.3009 18.3433
      vertex -22.7883 12.7 19.5872
      vertex -22.3433 12.7 18.3433
    endloop
  endfacet
  facet normal 0.671549 0 -0.74096
    outer loop
      vertex -19.4251 12.7 39.3641
      vertex -18.4462 30.3009 40.2513
      vertex -18.4462 12.7 40.2513
    endloop
  endfacet
  facet normal 0.671549 0 -0.74096
    outer loop
      vertex -18.4462 30.3009 40.2513
      vertex -19.4251 12.7 39.3641
      vertex -19.4251 30.3009 39.3641
    endloop
  endfacet
  facet normal 0.998796 0 -0.0490504
    outer loop
      vertex -23.3032 12.7 31.1645
      vertex -23.368 30.3009 29.845
      vertex -23.3032 30.3009 31.1645
    endloop
  endfacet
  facet normal 0.998796 0 -0.0490504
    outer loop
      vertex -23.368 30.3009 29.845
      vertex -23.3032 12.7 31.1645
      vertex -23.368 12.7 29.845
    endloop
  endfacet
  facet normal 0 0 -1
    outer loop
      vertex -9.906 12.7 43.307
      vertex -8.89 30.3009 43.307
      vertex -8.89 12.7 43.307
    endloop
  endfacet
  facet normal -0 0 -1
    outer loop
      vertex -8.89 30.3009 43.307
      vertex -9.906 12.7 43.307
      vertex -9.906 30.3009 43.307
    endloop
  endfacet
  facet normal 0.0490504 0 -0.998796
    outer loop
      vertex -11.2255 12.7 43.2422
      vertex -9.906 30.3009 43.307
      vertex -9.906 12.7 43.307
    endloop
  endfacet
  facet normal 0.0490504 0 -0.998796
    outer loop
      vertex -9.906 30.3009 43.307
      vertex -11.2255 12.7 43.2422
      vertex -11.2255 30.3009 43.2422
    endloop
  endfacet
  facet normal 0.857733 -0 0.514095
    outer loop
      vertex -21.7784 12.7 17.1491
      vertex -21.0992 30.3009 16.0159
      vertex -21.7784 30.3009 17.1491
    endloop
  endfacet
  facet normal 0.857733 0 0.514095
    outer loop
      vertex -21.0992 30.3009 16.0159
      vertex -21.7784 12.7 17.1491
      vertex -21.0992 12.7 16.0159
    endloop
  endfacet
  facet normal 0.0490504 0 0.998796
    outer loop
      vertex -11.2255 30.3009 10.0978
      vertex -9.906 12.7 10.033
      vertex -9.906 30.3009 10.033
    endloop
  endfacet
  facet normal 0.0490504 0 0.998796
    outer loop
      vertex -9.906 12.7 10.033
      vertex -11.2255 30.3009 10.0978
      vertex -11.2255 12.7 10.0978
    endloop
  endfacet
  facet normal 0.242981 0 0.970031
    outer loop
      vertex -13.8138 30.3009 10.6127
      vertex -12.5323 12.7 10.2917
      vertex -12.5323 30.3009 10.2917
    endloop
  endfacet
  facet normal 0.242981 0 0.970031
    outer loop
      vertex -12.5323 12.7 10.2917
      vertex -13.8138 30.3009 10.6127
      vertex -13.8138 12.7 10.6127
    endloop
  endfacet
  facet normal 0.595667 0 0.803231
    outer loop
      vertex -18.4462 30.3009 13.0887
      vertex -17.3851 12.7 12.3018
      vertex -17.3851 30.3009 12.3018
    endloop
  endfacet
  facet normal 0.595667 0 0.803231
    outer loop
      vertex -17.3851 12.7 12.3018
      vertex -18.4462 30.3009 13.0887
      vertex -18.4462 12.7 13.0887
    endloop
  endfacet
  facet normal 0.998796 -0 0.0490504
    outer loop
      vertex -23.368 12.7 23.495
      vertex -23.3032 30.3009 22.1755
      vertex -23.368 30.3009 23.495
    endloop
  endfacet
  facet normal 0.998796 0 0.0490504
    outer loop
      vertex -23.3032 30.3009 22.1755
      vertex -23.368 12.7 23.495
      vertex -23.3032 12.7 22.1755
    endloop
  endfacet
  facet normal 0.427608 0 0.903964
    outer loop
      vertex -16.2519 30.3009 11.6226
      vertex -15.0577 12.7 11.0577
      vertex -15.0577 30.3009 11.0577
    endloop
  endfacet
  facet normal 0.427608 0 0.903964
    outer loop
      vertex -15.0577 12.7 11.0577
      vertex -16.2519 30.3009 11.6226
      vertex -16.2519 12.7 11.6226
    endloop
  endfacet
  facet normal 0.514095 0 -0.857733
    outer loop
      vertex -17.3851 12.7 41.0382
      vertex -16.2519 30.3009 41.7174
      vertex -16.2519 12.7 41.7174
    endloop
  endfacet
  facet normal 0.514095 0 -0.857733
    outer loop
      vertex -16.2519 30.3009 41.7174
      vertex -17.3851 12.7 41.0382
      vertex -17.3851 30.3009 41.0382
    endloop
  endfacet
  facet normal 0.941562 0 -0.33684
    outer loop
      vertex -22.3433 12.7 34.9967
      vertex -22.7883 30.3009 33.7528
      vertex -22.3433 30.3009 34.9967
    endloop
  endfacet
  facet normal 0.941562 0 -0.33684
    outer loop
      vertex -22.7883 30.3009 33.7528
      vertex -22.3433 12.7 34.9967
      vertex -22.7883 12.7 33.7528
    endloop
  endfacet
  facet normal 0.671549 0 0.74096
    outer loop
      vertex -19.4251 30.3009 13.9759
      vertex -18.4462 12.7 13.0887
      vertex -18.4462 30.3009 13.0887
    endloop
  endfacet
  facet normal 0.671549 0 0.74096
    outer loop
      vertex -18.4462 12.7 13.0887
      vertex -19.4251 30.3009 13.9759
      vertex -19.4251 12.7 13.9759
    endloop
  endfacet
  facet normal -0 0 1
    outer loop
      vertex -9.906 30.3009 10.033
      vertex 0 28.7134 10.033
      vertex -1.58749 30.3009 10.033
    endloop
  endfacet
  facet normal 0 0 1
    outer loop
      vertex 0 28.7134 10.033
      vertex -9.906 30.3009 10.033
      vertex -9.906 12.7 10.033
    endloop
  endfacet
  facet normal 0 0 1
    outer loop
      vertex 0 28.7134 10.033
      vertex -9.906 12.7 10.033
      vertex 0 12.7 10.033
    endloop
  endfacet
  facet normal 0.970031 -0 0.242981
    outer loop
      vertex -23.1093 12.7 20.8687
      vertex -22.7883 30.3009 19.5872
      vertex -23.1093 30.3009 20.8687
    endloop
  endfacet
  facet normal 0.970031 0 0.242981
    outer loop
      vertex -22.7883 30.3009 19.5872
      vertex -23.1093 12.7 20.8687
      vertex -22.7883 12.7 19.5872
    endloop
  endfacet
  facet normal 0.903964 -0 0.427608
    outer loop
      vertex -22.3433 12.7 18.3433
      vertex -21.7784 30.3009 17.1491
      vertex -22.3433 30.3009 18.3433
    endloop
  endfacet
  facet normal 0.903964 0 0.427608
    outer loop
      vertex -21.7784 30.3009 17.1491
      vertex -22.3433 12.7 18.3433
      vertex -21.7784 12.7 17.1491
    endloop
  endfacet
  facet normal 0.33684 0 0.941562
    outer loop
      vertex -15.0577 30.3009 11.0577
      vertex -13.8138 12.7 10.6127
      vertex -13.8138 30.3009 10.6127
    endloop
  endfacet
  facet normal 0.33684 0 0.941562
    outer loop
      vertex -13.8138 12.7 10.6127
      vertex -15.0577 30.3009 11.0577
      vertex -15.0577 12.7 11.0577
    endloop
  endfacet
  facet normal 0.146771 0 -0.989171
    outer loop
      vertex -12.5323 12.7 43.0483
      vertex -11.2255 30.3009 43.2422
      vertex -11.2255 12.7 43.2422
    endloop
  endfacet
  facet normal 0.146771 0 -0.989171
    outer loop
      vertex -11.2255 30.3009 43.2422
      vertex -12.5323 12.7 43.0483
      vertex -12.5323 30.3009 43.0483
    endloop
  endfacet
  facet normal 0.989171 -0 0.146771
    outer loop
      vertex -23.3032 12.7 22.1755
      vertex -23.1093 30.3009 20.8687
      vertex -23.3032 30.3009 22.1755
    endloop
  endfacet
  facet normal 0.989171 0 0.146771
    outer loop
      vertex -23.1093 30.3009 20.8687
      vertex -23.3032 12.7 22.1755
      vertex -23.1093 12.7 20.8687
    endloop
  endfacet
  facet normal 0.857733 0 -0.514095
    outer loop
      vertex -21.0992 12.7 37.3241
      vertex -21.7784 30.3009 36.1909
      vertex -21.0992 30.3009 37.3241
    endloop
  endfacet
  facet normal 0.857733 0 -0.514095
    outer loop
      vertex -21.7784 30.3009 36.1909
      vertex -21.0992 12.7 37.3241
      vertex -21.7784 12.7 36.1909
    endloop
  endfacet
  facet normal 0.74096 0 -0.671549
    outer loop
      vertex -19.4251 12.7 39.3641
      vertex -20.3123 30.3009 38.3852
      vertex -19.4251 30.3009 39.3641
    endloop
  endfacet
  facet normal 0.74096 0 -0.671549
    outer loop
      vertex -20.3123 30.3009 38.3852
      vertex -19.4251 12.7 39.3641
      vertex -20.3123 12.7 38.3852
    endloop
  endfacet
  facet normal 1 -0 0
    outer loop
      vertex -23.368 12.7 29.845
      vertex -23.368 30.3009 23.495
      vertex -23.368 30.3009 29.845
    endloop
  endfacet
  facet normal 1 0 0
    outer loop
      vertex -23.368 30.3009 23.495
      vertex -23.368 12.7 29.845
      vertex -23.368 12.7 23.495
    endloop
  endfacet
  facet normal 0.595667 0 -0.803231
    outer loop
      vertex -18.4462 12.7 40.2513
      vertex -17.3851 30.3009 41.0382
      vertex -17.3851 12.7 41.0382
    endloop
  endfacet
  facet normal 0.595667 0 -0.803231
    outer loop
      vertex -17.3851 30.3009 41.0382
      vertex -18.4462 12.7 40.2513
      vertex -18.4462 30.3009 40.2513
    endloop
  endfacet
  facet normal 0 0 -1
    outer loop
      vertex -8.89 12.7 43.307
      vertex 0 28.7134 43.307
      vertex 0 12.7 43.307
    endloop
  endfacet
  facet normal 0 0 -1
    outer loop
      vertex -8.89 30.3009 43.307
      vertex 0 28.7134 43.307
      vertex -8.89 12.7 43.307
    endloop
  endfacet
  facet normal 0 0 -1
    outer loop
      vertex 0 28.7134 43.307
      vertex -8.89 30.3009 43.307
      vertex -1.58749 30.3009 43.307
    endloop
  endfacet
  facet normal 0.514095 0 0.857733
    outer loop
      vertex -17.3851 30.3009 73.2618
      vertex -16.2519 12.7 72.5826
      vertex -16.2519 30.3009 72.5826
    endloop
  endfacet
  facet normal 0.514095 0 0.857733
    outer loop
      vertex -16.2519 12.7 72.5826
      vertex -17.3851 30.3009 73.2618
      vertex -17.3851 12.7 73.2618
    endloop
  endfacet
  facet normal 0.970031 0 -0.242981
    outer loop
      vertex -22.7883 12.7 94.7128
      vertex -23.1093 30.3009 93.4313
      vertex -22.7883 30.3009 94.7128
    endloop
  endfacet
  facet normal 0.970031 0 -0.242981
    outer loop
      vertex -23.1093 30.3009 93.4313
      vertex -22.7883 12.7 94.7128
      vertex -23.1093 12.7 93.4313
    endloop
  endfacet
  facet normal 0.74096 -0 0.671549
    outer loop
      vertex -20.3123 12.7 75.9148
      vertex -19.4251 30.3009 74.9359
      vertex -20.3123 30.3009 75.9148
    endloop
  endfacet
  facet normal 0.74096 0 0.671549
    outer loop
      vertex -19.4251 30.3009 74.9359
      vertex -20.3123 12.7 75.9148
      vertex -19.4251 12.7 74.9359
    endloop
  endfacet
  facet normal 0.242981 0 -0.970031
    outer loop
      vertex -13.8138 12.7 103.687
      vertex -12.5323 30.3009 104.008
      vertex -12.5323 12.7 104.008
    endloop
  endfacet
  facet normal 0.242981 0 -0.970031
    outer loop
      vertex -12.5323 30.3009 104.008
      vertex -13.8138 12.7 103.687
      vertex -13.8138 30.3009 103.687
    endloop
  endfacet
  facet normal 0.989171 0 -0.146771
    outer loop
      vertex -23.1093 12.7 93.4313
      vertex -23.3032 30.3009 92.1245
      vertex -23.1093 30.3009 93.4313
    endloop
  endfacet
  facet normal 0.989171 0 -0.146771
    outer loop
      vertex -23.3032 30.3009 92.1245
      vertex -23.1093 12.7 93.4313
      vertex -23.3032 12.7 92.1245
    endloop
  endfacet
  facet normal 0.903964 0 -0.427608
    outer loop
      vertex -21.7784 12.7 97.1509
      vertex -22.3433 30.3009 95.9567
      vertex -21.7784 30.3009 97.1509
    endloop
  endfacet
  facet normal 0.903964 0 -0.427608
    outer loop
      vertex -22.3433 30.3009 95.9567
      vertex -21.7784 12.7 97.1509
      vertex -22.3433 12.7 95.9567
    endloop
  endfacet
  facet normal 0.42767 0 -0.903935
    outer loop
      vertex -16.2519 12.7 102.677
      vertex -15.0577 30.3009 103.242
      vertex -15.0577 12.7 103.242
    endloop
  endfacet
  facet normal 0.42767 0 -0.903935
    outer loop
      vertex -15.0577 30.3009 103.242
      vertex -16.2519 12.7 102.677
      vertex -16.2519 30.3009 102.677
    endloop
  endfacet
  facet normal 0.146771 0 0.989171
    outer loop
      vertex -12.5323 30.3009 71.2517
      vertex -11.2255 12.7 71.0578
      vertex -11.2255 30.3009 71.0578
    endloop
  endfacet
  facet normal 0.146771 0 0.989171
    outer loop
      vertex -11.2255 12.7 71.0578
      vertex -12.5323 30.3009 71.2517
      vertex -12.5323 12.7 71.2517
    endloop
  endfacet
  facet normal 0.33684 0 -0.941562
    outer loop
      vertex -15.0577 12.7 103.242
      vertex -13.8138 30.3009 103.687
      vertex -13.8138 12.7 103.687
    endloop
  endfacet
  facet normal 0.33684 0 -0.941562
    outer loop
      vertex -13.8138 30.3009 103.687
      vertex -15.0577 12.7 103.242
      vertex -15.0577 30.3009 103.242
    endloop
  endfacet
  facet normal 0 1 -0
    outer loop
      vertex -6.51318 12.7 94.0903
      vertex -8.89 12.7 104.267
      vertex 0 12.7 104.267
    endloop
  endfacet
  facet normal -0 1 -0
    outer loop
      vertex -7.18026 12.7 94.2927
      vertex -8.89 12.7 104.267
      vertex -6.84175 12.7 94.2079
    endloop
  endfacet
  facet normal -0 1 -0
    outer loop
      vertex -7.874 12.7 94.361
      vertex -8.89 12.7 104.267
      vertex -7.52545 12.7 94.3439
    endloop
  endfacet
  facet normal 0 1 0
    outer loop
      vertex -9.906 12.7 94.361
      vertex -8.89 12.7 104.267
      vertex -7.874 12.7 94.361
    endloop
  endfacet
  facet normal 0 1 0
    outer loop
      vertex -9.906 12.7 104.267
      vertex -9.906 12.7 94.361
      vertex -11.2255 12.7 104.202
    endloop
  endfacet
  facet normal 0 1 0
    outer loop
      vertex -11.2255 12.7 104.202
      vertex -10.2545 12.7 94.3439
      vertex -12.5323 12.7 104.008
    endloop
  endfacet
  facet normal 0 1 -0
    outer loop
      vertex -10.5997 12.7 94.2927
      vertex -12.5323 12.7 104.008
      vertex -10.2545 12.7 94.3439
    endloop
  endfacet
  facet normal 0 1 0
    outer loop
      vertex -12.5323 12.7 104.008
      vertex -10.5997 12.7 94.2927
      vertex -13.8138 12.7 103.687
    endloop
  endfacet
  facet normal 0 1 0
    outer loop
      vertex -13.8138 12.7 103.687
      vertex -10.9383 12.7 94.2079
      vertex -15.0577 12.7 103.242
    endloop
  endfacet
  facet normal 0 1 -0
    outer loop
      vertex -11.2668 12.7 94.0903
      vertex -15.0577 12.7 103.242
      vertex -10.9383 12.7 94.2079
    endloop
  endfacet
  facet normal 0 1 -0
    outer loop
      vertex -11.5823 12.7 93.9411
      vertex -16.2519 12.7 102.677
      vertex -11.2668 12.7 94.0903
    endloop
  endfacet
  facet normal 0 1 0
    outer loop
      vertex -16.2519 12.7 102.677
      vertex -11.5823 12.7 93.9411
      vertex -17.3851 12.7 101.998
    endloop
  endfacet
  facet normal 0 1 0
    outer loop
      vertex -17.3851 12.7 101.998
      vertex -11.8816 12.7 93.7617
      vertex -18.4462 12.7 101.211
    endloop
  endfacet
  facet normal 0 1 0
    outer loop
      vertex -18.4462 12.7 101.211
      vertex -12.1619 12.7 93.5538
      vertex -19.4251 12.7 100.324
    endloop
  endfacet
  facet normal 0 1 -0
    outer loop
      vertex -10.9383 12.7 94.2079
      vertex -13.8138 12.7 103.687
      vertex -10.5997 12.7 94.2927
    endloop
  endfacet
  facet normal 0 1 -0
    outer loop
      vertex -10.2545 12.7 94.3439
      vertex -11.2255 12.7 104.202
      vertex -9.906 12.7 94.361
    endloop
  endfacet
  facet normal 0 1 0
    outer loop
      vertex -8.89 12.7 104.267
      vertex -9.906 12.7 94.361
      vertex -9.906 12.7 104.267
    endloop
  endfacet
  facet normal -0 1 -0
    outer loop
      vertex -7.52545 12.7 94.3439
      vertex -8.89 12.7 104.267
      vertex -7.18026 12.7 94.2927
    endloop
  endfacet
  facet normal 0 1 0
    outer loop
      vertex -8.89 12.7 104.267
      vertex -6.51318 12.7 94.0903
      vertex -6.84175 12.7 94.2079
    endloop
  endfacet
  facet normal 0 1 0
    outer loop
      vertex 0 12.7 104.267
      vertex -6.19771 12.7 93.9411
      vertex -6.51318 12.7 94.0903
    endloop
  endfacet
  facet normal 0 1 0
    outer loop
      vertex 0 12.7 104.267
      vertex -5.89839 12.7 93.7617
      vertex -6.19771 12.7 93.9411
    endloop
  endfacet
  facet normal 0 1 0
    outer loop
      vertex 0 12.7 104.267
      vertex -5.6181 12.7 93.5538
      vertex -5.89839 12.7 93.7617
    endloop
  endfacet
  facet normal 0 1 0
    outer loop
      vertex 0 12.7 104.267
      vertex -5.35953 12.7 93.3195
      vertex -5.6181 12.7 93.5538
    endloop
  endfacet
  facet normal 0 1 0
    outer loop
      vertex 0 12.7 104.267
      vertex -5.12517 12.7 93.0609
      vertex -5.35953 12.7 93.3195
    endloop
  endfacet
  facet normal 0 1 0
    outer loop
      vertex 0 12.7 104.267
      vertex -4.91729 12.7 92.7806
      vertex -5.12517 12.7 93.0609
    endloop
  endfacet
  facet normal 0 1 0
    outer loop
      vertex 0 12.7 104.267
      vertex -4.73789 12.7 92.4813
      vertex -4.91729 12.7 92.7806
    endloop
  endfacet
  facet normal 0 1 0
    outer loop
      vertex 0 12.7 104.267
      vertex -4.58868 12.7 92.1658
      vertex -4.73789 12.7 92.4813
    endloop
  endfacet
  facet normal 0 1 0
    outer loop
      vertex 0 12.7 104.267
      vertex -4.47112 12.7 91.8372
      vertex -4.58868 12.7 92.1658
    endloop
  endfacet
  facet normal 0 1 0
    outer loop
      vertex 0 12.7 104.267
      vertex -4.38633 12.7 91.4987
      vertex -4.47112 12.7 91.8372
    endloop
  endfacet
  facet normal 0 1 0
    outer loop
      vertex 0 12.7 104.267
      vertex -4.33512 12.7 91.1535
      vertex -4.38633 12.7 91.4987
    endloop
  endfacet
  facet normal 0 1 0
    outer loop
      vertex 0 12.7 104.267
      vertex -4.318 12.7 90.805
      vertex -4.33512 12.7 91.1535
    endloop
  endfacet
  facet normal 0 1 0
    outer loop
      vertex 0 12.7 104.267
      vertex -4.318 12.7 84.455
      vertex -4.318 12.7 90.805
    endloop
  endfacet
  facet normal 0 1 -0
    outer loop
      vertex 0 12.7 70.993
      vertex -4.318 12.7 84.455
      vertex 0 12.7 104.267
    endloop
  endfacet
  facet normal 0 1 0
    outer loop
      vertex -4.318 12.7 84.455
      vertex 0 12.7 70.993
      vertex -4.33512 12.7 84.1065
    endloop
  endfacet
  facet normal 0 1 -0
    outer loop
      vertex -8.89 12.7 70.993
      vertex -9.906 12.7 80.899
      vertex -7.874 12.7 80.899
    endloop
  endfacet
  facet normal 0 1 0
    outer loop
      vertex -9.906 12.7 80.899
      vertex -22.3433 12.7 79.3033
      vertex -22.7883 12.7 80.5472
    endloop
  endfacet
  facet normal 0 1 0
    outer loop
      vertex -8.89 12.7 70.993
      vertex -7.874 12.7 80.899
      vertex -7.52545 12.7 80.9161
    endloop
  endfacet
  facet normal 0 1 0
    outer loop
      vertex -9.906 12.7 80.899
      vertex -21.7784 12.7 78.1091
      vertex -22.3433 12.7 79.3033
    endloop
  endfacet
  facet normal 0 1 0
    outer loop
      vertex -8.89 12.7 70.993
      vertex -7.52545 12.7 80.9161
      vertex -7.18026 12.7 80.9673
    endloop
  endfacet
  facet normal 0 1 0
    outer loop
      vertex -9.906 12.7 80.899
      vertex -21.0992 12.7 76.9759
      vertex -21.7784 12.7 78.1091
    endloop
  endfacet
  facet normal 0 1 0
    outer loop
      vertex -8.89 12.7 70.993
      vertex -7.18026 12.7 80.9673
      vertex -6.84175 12.7 81.0521
    endloop
  endfacet
  facet normal 0 1 0
    outer loop
      vertex -9.906 12.7 80.899
      vertex -20.3123 12.7 75.9148
      vertex -21.0992 12.7 76.9759
    endloop
  endfacet
  facet normal 0 1 0
    outer loop
      vertex -8.89 12.7 70.993
      vertex -6.84175 12.7 81.0521
      vertex -6.51318 12.7 81.1697
    endloop
  endfacet
  facet normal 0 1 0
    outer loop
      vertex -9.906 12.7 80.899
      vertex -19.4251 12.7 74.9359
      vertex -20.3123 12.7 75.9148
    endloop
  endfacet
  facet normal 0 1 0
    outer loop
      vertex 0 12.7 70.993
      vertex -6.51318 12.7 81.1697
      vertex -6.19771 12.7 81.3189
    endloop
  endfacet
  facet normal 0 1 0
    outer loop
      vertex -9.906 12.7 80.899
      vertex -18.4462 12.7 74.0487
      vertex -19.4251 12.7 74.9359
    endloop
  endfacet
  facet normal 0 1 0
    outer loop
      vertex -9.906 12.7 80.899
      vertex -17.3851 12.7 73.2618
      vertex -18.4462 12.7 74.0487
    endloop
  endfacet
  facet normal 0 1 0
    outer loop
      vertex 0 12.7 70.993
      vertex -6.19771 12.7 81.3189
      vertex -5.89839 12.7 81.4983
    endloop
  endfacet
  facet normal 0 1 0
    outer loop
      vertex -9.906 12.7 80.899
      vertex -16.2519 12.7 72.5826
      vertex -17.3851 12.7 73.2618
    endloop
  endfacet
  facet normal 0 1 0
    outer loop
      vertex 0 12.7 70.993
      vertex -5.89839 12.7 81.4983
      vertex -5.6181 12.7 81.7062
    endloop
  endfacet
  facet normal 0 1 0
    outer loop
      vertex -9.906 12.7 80.899
      vertex -15.0577 12.7 72.0177
      vertex -16.2519 12.7 72.5826
    endloop
  endfacet
  facet normal 0 1 0
    outer loop
      vertex 0 12.7 70.993
      vertex -5.6181 12.7 81.7062
      vertex -5.35953 12.7 81.9405
    endloop
  endfacet
  facet normal 0 1 0
    outer loop
      vertex -9.906 12.7 80.899
      vertex -13.8138 12.7 71.5727
      vertex -15.0577 12.7 72.0177
    endloop
  endfacet
  facet normal 0 1 0
    outer loop
      vertex 0 12.7 70.993
      vertex -5.35953 12.7 81.9405
      vertex -5.12517 12.7 82.1991
    endloop
  endfacet
  facet normal 0 1 0
    outer loop
      vertex -9.906 12.7 80.899
      vertex -12.5323 12.7 71.2517
      vertex -13.8138 12.7 71.5727
    endloop
  endfacet
  facet normal 0 1 0
    outer loop
      vertex 0 12.7 70.993
      vertex -5.12517 12.7 82.1991
      vertex -4.91729 12.7 82.4794
    endloop
  endfacet
  facet normal 0 1 0
    outer loop
      vertex -9.906 12.7 80.899
      vertex -11.2255 12.7 71.0578
      vertex -12.5323 12.7 71.2517
    endloop
  endfacet
  facet normal 0 1 0
    outer loop
      vertex 0 12.7 70.993
      vertex -4.91729 12.7 82.4794
      vertex -4.73789 12.7 82.7787
    endloop
  endfacet
  facet normal 0 1 0
    outer loop
      vertex -4.33512 12.7 84.1065
      vertex 0 12.7 70.993
      vertex -4.38633 12.7 83.7613
    endloop
  endfacet
  facet normal 0 1 0
    outer loop
      vertex 0 12.7 70.993
      vertex -4.47112 12.7 83.4227
      vertex -4.38633 12.7 83.7613
    endloop
  endfacet
  facet normal 0 1 0
    outer loop
      vertex 0 12.7 70.993
      vertex -4.58868 12.7 83.0942
      vertex -4.47112 12.7 83.4227
    endloop
  endfacet
  facet normal 0 1 0
    outer loop
      vertex 0 12.7 70.993
      vertex -4.73789 12.7 82.7787
      vertex -4.58868 12.7 83.0942
    endloop
  endfacet
  facet normal 0 1 0
    outer loop
      vertex -6.51318 12.7 81.1697
      vertex 0 12.7 70.993
      vertex -8.89 12.7 70.993
    endloop
  endfacet
  facet normal 0 1 0
    outer loop
      vertex -9.906 12.7 80.899
      vertex -8.89 12.7 70.993
      vertex -9.906 12.7 70.993
    endloop
  endfacet
  facet normal 0 1 0
    outer loop
      vertex -9.906 12.7 80.899
      vertex -9.906 12.7 70.993
      vertex -11.2255 12.7 71.0578
    endloop
  endfacet
  facet normal 0 1 0
    outer loop
      vertex -15.0577 12.7 103.242
      vertex -11.2668 12.7 94.0903
      vertex -16.2519 12.7 102.677
    endloop
  endfacet
  facet normal 0 1 -0
    outer loop
      vertex -11.8816 12.7 93.7617
      vertex -17.3851 12.7 101.998
      vertex -11.5823 12.7 93.9411
    endloop
  endfacet
  facet normal 0 1 -0
    outer loop
      vertex -12.1619 12.7 93.5538
      vertex -18.4462 12.7 101.211
      vertex -11.8816 12.7 93.7617
    endloop
  endfacet
  facet normal 0 1 -0
    outer loop
      vertex -12.4205 12.7 93.3195
      vertex -19.4251 12.7 100.324
      vertex -12.1619 12.7 93.5538
    endloop
  endfacet
  facet normal 0 1 0
    outer loop
      vertex -19.4251 12.7 100.324
      vertex -12.4205 12.7 93.3195
      vertex -20.3123 12.7 99.3452
    endloop
  endfacet
  facet normal 0 1 -0
    outer loop
      vertex -12.6548 12.7 93.0609
      vertex -20.3123 12.7 99.3452
      vertex -12.4205 12.7 93.3195
    endloop
  endfacet
  facet normal 0 1 0
    outer loop
      vertex -20.3123 12.7 99.3452
      vertex -12.6548 12.7 93.0609
      vertex -21.0992 12.7 98.2841
    endloop
  endfacet
  facet normal 0 1 -0
    outer loop
      vertex -12.8627 12.7 92.7806
      vertex -21.0992 12.7 98.2841
      vertex -12.6548 12.7 93.0609
    endloop
  endfacet
  facet normal 0 1 0
    outer loop
      vertex -21.0992 12.7 98.2841
      vertex -12.8627 12.7 92.7806
      vertex -21.7784 12.7 97.1509
    endloop
  endfacet
  facet normal 0 1 -0
    outer loop
      vertex -13.0421 12.7 92.4813
      vertex -21.7784 12.7 97.1509
      vertex -12.8627 12.7 92.7806
    endloop
  endfacet
  facet normal 0 1 0
    outer loop
      vertex -21.7784 12.7 97.1509
      vertex -13.0421 12.7 92.4813
      vertex -22.3433 12.7 95.9567
    endloop
  endfacet
  facet normal 0 1 -0
    outer loop
      vertex -13.1913 12.7 92.1658
      vertex -22.3433 12.7 95.9567
      vertex -13.0421 12.7 92.4813
    endloop
  endfacet
  facet normal 0 1 0
    outer loop
      vertex -22.3433 12.7 95.9567
      vertex -13.1913 12.7 92.1658
      vertex -22.7883 12.7 94.7128
    endloop
  endfacet
  facet normal 0 1 -0
    outer loop
      vertex -13.3089 12.7 91.8372
      vertex -22.7883 12.7 94.7128
      vertex -13.1913 12.7 92.1658
    endloop
  endfacet
  facet normal 0 1 0
    outer loop
      vertex -22.7883 12.7 94.7128
      vertex -13.3089 12.7 91.8372
      vertex -23.1093 12.7 93.4313
    endloop
  endfacet
  facet normal 0 1 -0
    outer loop
      vertex -13.3937 12.7 91.4987
      vertex -23.1093 12.7 93.4313
      vertex -13.3089 12.7 91.8372
    endloop
  endfacet
  facet normal 0 1 0
    outer loop
      vertex -23.1093 12.7 93.4313
      vertex -13.3937 12.7 91.4987
      vertex -23.3032 12.7 92.1245
    endloop
  endfacet
  facet normal 0 1 -0
    outer loop
      vertex -13.4449 12.7 91.1535
      vertex -23.3032 12.7 92.1245
      vertex -13.3937 12.7 91.4987
    endloop
  endfacet
  facet normal 0 1 -0
    outer loop
      vertex -13.462 12.7 90.805
      vertex -23.3032 12.7 92.1245
      vertex -13.4449 12.7 91.1535
    endloop
  endfacet
  facet normal 0 1 0
    outer loop
      vertex -13.462 12.7 90.805
      vertex -23.368 12.7 90.805
      vertex -23.3032 12.7 92.1245
    endloop
  endfacet
  facet normal 0 1 -0
    outer loop
      vertex -13.462 12.7 84.455
      vertex -23.368 12.7 90.805
      vertex -13.462 12.7 90.805
    endloop
  endfacet
  facet normal 0 1 0
    outer loop
      vertex -13.462 12.7 84.455
      vertex -23.368 12.7 84.455
      vertex -23.368 12.7 90.805
    endloop
  endfacet
  facet normal 0 1 0
    outer loop
      vertex -13.4449 12.7 84.1065
      vertex -23.368 12.7 84.455
      vertex -13.462 12.7 84.455
    endloop
  endfacet
  facet normal 0 1 0
    outer loop
      vertex -23.3032 12.7 83.1355
      vertex -13.4449 12.7 84.1065
      vertex -13.3937 12.7 83.7613
    endloop
  endfacet
  facet normal 0 1 0
    outer loop
      vertex -23.1093 12.7 81.8287
      vertex -13.3937 12.7 83.7613
      vertex -13.3089 12.7 83.4227
    endloop
  endfacet
  facet normal 0 1 0
    outer loop
      vertex -13.4449 12.7 84.1065
      vertex -23.3032 12.7 83.1355
      vertex -23.368 12.7 84.455
    endloop
  endfacet
  facet normal 0 1 0
    outer loop
      vertex -22.7883 12.7 80.5472
      vertex -13.3089 12.7 83.4227
      vertex -13.1913 12.7 83.0942
    endloop
  endfacet
  facet normal 0 1 0
    outer loop
      vertex -22.7883 12.7 80.5472
      vertex -13.1913 12.7 83.0942
      vertex -13.0421 12.7 82.7787
    endloop
  endfacet
  facet normal 0 1 0
    outer loop
      vertex -22.7883 12.7 80.5472
      vertex -13.0421 12.7 82.7787
      vertex -12.8627 12.7 82.4794
    endloop
  endfacet
  facet normal 0 1 0
    outer loop
      vertex -22.7883 12.7 80.5472
      vertex -12.8627 12.7 82.4794
      vertex -12.6548 12.7 82.1991
    endloop
  endfacet
  facet normal 0 1 0
    outer loop
      vertex -22.7883 12.7 80.5472
      vertex -12.6548 12.7 82.1991
      vertex -12.4205 12.7 81.9405
    endloop
  endfacet
  facet normal 0 1 0
    outer loop
      vertex -13.3937 12.7 83.7613
      vertex -23.1093 12.7 81.8287
      vertex -23.3032 12.7 83.1355
    endloop
  endfacet
  facet normal 0 1 0
    outer loop
      vertex -22.7883 12.7 80.5472
      vertex -12.4205 12.7 81.9405
      vertex -12.1619 12.7 81.7062
    endloop
  endfacet
  facet normal 0 1 0
    outer loop
      vertex -22.7883 12.7 80.5472
      vertex -12.1619 12.7 81.7062
      vertex -11.8816 12.7 81.4983
    endloop
  endfacet
  facet normal 0 1 0
    outer loop
      vertex -22.7883 12.7 80.5472
      vertex -11.8816 12.7 81.4983
      vertex -11.5823 12.7 81.3189
    endloop
  endfacet
  facet normal 0 1 0
    outer loop
      vertex -22.7883 12.7 80.5472
      vertex -11.5823 12.7 81.3189
      vertex -11.2668 12.7 81.1697
    endloop
  endfacet
  facet normal 0 1 0
    outer loop
      vertex -22.7883 12.7 80.5472
      vertex -11.2668 12.7 81.1697
      vertex -10.9383 12.7 81.0521
    endloop
  endfacet
  facet normal 0 1 0
    outer loop
      vertex -22.7883 12.7 80.5472
      vertex -10.9383 12.7 81.0521
      vertex -10.5997 12.7 80.9673
    endloop
  endfacet
  facet normal 0 1 0
    outer loop
      vertex -22.7883 12.7 80.5472
      vertex -10.5997 12.7 80.9673
      vertex -10.2545 12.7 80.9161
    endloop
  endfacet
  facet normal 0 1 0
    outer loop
      vertex -13.3089 12.7 83.4227
      vertex -22.7883 12.7 80.5472
      vertex -23.1093 12.7 81.8287
    endloop
  endfacet
  facet normal 0 1 0
    outer loop
      vertex -22.7883 12.7 80.5472
      vertex -10.2545 12.7 80.9161
      vertex -9.906 12.7 80.899
    endloop
  endfacet
  facet normal 0.803231 0 -0.595667
    outer loop
      vertex -20.3123 12.7 99.3452
      vertex -21.0992 30.3009 98.2841
      vertex -20.3123 30.3009 99.3452
    endloop
  endfacet
  facet normal 0.803231 0 -0.595667
    outer loop
      vertex -21.0992 30.3009 98.2841
      vertex -20.3123 12.7 99.3452
      vertex -21.0992 12.7 98.2841
    endloop
  endfacet
  facet normal 0.803231 -0 0.595667
    outer loop
      vertex -21.0992 12.7 76.9759
      vertex -20.3123 30.3009 75.9148
      vertex -21.0992 30.3009 76.9759
    endloop
  endfacet
  facet normal 0.803231 0 0.595667
    outer loop
      vertex -20.3123 30.3009 75.9148
      vertex -21.0992 12.7 76.9759
      vertex -20.3123 12.7 75.9148
    endloop
  endfacet
  facet normal 0.595716 0 -0.803195
    outer loop
      vertex -18.4462 12.7 101.211
      vertex -17.3851 30.3009 101.998
      vertex -17.3851 12.7 101.998
    endloop
  endfacet
  facet normal 0.595716 0 -0.803195
    outer loop
      vertex -17.3851 30.3009 101.998
      vertex -18.4462 12.7 101.211
      vertex -18.4462 30.3009 101.211
    endloop
  endfacet
  facet normal 0.941562 -0 0.33684
    outer loop
      vertex -22.7883 12.7 80.5472
      vertex -22.3433 30.3009 79.3033
      vertex -22.7883 30.3009 80.5472
    endloop
  endfacet
  facet normal 0.941562 0 0.33684
    outer loop
      vertex -22.3433 30.3009 79.3033
      vertex -22.7883 12.7 80.5472
      vertex -22.3433 12.7 79.3033
    endloop
  endfacet
  facet normal 0.671466 0 -0.741035
    outer loop
      vertex -19.4251 12.7 100.324
      vertex -18.4462 30.3009 101.211
      vertex -18.4462 12.7 101.211
    endloop
  endfacet
  facet normal 0.671466 0 -0.741035
    outer loop
      vertex -18.4462 30.3009 101.211
      vertex -19.4251 12.7 100.324
      vertex -19.4251 30.3009 100.324
    endloop
  endfacet
  facet normal 0.998796 0 -0.0490504
    outer loop
      vertex -23.3032 12.7 92.1245
      vertex -23.368 30.3009 90.805
      vertex -23.3032 30.3009 92.1245
    endloop
  endfacet
  facet normal 0.998796 0 -0.0490504
    outer loop
      vertex -23.368 30.3009 90.805
      vertex -23.3032 12.7 92.1245
      vertex -23.368 12.7 90.805
    endloop
  endfacet
  facet normal 0 0 -1
    outer loop
      vertex -9.906 12.7 104.267
      vertex -8.89 30.3009 104.267
      vertex -8.89 12.7 104.267
    endloop
  endfacet
  facet normal -0 0 -1
    outer loop
      vertex -8.89 30.3009 104.267
      vertex -9.906 12.7 104.267
      vertex -9.906 30.3009 104.267
    endloop
  endfacet
  facet normal 0.0492014 0 -0.998789
    outer loop
      vertex -11.2255 12.7 104.202
      vertex -9.906 30.3009 104.267
      vertex -9.906 12.7 104.267
    endloop
  endfacet
  facet normal 0.0492014 0 -0.998789
    outer loop
      vertex -9.906 30.3009 104.267
      vertex -11.2255 12.7 104.202
      vertex -11.2255 30.3009 104.202
    endloop
  endfacet
  facet normal 0.857733 -0 0.514095
    outer loop
      vertex -21.7784 12.7 78.1091
      vertex -21.0992 30.3009 76.9759
      vertex -21.7784 30.3009 78.1091
    endloop
  endfacet
  facet normal 0.857733 0 0.514095
    outer loop
      vertex -21.0992 30.3009 76.9759
      vertex -21.7784 12.7 78.1091
      vertex -21.0992 12.7 76.9759
    endloop
  endfacet
  facet normal 0.0490504 0 0.998796
    outer loop
      vertex -11.2255 30.3009 71.0578
      vertex -9.906 12.7 70.993
      vertex -9.906 30.3009 70.993
    endloop
  endfacet
  facet normal 0.0490504 0 0.998796
    outer loop
      vertex -9.906 12.7 70.993
      vertex -11.2255 30.3009 71.0578
      vertex -11.2255 12.7 71.0578
    endloop
  endfacet
  facet normal 0.242981 0 0.970031
    outer loop
      vertex -13.8138 30.3009 71.5727
      vertex -12.5323 12.7 71.2517
      vertex -12.5323 30.3009 71.2517
    endloop
  endfacet
  facet normal 0.242981 0 0.970031
    outer loop
      vertex -12.5323 12.7 71.2517
      vertex -13.8138 30.3009 71.5727
      vertex -13.8138 12.7 71.5727
    endloop
  endfacet
  facet normal 0.595667 0 0.803231
    outer loop
      vertex -18.4462 30.3009 74.0487
      vertex -17.3851 12.7 73.2618
      vertex -17.3851 30.3009 73.2618
    endloop
  endfacet
  facet normal 0.595667 0 0.803231
    outer loop
      vertex -17.3851 12.7 73.2618
      vertex -18.4462 30.3009 74.0487
      vertex -18.4462 12.7 74.0487
    endloop
  endfacet
  facet normal 0.998796 -0 0.0490504
    outer loop
      vertex -23.368 12.7 84.455
      vertex -23.3032 30.3009 83.1355
      vertex -23.368 30.3009 84.455
    endloop
  endfacet
  facet normal 0.998796 0 0.0490504
    outer loop
      vertex -23.3032 30.3009 83.1355
      vertex -23.368 12.7 84.455
      vertex -23.3032 12.7 83.1355
    endloop
  endfacet
  facet normal 0.427608 0 0.903964
    outer loop
      vertex -16.2519 30.3009 72.5826
      vertex -15.0577 12.7 72.0177
      vertex -15.0577 30.3009 72.0177
    endloop
  endfacet
  facet normal 0.427608 0 0.903964
    outer loop
      vertex -15.0577 12.7 72.0177
      vertex -16.2519 30.3009 72.5826
      vertex -16.2519 12.7 72.5826
    endloop
  endfacet
  facet normal 0.513984 0 -0.8578
    outer loop
      vertex -17.3851 12.7 101.998
      vertex -16.2519 30.3009 102.677
      vertex -16.2519 12.7 102.677
    endloop
  endfacet
  facet normal 0.513984 0 -0.8578
    outer loop
      vertex -16.2519 30.3009 102.677
      vertex -17.3851 12.7 101.998
      vertex -17.3851 30.3009 101.998
    endloop
  endfacet
  facet normal 0.941562 0 -0.33684
    outer loop
      vertex -22.3433 12.7 95.9567
      vertex -22.7883 30.3009 94.7128
      vertex -22.3433 30.3009 95.9567
    endloop
  endfacet
  facet normal 0.941562 0 -0.33684
    outer loop
      vertex -22.7883 30.3009 94.7128
      vertex -22.3433 12.7 95.9567
      vertex -22.7883 12.7 94.7128
    endloop
  endfacet
  facet normal 0.671549 0 0.74096
    outer loop
      vertex -19.4251 30.3009 74.9359
      vertex -18.4462 12.7 74.0487
      vertex -18.4462 30.3009 74.0487
    endloop
  endfacet
  facet normal 0.671549 0 0.74096
    outer loop
      vertex -18.4462 12.7 74.0487
      vertex -19.4251 30.3009 74.9359
      vertex -19.4251 12.7 74.9359
    endloop
  endfacet
  facet normal -0 0 1
    outer loop
      vertex -9.906 30.3009 70.993
      vertex -8.89 12.7 70.993
      vertex -8.89 30.3009 70.993
    endloop
  endfacet
  facet normal 0 0 1
    outer loop
      vertex -8.89 12.7 70.993
      vertex -9.906 30.3009 70.993
      vertex -9.906 12.7 70.993
    endloop
  endfacet
  facet normal 0.970031 -0 0.242981
    outer loop
      vertex -23.1093 12.7 81.8287
      vertex -22.7883 30.3009 80.5472
      vertex -23.1093 30.3009 81.8287
    endloop
  endfacet
  facet normal 0.970031 0 0.242981
    outer loop
      vertex -22.7883 30.3009 80.5472
      vertex -23.1093 12.7 81.8287
      vertex -22.7883 12.7 80.5472
    endloop
  endfacet
  facet normal 0.903964 -0 0.427608
    outer loop
      vertex -22.3433 12.7 79.3033
      vertex -21.7784 30.3009 78.1091
      vertex -22.3433 30.3009 79.3033
    endloop
  endfacet
  facet normal 0.903964 0 0.427608
    outer loop
      vertex -21.7784 30.3009 78.1091
      vertex -22.3433 12.7 79.3033
      vertex -21.7784 12.7 78.1091
    endloop
  endfacet
  facet normal 0.33684 0 0.941562
    outer loop
      vertex -15.0577 30.3009 72.0177
      vertex -13.8138 12.7 71.5727
      vertex -13.8138 30.3009 71.5727
    endloop
  endfacet
  facet normal 0.33684 0 0.941562
    outer loop
      vertex -13.8138 12.7 71.5727
      vertex -15.0577 30.3009 72.0177
      vertex -15.0577 12.7 72.0177
    endloop
  endfacet
  facet normal 0.146845 0 -0.98916
    outer loop
      vertex -12.5323 12.7 104.008
      vertex -11.2255 30.3009 104.202
      vertex -11.2255 12.7 104.202
    endloop
  endfacet
  facet normal 0.146845 0 -0.98916
    outer loop
      vertex -11.2255 30.3009 104.202
      vertex -12.5323 12.7 104.008
      vertex -12.5323 30.3009 104.008
    endloop
  endfacet
  facet normal 0.989171 -0 0.146771
    outer loop
      vertex -23.3032 12.7 83.1355
      vertex -23.1093 30.3009 81.8287
      vertex -23.3032 30.3009 83.1355
    endloop
  endfacet
  facet normal 0.989171 0 0.146771
    outer loop
      vertex -23.1093 30.3009 81.8287
      vertex -23.3032 12.7 83.1355
      vertex -23.1093 12.7 81.8287
    endloop
  endfacet
  facet normal 0.857733 0 -0.514095
    outer loop
      vertex -21.0992 12.7 98.2841
      vertex -21.7784 30.3009 97.1509
      vertex -21.0992 30.3009 98.2841
    endloop
  endfacet
  facet normal 0.857733 0 -0.514095
    outer loop
      vertex -21.7784 30.3009 97.1509
      vertex -21.0992 12.7 98.2841
      vertex -21.7784 12.7 97.1509
    endloop
  endfacet
  facet normal 0.740926 0 -0.671587
    outer loop
      vertex -19.4251 12.7 100.324
      vertex -20.3123 30.3009 99.3452
      vertex -19.4251 30.3009 100.324
    endloop
  endfacet
  facet normal 0.740926 0 -0.671587
    outer loop
      vertex -20.3123 30.3009 99.3452
      vertex -19.4251 12.7 100.324
      vertex -20.3123 12.7 99.3452
    endloop
  endfacet
  facet normal 1 -0 0
    outer loop
      vertex -23.368 12.7 90.805
      vertex -23.368 30.3009 84.455
      vertex -23.368 30.3009 90.805
    endloop
  endfacet
  facet normal 1 0 0
    outer loop
      vertex -23.368 30.3009 84.455
      vertex -23.368 12.7 90.805
      vertex -23.368 12.7 84.455
    endloop
  endfacet
  facet normal 0 0 -1
    outer loop
      vertex -8.89 12.7 104.267
      vertex 0 28.7134 104.267
      vertex 0 12.7 104.267
    endloop
  endfacet
  facet normal 0 0 -1
    outer loop
      vertex -8.89 30.3009 104.267
      vertex 0 28.7134 104.267
      vertex -8.89 12.7 104.267
    endloop
  endfacet
  facet normal 0 0 -1
    outer loop
      vertex 0 28.7134 104.267
      vertex -8.89 30.3009 104.267
      vertex -1.58749 30.3009 104.267
    endloop
  endfacet
  facet normal -0 0 1
    outer loop
      vertex -8.89 30.3009 70.993
      vertex 0 28.7134 70.993
      vertex -1.58749 30.3009 70.993
    endloop
  endfacet
  facet normal 0 0 1
    outer loop
      vertex 0 28.7134 70.993
      vertex -8.89 30.3009 70.993
      vertex -8.89 12.7 70.993
    endloop
  endfacet
  facet normal 0 0 1
    outer loop
      vertex 0 28.7134 70.993
      vertex -8.89 12.7 70.993
      vertex 0 12.7 70.993
    endloop
  endfacet
  facet normal 0.514116 0 0.85772
    outer loop
      vertex -11.8816 12.7 20.5383
      vertex -11.5823 0 20.3589
      vertex -11.5823 12.7 20.3589
    endloop
  endfacet
  facet normal 0.514116 0 0.85772
    outer loop
      vertex -11.5823 0 20.3589
      vertex -11.8816 12.7 20.5383
      vertex -11.8816 0 20.5383
    endloop
  endfacet
  facet normal 0.998798 -0 0.0490085
    outer loop
      vertex -13.462 0 23.495
      vertex -13.4449 12.7 23.1465
      vertex -13.462 12.7 23.495
    endloop
  endfacet
  facet normal 0.998798 0 0.0490085
    outer loop
      vertex -13.4449 12.7 23.1465
      vertex -13.462 0 23.495
      vertex -13.4449 0 23.1465
    endloop
  endfacet
  facet normal -1 0 0
    outer loop
      vertex -4.318 0 23.495
      vertex -4.318 12.7 29.845
      vertex -4.318 12.7 23.495
    endloop
  endfacet
  facet normal -1 -0 0
    outer loop
      vertex -4.318 12.7 29.845
      vertex -4.318 0 23.495
      vertex -4.318 0 29.845
    endloop
  endfacet
  facet normal 0.146715 0 -0.989179
    outer loop
      vertex -10.5997 0 33.3327
      vertex -10.2545 12.7 33.3839
      vertex -10.2545 0 33.3839
    endloop
  endfacet
  facet normal 0.146715 0 -0.989179
    outer loop
      vertex -10.2545 12.7 33.3839
      vertex -10.5997 0 33.3327
      vertex -10.5997 12.7 33.3327
    endloop
  endfacet
  facet normal 0.904012 -0 0.427507
    outer loop
      vertex -13.1913 0 22.1342
      vertex -13.0421 12.7 21.8187
      vertex -13.1913 12.7 22.1342
    endloop
  endfacet
  facet normal 0.904012 0 0.427507
    outer loop
      vertex -13.0421 12.7 21.8187
      vertex -13.1913 0 22.1342
      vertex -13.0421 0 21.8187
    endloop
  endfacet
  facet normal -0.0490015 0 -0.998799
    outer loop
      vertex -7.874 0 33.401
      vertex -7.52545 12.7 33.3839
      vertex -7.52545 0 33.3839
    endloop
  endfacet
  facet normal -0.0490015 0 -0.998799
    outer loop
      vertex -7.52545 12.7 33.3839
      vertex -7.874 0 33.401
      vertex -7.874 12.7 33.401
    endloop
  endfacet
  facet normal 0.514116 0 -0.85772
    outer loop
      vertex -11.8816 0 32.8017
      vertex -11.5823 12.7 32.9811
      vertex -11.5823 0 32.9811
    endloop
  endfacet
  facet normal 0.514116 0 -0.85772
    outer loop
      vertex -11.5823 12.7 32.9811
      vertex -11.8816 0 32.8017
      vertex -11.8816 12.7 32.8017
    endloop
  endfacet
  facet normal -0.989175 0 -0.146743
    outer loop
      vertex -4.33512 0 30.1935
      vertex -4.38633 12.7 30.5387
      vertex -4.33512 12.7 30.1935
    endloop
  endfacet
  facet normal -0.989175 -0 -0.146743
    outer loop
      vertex -4.38633 12.7 30.5387
      vertex -4.33512 0 30.1935
      vertex -4.38633 0 30.5387
    endloop
  endfacet
  facet normal 0.803186 -0 0.595728
    outer loop
      vertex -12.8627 0 21.5194
      vertex -12.6548 12.7 21.2391
      vertex -12.8627 12.7 21.5194
    endloop
  endfacet
  facet normal 0.803186 0 0.595728
    outer loop
      vertex -12.6548 12.7 21.2391
      vertex -12.8627 0 21.5194
      vertex -12.6548 0 21.2391
    endloop
  endfacet
  facet normal -0.0490015 0 0.998799
    outer loop
      vertex -7.874 12.7 19.939
      vertex -7.52545 0 19.9561
      vertex -7.52545 12.7 19.9561
    endloop
  endfacet
  facet normal -0.0490015 0 0.998799
    outer loop
      vertex -7.52545 0 19.9561
      vertex -7.874 12.7 19.939
      vertex -7.874 0 19.939
    endloop
  endfacet
  facet normal -0.595741 0 0.803176
    outer loop
      vertex -5.89839 12.7 20.5383
      vertex -5.6181 0 20.7462
      vertex -5.6181 12.7 20.7462
    endloop
  endfacet
  facet normal -0.595741 0 0.803176
    outer loop
      vertex -5.6181 0 20.7462
      vertex -5.89839 12.7 20.5383
      vertex -5.89839 0 20.5383
    endloop
  endfacet
  facet normal 0.24294 0 0.970041
    outer loop
      vertex -10.9383 12.7 20.0921
      vertex -10.5997 0 20.0073
      vertex -10.5997 12.7 20.0073
    endloop
  endfacet
  facet normal 0.24294 0 0.970041
    outer loop
      vertex -10.5997 0 20.0073
      vertex -10.9383 12.7 20.0921
      vertex -10.9383 0 20.0921
    endloop
  endfacet
  facet normal 0.741067 -0 0.671431
    outer loop
      vertex -12.6548 0 21.2391
      vertex -12.4205 12.7 20.9805
      vertex -12.6548 12.7 21.2391
    endloop
  endfacet
  facet normal 0.741067 0 0.671431
    outer loop
      vertex -12.4205 12.7 20.9805
      vertex -12.6548 0 21.2391
      vertex -12.4205 0 20.9805
    endloop
  endfacet
  facet normal 0.595728 0 -0.803186
    outer loop
      vertex -12.1619 0 32.5938
      vertex -11.8816 12.7 32.8017
      vertex -11.8816 0 32.8017
    endloop
  endfacet
  facet normal 0.595728 0 -0.803186
    outer loop
      vertex -11.8816 12.7 32.8017
      vertex -12.1619 0 32.5938
      vertex -12.1619 12.7 32.5938
    endloop
  endfacet
  facet normal 0.803186 0 -0.595728
    outer loop
      vertex -12.6548 0 32.1009
      vertex -12.8627 12.7 31.8206
      vertex -12.6548 12.7 32.1009
    endloop
  endfacet
  facet normal 0.803186 0 -0.595728
    outer loop
      vertex -12.8627 12.7 31.8206
      vertex -12.6548 0 32.1009
      vertex -12.8627 0 31.8206
    endloop
  endfacet
  facet normal 0.970041 -0 0.24294
    outer loop
      vertex -13.3937 0 22.8013
      vertex -13.3089 12.7 22.4627
      vertex -13.3937 12.7 22.8013
    endloop
  endfacet
  facet normal 0.970041 0 0.24294
    outer loop
      vertex -13.3089 12.7 22.4627
      vertex -13.3937 0 22.8013
      vertex -13.3089 0 22.4627
    endloop
  endfacet
  facet normal 0.146715 0 0.989179
    outer loop
      vertex -10.5997 12.7 20.0073
      vertex -10.2545 0 19.9561
      vertex -10.2545 12.7 19.9561
    endloop
  endfacet
  facet normal 0.146715 0 0.989179
    outer loop
      vertex -10.2545 0 19.9561
      vertex -10.5997 12.7 20.0073
      vertex -10.5997 0 20.0073
    endloop
  endfacet
  facet normal -0.970048 0 0.242913
    outer loop
      vertex -4.47112 0 22.4627
      vertex -4.38633 12.7 22.8013
      vertex -4.47112 12.7 22.4627
    endloop
  endfacet
  facet normal -0.970048 0 0.242913
    outer loop
      vertex -4.38633 12.7 22.8013
      vertex -4.47112 0 22.4627
      vertex -4.38633 0 22.8013
    endloop
  endfacet
  facet normal -0.514091 0 -0.857736
    outer loop
      vertex -6.19771 0 32.9811
      vertex -5.89839 12.7 32.8017
      vertex -5.89839 0 32.8017
    endloop
  endfacet
  facet normal -0.514091 0 -0.857736
    outer loop
      vertex -5.89839 12.7 32.8017
      vertex -6.19771 0 32.9811
      vertex -6.19771 12.7 32.9811
    endloop
  endfacet
  facet normal -0.243001 0 -0.970026
    outer loop
      vertex -7.18026 0 33.3327
      vertex -6.84175 12.7 33.2479
      vertex -6.84175 0 33.2479
    endloop
  endfacet
  facet normal -0.243001 0 -0.970026
    outer loop
      vertex -6.84175 12.7 33.2479
      vertex -7.18026 0 33.3327
      vertex -7.18026 12.7 33.3327
    endloop
  endfacet
  facet normal -0.146719 0 -0.989178
    outer loop
      vertex -7.52545 0 33.3839
      vertex -7.18026 12.7 33.3327
      vertex -7.18026 0 33.3327
    endloop
  endfacet
  facet normal -0.146719 0 -0.989178
    outer loop
      vertex -7.18026 12.7 33.3327
      vertex -7.52545 0 33.3839
      vertex -7.52545 12.7 33.3839
    endloop
  endfacet
  facet normal -0.336981 0 -0.941512
    outer loop
      vertex -6.84175 0 33.2479
      vertex -6.51318 12.7 33.1303
      vertex -6.51318 0 33.1303
    endloop
  endfacet
  facet normal -0.336981 0 -0.941512
    outer loop
      vertex -6.51318 12.7 33.1303
      vertex -6.84175 0 33.2479
      vertex -6.84175 12.7 33.2479
    endloop
  endfacet
  facet normal 0.989179 0 -0.146715
    outer loop
      vertex -13.3937 0 30.5387
      vertex -13.4449 12.7 30.1935
      vertex -13.3937 12.7 30.5387
    endloop
  endfacet
  facet normal 0.989179 0 -0.146715
    outer loop
      vertex -13.4449 12.7 30.1935
      vertex -13.3937 0 30.5387
      vertex -13.4449 0 30.1935
    endloop
  endfacet
  facet normal 0.941489 0 -0.337044
    outer loop
      vertex -13.1913 0 31.2058
      vertex -13.3089 12.7 30.8773
      vertex -13.1913 12.7 31.2058
    endloop
  endfacet
  facet normal 0.941489 0 -0.337044
    outer loop
      vertex -13.3089 12.7 30.8773
      vertex -13.1913 0 31.2058
      vertex -13.3089 0 30.8773
    endloop
  endfacet
  facet normal -0.595741 0 -0.803176
    outer loop
      vertex -5.89839 0 32.8017
      vertex -5.6181 12.7 32.5938
      vertex -5.6181 0 32.5938
    endloop
  endfacet
  facet normal -0.595741 0 -0.803176
    outer loop
      vertex -5.6181 12.7 32.5938
      vertex -5.89839 0 32.8017
      vertex -5.89839 12.7 32.8017
    endloop
  endfacet
  facet normal -0.740982 0 -0.671525
    outer loop
      vertex -5.12517 0 32.1009
      vertex -5.35953 12.7 32.3595
      vertex -5.12517 12.7 32.1009
    endloop
  endfacet
  facet normal -0.740982 -0 -0.671525
    outer loop
      vertex -5.35953 12.7 32.3595
      vertex -5.12517 0 32.1009
      vertex -5.35953 0 32.3595
    endloop
  endfacet
  facet normal -0.941525 0 0.336943
    outer loop
      vertex -4.58868 0 22.1342
      vertex -4.47112 12.7 22.4627
      vertex -4.58868 12.7 22.1342
    endloop
  endfacet
  facet normal -0.941525 0 0.336943
    outer loop
      vertex -4.47112 12.7 22.4627
      vertex -4.58868 0 22.1342
      vertex -4.47112 0 22.4627
    endloop
  endfacet
  facet normal 0.427507 0 -0.904012
    outer loop
      vertex -11.5823 0 32.9811
      vertex -11.2668 12.7 33.1303
      vertex -11.2668 0 33.1303
    endloop
  endfacet
  facet normal 0.427507 0 -0.904012
    outer loop
      vertex -11.2668 12.7 33.1303
      vertex -11.5823 0 32.9811
      vertex -11.5823 12.7 32.9811
    endloop
  endfacet
  facet normal -0.146719 0 0.989178
    outer loop
      vertex -7.52545 12.7 19.9561
      vertex -7.18026 0 20.0073
      vertex -7.18026 12.7 20.0073
    endloop
  endfacet
  facet normal -0.146719 0 0.989178
    outer loop
      vertex -7.18026 0 20.0073
      vertex -7.52545 12.7 19.9561
      vertex -7.52545 0 19.9561
    endloop
  endfacet
  facet normal 0.24294 0 -0.970041
    outer loop
      vertex -10.9383 0 33.2479
      vertex -10.5997 12.7 33.3327
      vertex -10.5997 0 33.3327
    endloop
  endfacet
  facet normal 0.24294 0 -0.970041
    outer loop
      vertex -10.5997 12.7 33.3327
      vertex -10.9383 0 33.2479
      vertex -10.9383 12.7 33.2479
    endloop
  endfacet
  facet normal 0.595728 0 0.803186
    outer loop
      vertex -12.1619 12.7 20.7462
      vertex -11.8816 0 20.5383
      vertex -11.8816 12.7 20.5383
    endloop
  endfacet
  facet normal 0.595728 0 0.803186
    outer loop
      vertex -11.8816 0 20.5383
      vertex -12.1619 12.7 20.7462
      vertex -12.1619 0 20.7462
    endloop
  endfacet
  facet normal 0.337044 0 0.941489
    outer loop
      vertex -11.2668 12.7 20.2097
      vertex -10.9383 0 20.0921
      vertex -10.9383 12.7 20.0921
    endloop
  endfacet
  facet normal 0.337044 0 0.941489
    outer loop
      vertex -10.9383 0 20.0921
      vertex -11.2668 12.7 20.2097
      vertex -11.2668 0 20.2097
    endloop
  endfacet
  facet normal 0.0490085 0 -0.998798
    outer loop
      vertex -10.2545 0 33.3839
      vertex -9.906 12.7 33.401
      vertex -9.906 0 33.401
    endloop
  endfacet
  facet normal 0.0490085 0 -0.998798
    outer loop
      vertex -9.906 12.7 33.401
      vertex -10.2545 0 33.3839
      vertex -10.2545 12.7 33.3839
    endloop
  endfacet
  facet normal 0.941489 -0 0.337044
    outer loop
      vertex -13.3089 0 22.4627
      vertex -13.1913 12.7 22.1342
      vertex -13.3089 12.7 22.4627
    endloop
  endfacet
  facet normal 0.941489 0 0.337044
    outer loop
      vertex -13.1913 12.7 22.1342
      vertex -13.3089 0 22.4627
      vertex -13.1913 0 22.1342
    endloop
  endfacet
  facet normal -0.336981 0 0.941512
    outer loop
      vertex -6.84175 12.7 20.0921
      vertex -6.51318 0 20.2097
      vertex -6.51318 12.7 20.2097
    endloop
  endfacet
  facet normal -0.336981 0 0.941512
    outer loop
      vertex -6.51318 0 20.2097
      vertex -6.84175 12.7 20.0921
      vertex -6.84175 0 20.0921
    endloop
  endfacet
  facet normal -0.970048 0 -0.242913
    outer loop
      vertex -4.38633 0 30.5387
      vertex -4.47112 12.7 30.8773
      vertex -4.38633 12.7 30.5387
    endloop
  endfacet
  facet normal -0.970048 -0 -0.242913
    outer loop
      vertex -4.47112 12.7 30.8773
      vertex -4.38633 0 30.5387
      vertex -4.47112 0 30.8773
    endloop
  endfacet
  facet normal 1 -0 0
    outer loop
      vertex -13.462 0 29.845
      vertex -13.462 12.7 23.495
      vertex -13.462 12.7 29.845
    endloop
  endfacet
  facet normal 1 0 0
    outer loop
      vertex -13.462 12.7 23.495
      vertex -13.462 0 29.845
      vertex -13.462 0 23.495
    endloop
  endfacet
  facet normal 0.427507 0 0.904012
    outer loop
      vertex -11.5823 12.7 20.3589
      vertex -11.2668 0 20.2097
      vertex -11.2668 12.7 20.2097
    endloop
  endfacet
  facet normal 0.427507 0 0.904012
    outer loop
      vertex -11.2668 0 20.2097
      vertex -11.5823 12.7 20.3589
      vertex -11.5823 0 20.3589
    endloop
  endfacet
  facet normal -0.671474 0 -0.741028
    outer loop
      vertex -5.6181 0 32.5938
      vertex -5.35953 12.7 32.3595
      vertex -5.35953 0 32.3595
    endloop
  endfacet
  facet normal -0.671474 0 -0.741028
    outer loop
      vertex -5.35953 12.7 32.3595
      vertex -5.6181 0 32.5938
      vertex -5.6181 12.7 32.5938
    endloop
  endfacet
  facet normal 0.998798 0 -0.0490085
    outer loop
      vertex -13.4449 0 30.1935
      vertex -13.462 12.7 29.845
      vertex -13.4449 12.7 30.1935
    endloop
  endfacet
  facet normal 0.998798 0 -0.0490085
    outer loop
      vertex -13.462 12.7 29.845
      vertex -13.4449 0 30.1935
      vertex -13.462 0 29.845
    endloop
  endfacet
  facet normal -0.85772 0 -0.514116
    outer loop
      vertex -4.73789 0 31.5213
      vertex -4.91729 12.7 31.8206
      vertex -4.73789 12.7 31.5213
    endloop
  endfacet
  facet normal -0.85772 -0 -0.514116
    outer loop
      vertex -4.91729 12.7 31.8206
      vertex -4.73789 0 31.5213
      vertex -4.91729 0 31.8206
    endloop
  endfacet
  facet normal -0.904001 0 0.427531
    outer loop
      vertex -4.73789 0 21.8187
      vertex -4.58868 12.7 22.1342
      vertex -4.73789 12.7 21.8187
    endloop
  endfacet
  facet normal -0.904001 0 0.427531
    outer loop
      vertex -4.58868 12.7 22.1342
      vertex -4.73789 0 21.8187
      vertex -4.58868 0 22.1342
    endloop
  endfacet
  facet normal 0.337044 0 -0.941489
    outer loop
      vertex -11.2668 0 33.1303
      vertex -10.9383 12.7 33.2479
      vertex -10.9383 0 33.2479
    endloop
  endfacet
  facet normal 0.337044 0 -0.941489
    outer loop
      vertex -10.9383 12.7 33.2479
      vertex -11.2668 0 33.1303
      vertex -11.2668 12.7 33.1303
    endloop
  endfacet
  facet normal 0.970041 0 -0.24294
    outer loop
      vertex -13.3089 0 30.8773
      vertex -13.3937 12.7 30.5387
      vertex -13.3089 12.7 30.8773
    endloop
  endfacet
  facet normal 0.970041 0 -0.24294
    outer loop
      vertex -13.3937 12.7 30.5387
      vertex -13.3089 0 30.8773
      vertex -13.3937 0 30.5387
    endloop
  endfacet
  facet normal -0.941525 0 -0.336943
    outer loop
      vertex -4.47112 0 30.8773
      vertex -4.58868 12.7 31.2058
      vertex -4.47112 12.7 30.8773
    endloop
  endfacet
  facet normal -0.941525 -0 -0.336943
    outer loop
      vertex -4.58868 12.7 31.2058
      vertex -4.47112 0 30.8773
      vertex -4.58868 0 31.2058
    endloop
  endfacet
  facet normal 0.85772 0 -0.514116
    outer loop
      vertex -12.8627 0 31.8206
      vertex -13.0421 12.7 31.5213
      vertex -12.8627 12.7 31.8206
    endloop
  endfacet
  facet normal 0.85772 0 -0.514116
    outer loop
      vertex -13.0421 12.7 31.5213
      vertex -12.8627 0 31.8206
      vertex -13.0421 0 31.5213
    endloop
  endfacet
  facet normal 0.0490085 0 0.998798
    outer loop
      vertex -10.2545 12.7 19.9561
      vertex -9.906 0 19.939
      vertex -9.906 12.7 19.939
    endloop
  endfacet
  facet normal 0.0490085 0 0.998798
    outer loop
      vertex -9.906 0 19.939
      vertex -10.2545 12.7 19.9561
      vertex -10.2545 0 19.9561
    endloop
  endfacet
  facet normal 0 0 -1
    outer loop
      vertex -9.906 0 33.401
      vertex -7.874 12.7 33.401
      vertex -7.874 0 33.401
    endloop
  endfacet
  facet normal -0 0 -1
    outer loop
      vertex -7.874 12.7 33.401
      vertex -9.906 0 33.401
      vertex -9.906 12.7 33.401
    endloop
  endfacet
  facet normal -0.803214 0 -0.595691
    outer loop
      vertex -4.91729 0 31.8206
      vertex -5.12517 12.7 32.1009
      vertex -4.91729 12.7 31.8206
    endloop
  endfacet
  facet normal -0.803214 -0 -0.595691
    outer loop
      vertex -5.12517 12.7 32.1009
      vertex -4.91729 0 31.8206
      vertex -5.12517 0 32.1009
    endloop
  endfacet
  facet normal -0 0 1
    outer loop
      vertex -9.906 12.7 19.939
      vertex -7.874 0 19.939
      vertex -7.874 12.7 19.939
    endloop
  endfacet
  facet normal 0 0 1
    outer loop
      vertex -7.874 0 19.939
      vertex -9.906 12.7 19.939
      vertex -9.906 0 19.939
    endloop
  endfacet
  facet normal -0.803214 0 0.595691
    outer loop
      vertex -5.12517 0 21.2391
      vertex -4.91729 12.7 21.5194
      vertex -5.12517 12.7 21.2391
    endloop
  endfacet
  facet normal -0.803214 0 0.595691
    outer loop
      vertex -4.91729 12.7 21.5194
      vertex -5.12517 0 21.2391
      vertex -4.91729 0 21.5194
    endloop
  endfacet
  facet normal -0.243001 0 0.970026
    outer loop
      vertex -7.18026 12.7 20.0073
      vertex -6.84175 0 20.0921
      vertex -6.84175 12.7 20.0921
    endloop
  endfacet
  facet normal -0.243001 0 0.970026
    outer loop
      vertex -6.84175 0 20.0921
      vertex -7.18026 12.7 20.0073
      vertex -7.18026 0 20.0073
    endloop
  endfacet
  facet normal -0.998796 0 0.0490657
    outer loop
      vertex -4.33512 0 23.1465
      vertex -4.318 12.7 23.495
      vertex -4.33512 12.7 23.1465
    endloop
  endfacet
  facet normal -0.998796 0 0.0490657
    outer loop
      vertex -4.318 12.7 23.495
      vertex -4.33512 0 23.1465
      vertex -4.318 0 23.495
    endloop
  endfacet
  facet normal 0.671431 0 -0.741067
    outer loop
      vertex -12.4205 0 32.3595
      vertex -12.1619 12.7 32.5938
      vertex -12.1619 0 32.5938
    endloop
  endfacet
  facet normal 0.671431 0 -0.741067
    outer loop
      vertex -12.1619 12.7 32.5938
      vertex -12.4205 0 32.3595
      vertex -12.4205 12.7 32.3595
    endloop
  endfacet
  facet normal -0.904001 0 -0.427531
    outer loop
      vertex -4.58868 0 31.2058
      vertex -4.73789 12.7 31.5213
      vertex -4.58868 12.7 31.2058
    endloop
  endfacet
  facet normal -0.904001 -0 -0.427531
    outer loop
      vertex -4.73789 12.7 31.5213
      vertex -4.58868 0 31.2058
      vertex -4.73789 0 31.5213
    endloop
  endfacet
  facet normal 0.671431 0 0.741067
    outer loop
      vertex -12.4205 12.7 20.9805
      vertex -12.1619 0 20.7462
      vertex -12.1619 12.7 20.7462
    endloop
  endfacet
  facet normal 0.671431 0 0.741067
    outer loop
      vertex -12.1619 0 20.7462
      vertex -12.4205 12.7 20.9805
      vertex -12.4205 0 20.9805
    endloop
  endfacet
  facet normal -0.85772 0 0.514116
    outer loop
      vertex -4.91729 0 21.5194
      vertex -4.73789 12.7 21.8187
      vertex -4.91729 12.7 21.5194
    endloop
  endfacet
  facet normal -0.85772 0 0.514116
    outer loop
      vertex -4.73789 12.7 21.8187
      vertex -4.91729 0 21.5194
      vertex -4.73789 0 21.8187
    endloop
  endfacet
  facet normal -0.514091 0 0.857736
    outer loop
      vertex -6.19771 12.7 20.3589
      vertex -5.89839 0 20.5383
      vertex -5.89839 12.7 20.5383
    endloop
  endfacet
  facet normal -0.514091 0 0.857736
    outer loop
      vertex -5.89839 0 20.5383
      vertex -6.19771 12.7 20.3589
      vertex -6.19771 0 20.3589
    endloop
  endfacet
  facet normal -0.427541 0 0.903996
    outer loop
      vertex -6.51318 12.7 20.2097
      vertex -6.19771 0 20.3589
      vertex -6.19771 12.7 20.3589
    endloop
  endfacet
  facet normal -0.427541 0 0.903996
    outer loop
      vertex -6.19771 0 20.3589
      vertex -6.51318 12.7 20.2097
      vertex -6.51318 0 20.2097
    endloop
  endfacet
  facet normal -0.998796 0 -0.0490657
    outer loop
      vertex -4.318 0 29.845
      vertex -4.33512 12.7 30.1935
      vertex -4.318 12.7 29.845
    endloop
  endfacet
  facet normal -0.998796 -0 -0.0490657
    outer loop
      vertex -4.33512 12.7 30.1935
      vertex -4.318 0 29.845
      vertex -4.33512 0 30.1935
    endloop
  endfacet
  facet normal 0.989179 -0 0.146715
    outer loop
      vertex -13.4449 0 23.1465
      vertex -13.3937 12.7 22.8013
      vertex -13.4449 12.7 23.1465
    endloop
  endfacet
  facet normal 0.989179 0 0.146715
    outer loop
      vertex -13.3937 12.7 22.8013
      vertex -13.4449 0 23.1465
      vertex -13.3937 0 22.8013
    endloop
  endfacet
  facet normal 0.741067 0 -0.671431
    outer loop
      vertex -12.4205 0 32.3595
      vertex -12.6548 12.7 32.1009
      vertex -12.4205 12.7 32.3595
    endloop
  endfacet
  facet normal 0.741067 0 -0.671431
    outer loop
      vertex -12.6548 12.7 32.1009
      vertex -12.4205 0 32.3595
      vertex -12.6548 0 32.1009
    endloop
  endfacet
  facet normal -0.989175 0 0.146743
    outer loop
      vertex -4.38633 0 22.8013
      vertex -4.33512 12.7 23.1465
      vertex -4.38633 12.7 22.8013
    endloop
  endfacet
  facet normal -0.989175 0 0.146743
    outer loop
      vertex -4.33512 12.7 23.1465
      vertex -4.38633 0 22.8013
      vertex -4.33512 0 23.1465
    endloop
  endfacet
  facet normal -0.671474 0 0.741028
    outer loop
      vertex -5.6181 12.7 20.7462
      vertex -5.35953 0 20.9805
      vertex -5.35953 12.7 20.9805
    endloop
  endfacet
  facet normal -0.671474 0 0.741028
    outer loop
      vertex -5.35953 0 20.9805
      vertex -5.6181 12.7 20.7462
      vertex -5.6181 0 20.7462
    endloop
  endfacet
  facet normal 0.904012 0 -0.427507
    outer loop
      vertex -13.0421 0 31.5213
      vertex -13.1913 12.7 31.2058
      vertex -13.0421 12.7 31.5213
    endloop
  endfacet
  facet normal 0.904012 0 -0.427507
    outer loop
      vertex -13.1913 12.7 31.2058
      vertex -13.0421 0 31.5213
      vertex -13.1913 0 31.2058
    endloop
  endfacet
  facet normal -0.740982 0 0.671525
    outer loop
      vertex -5.35953 0 20.9805
      vertex -5.12517 12.7 21.2391
      vertex -5.35953 12.7 20.9805
    endloop
  endfacet
  facet normal -0.740982 0 0.671525
    outer loop
      vertex -5.12517 12.7 21.2391
      vertex -5.35953 0 20.9805
      vertex -5.12517 0 21.2391
    endloop
  endfacet
  facet normal 0.85772 -0 0.514116
    outer loop
      vertex -13.0421 0 21.8187
      vertex -12.8627 12.7 21.5194
      vertex -13.0421 12.7 21.8187
    endloop
  endfacet
  facet normal 0.85772 0 0.514116
    outer loop
      vertex -12.8627 12.7 21.5194
      vertex -13.0421 0 21.8187
      vertex -12.8627 0 21.5194
    endloop
  endfacet
  facet normal -0.427541 0 -0.903996
    outer loop
      vertex -6.51318 0 33.1303
      vertex -6.19771 12.7 32.9811
      vertex -6.19771 0 32.9811
    endloop
  endfacet
  facet normal -0.427541 0 -0.903996
    outer loop
      vertex -6.19771 12.7 32.9811
      vertex -6.51318 0 33.1303
      vertex -6.51318 12.7 33.1303
    endloop
  endfacet
  facet normal 0.514116 0 0.85772
    outer loop
      vertex -11.8816 12.7 81.4983
      vertex -11.5823 0 81.3189
      vertex -11.5823 12.7 81.3189
    endloop
  endfacet
  facet normal 0.514116 0 0.85772
    outer loop
      vertex -11.5823 0 81.3189
      vertex -11.8816 12.7 81.4983
      vertex -11.8816 0 81.4983
    endloop
  endfacet
  facet normal 0.998798 -0 0.0490085
    outer loop
      vertex -13.462 0 84.455
      vertex -13.4449 12.7 84.1065
      vertex -13.462 12.7 84.455
    endloop
  endfacet
  facet normal 0.998798 0 0.0490085
    outer loop
      vertex -13.4449 12.7 84.1065
      vertex -13.462 0 84.455
      vertex -13.4449 0 84.1065
    endloop
  endfacet
  facet normal -1 0 0
    outer loop
      vertex -4.318 0 84.455
      vertex -4.318 12.7 90.805
      vertex -4.318 12.7 84.455
    endloop
  endfacet
  facet normal -1 -0 0
    outer loop
      vertex -4.318 12.7 90.805
      vertex -4.318 0 84.455
      vertex -4.318 0 90.805
    endloop
  endfacet
  facet normal 0.146715 0 -0.989179
    outer loop
      vertex -10.5997 0 94.2927
      vertex -10.2545 12.7 94.3439
      vertex -10.2545 0 94.3439
    endloop
  endfacet
  facet normal 0.146715 0 -0.989179
    outer loop
      vertex -10.2545 12.7 94.3439
      vertex -10.5997 0 94.2927
      vertex -10.5997 12.7 94.2927
    endloop
  endfacet
  facet normal 0.904012 -0 0.427507
    outer loop
      vertex -13.1913 0 83.0942
      vertex -13.0421 12.7 82.7787
      vertex -13.1913 12.7 83.0942
    endloop
  endfacet
  facet normal 0.904012 0 0.427507
    outer loop
      vertex -13.0421 12.7 82.7787
      vertex -13.1913 0 83.0942
      vertex -13.0421 0 82.7787
    endloop
  endfacet
  facet normal -0.0490015 0 -0.998799
    outer loop
      vertex -7.874 0 94.361
      vertex -7.52545 12.7 94.3439
      vertex -7.52545 0 94.3439
    endloop
  endfacet
  facet normal -0.0490015 0 -0.998799
    outer loop
      vertex -7.52545 12.7 94.3439
      vertex -7.874 0 94.361
      vertex -7.874 12.7 94.361
    endloop
  endfacet
  facet normal 0.514116 0 -0.85772
    outer loop
      vertex -11.8816 0 93.7617
      vertex -11.5823 12.7 93.9411
      vertex -11.5823 0 93.9411
    endloop
  endfacet
  facet normal 0.514116 0 -0.85772
    outer loop
      vertex -11.5823 12.7 93.9411
      vertex -11.8816 0 93.7617
      vertex -11.8816 12.7 93.7617
    endloop
  endfacet
  facet normal -0.989175 0 -0.146743
    outer loop
      vertex -4.33512 0 91.1535
      vertex -4.38633 12.7 91.4987
      vertex -4.33512 12.7 91.1535
    endloop
  endfacet
  facet normal -0.989175 -0 -0.146743
    outer loop
      vertex -4.38633 12.7 91.4987
      vertex -4.33512 0 91.1535
      vertex -4.38633 0 91.4987
    endloop
  endfacet
  facet normal 0.803186 -0 0.595728
    outer loop
      vertex -12.8627 0 82.4794
      vertex -12.6548 12.7 82.1991
      vertex -12.8627 12.7 82.4794
    endloop
  endfacet
  facet normal 0.803186 0 0.595728
    outer loop
      vertex -12.6548 12.7 82.1991
      vertex -12.8627 0 82.4794
      vertex -12.6548 0 82.1991
    endloop
  endfacet
  facet normal -0.0490015 0 0.998799
    outer loop
      vertex -7.874 12.7 80.899
      vertex -7.52545 0 80.9161
      vertex -7.52545 12.7 80.9161
    endloop
  endfacet
  facet normal -0.0490015 0 0.998799
    outer loop
      vertex -7.52545 0 80.9161
      vertex -7.874 12.7 80.899
      vertex -7.874 0 80.899
    endloop
  endfacet
  facet normal -0.595741 0 0.803176
    outer loop
      vertex -5.89839 12.7 81.4983
      vertex -5.6181 0 81.7062
      vertex -5.6181 12.7 81.7062
    endloop
  endfacet
  facet normal -0.595741 0 0.803176
    outer loop
      vertex -5.6181 0 81.7062
      vertex -5.89839 12.7 81.4983
      vertex -5.89839 0 81.4983
    endloop
  endfacet
  facet normal 0.24294 0 0.970041
    outer loop
      vertex -10.9383 12.7 81.0521
      vertex -10.5997 0 80.9673
      vertex -10.5997 12.7 80.9673
    endloop
  endfacet
  facet normal 0.24294 0 0.970041
    outer loop
      vertex -10.5997 0 80.9673
      vertex -10.9383 12.7 81.0521
      vertex -10.9383 0 81.0521
    endloop
  endfacet
  facet normal 0.741067 -0 0.671431
    outer loop
      vertex -12.6548 0 82.1991
      vertex -12.4205 12.7 81.9405
      vertex -12.6548 12.7 82.1991
    endloop
  endfacet
  facet normal 0.741067 0 0.671431
    outer loop
      vertex -12.4205 12.7 81.9405
      vertex -12.6548 0 82.1991
      vertex -12.4205 0 81.9405
    endloop
  endfacet
  facet normal 0 0 -1
    outer loop
      vertex -9.906 0 94.361
      vertex -7.874 12.7 94.361
      vertex -7.874 0 94.361
    endloop
  endfacet
  facet normal -0 0 -1
    outer loop
      vertex -7.874 12.7 94.361
      vertex -9.906 0 94.361
      vertex -9.906 12.7 94.361
    endloop
  endfacet
  facet normal 0.595728 0 -0.803186
    outer loop
      vertex -12.1619 0 93.5538
      vertex -11.8816 12.7 93.7617
      vertex -11.8816 0 93.7617
    endloop
  endfacet
  facet normal 0.595728 0 -0.803186
    outer loop
      vertex -11.8816 12.7 93.7617
      vertex -12.1619 0 93.5538
      vertex -12.1619 12.7 93.5538
    endloop
  endfacet
  facet normal 0.803186 0 -0.595728
    outer loop
      vertex -12.6548 0 93.0609
      vertex -12.8627 12.7 92.7806
      vertex -12.6548 12.7 93.0609
    endloop
  endfacet
  facet normal 0.803186 0 -0.595728
    outer loop
      vertex -12.8627 12.7 92.7806
      vertex -12.6548 0 93.0609
      vertex -12.8627 0 92.7806
    endloop
  endfacet
  facet normal 0.970041 -0 0.24294
    outer loop
      vertex -13.3937 0 83.7613
      vertex -13.3089 12.7 83.4227
      vertex -13.3937 12.7 83.7613
    endloop
  endfacet
  facet normal 0.970041 0 0.24294
    outer loop
      vertex -13.3089 12.7 83.4227
      vertex -13.3937 0 83.7613
      vertex -13.3089 0 83.4227
    endloop
  endfacet
  facet normal 0.146715 0 0.989179
    outer loop
      vertex -10.5997 12.7 80.9673
      vertex -10.2545 0 80.9161
      vertex -10.2545 12.7 80.9161
    endloop
  endfacet
  facet normal 0.146715 0 0.989179
    outer loop
      vertex -10.2545 0 80.9161
      vertex -10.5997 12.7 80.9673
      vertex -10.5997 0 80.9673
    endloop
  endfacet
  facet normal -0.970048 0 0.242913
    outer loop
      vertex -4.47112 0 83.4227
      vertex -4.38633 12.7 83.7613
      vertex -4.47112 12.7 83.4227
    endloop
  endfacet
  facet normal -0.970048 0 0.242913
    outer loop
      vertex -4.38633 12.7 83.7613
      vertex -4.47112 0 83.4227
      vertex -4.38633 0 83.7613
    endloop
  endfacet
  facet normal -0.514091 0 -0.857736
    outer loop
      vertex -6.19771 0 93.9411
      vertex -5.89839 12.7 93.7617
      vertex -5.89839 0 93.7617
    endloop
  endfacet
  facet normal -0.514091 0 -0.857736
    outer loop
      vertex -5.89839 12.7 93.7617
      vertex -6.19771 0 93.9411
      vertex -6.19771 12.7 93.9411
    endloop
  endfacet
  facet normal -0.243001 0 -0.970026
    outer loop
      vertex -7.18026 0 94.2927
      vertex -6.84175 12.7 94.2079
      vertex -6.84175 0 94.2079
    endloop
  endfacet
  facet normal -0.243001 0 -0.970026
    outer loop
      vertex -6.84175 12.7 94.2079
      vertex -7.18026 0 94.2927
      vertex -7.18026 12.7 94.2927
    endloop
  endfacet
  facet normal -0.336981 0 -0.941512
    outer loop
      vertex -6.84175 0 94.2079
      vertex -6.51318 12.7 94.0903
      vertex -6.51318 0 94.0903
    endloop
  endfacet
  facet normal -0.336981 0 -0.941512
    outer loop
      vertex -6.51318 12.7 94.0903
      vertex -6.84175 0 94.2079
      vertex -6.84175 12.7 94.2079
    endloop
  endfacet
  facet normal 0.989179 0 -0.146715
    outer loop
      vertex -13.3937 0 91.4987
      vertex -13.4449 12.7 91.1535
      vertex -13.3937 12.7 91.4987
    endloop
  endfacet
  facet normal 0.989179 0 -0.146715
    outer loop
      vertex -13.4449 12.7 91.1535
      vertex -13.3937 0 91.4987
      vertex -13.4449 0 91.1535
    endloop
  endfacet
  facet normal 0.941521 0 -0.336953
    outer loop
      vertex -13.1913 0 92.1658
      vertex -13.3089 12.7 91.8372
      vertex -13.1913 12.7 92.1658
    endloop
  endfacet
  facet normal 0.941521 0 -0.336953
    outer loop
      vertex -13.3089 12.7 91.8372
      vertex -13.1913 0 92.1658
      vertex -13.3089 0 91.8372
    endloop
  endfacet
  facet normal -0.595741 0 -0.803176
    outer loop
      vertex -5.89839 0 93.7617
      vertex -5.6181 12.7 93.5538
      vertex -5.6181 0 93.5538
    endloop
  endfacet
  facet normal -0.595741 0 -0.803176
    outer loop
      vertex -5.6181 12.7 93.5538
      vertex -5.89839 0 93.7617
      vertex -5.89839 12.7 93.7617
    endloop
  endfacet
  facet normal -0.740982 0 -0.671525
    outer loop
      vertex -5.12517 0 93.0609
      vertex -5.35953 12.7 93.3195
      vertex -5.12517 12.7 93.0609
    endloop
  endfacet
  facet normal -0.740982 -0 -0.671525
    outer loop
      vertex -5.35953 12.7 93.3195
      vertex -5.12517 0 93.0609
      vertex -5.35953 0 93.3195
    endloop
  endfacet
  facet normal -0.941525 0 0.336943
    outer loop
      vertex -4.58868 0 83.0942
      vertex -4.47112 12.7 83.4227
      vertex -4.58868 12.7 83.0942
    endloop
  endfacet
  facet normal -0.941525 0 0.336943
    outer loop
      vertex -4.47112 12.7 83.4227
      vertex -4.58868 0 83.0942
      vertex -4.47112 0 83.4227
    endloop
  endfacet
  facet normal 0.427507 0 -0.904012
    outer loop
      vertex -11.5823 0 93.9411
      vertex -11.2668 12.7 94.0903
      vertex -11.2668 0 94.0903
    endloop
  endfacet
  facet normal 0.427507 0 -0.904012
    outer loop
      vertex -11.2668 12.7 94.0903
      vertex -11.5823 0 93.9411
      vertex -11.5823 12.7 93.9411
    endloop
  endfacet
  facet normal -0.146719 0 0.989178
    outer loop
      vertex -7.52545 12.7 80.9161
      vertex -7.18026 0 80.9673
      vertex -7.18026 12.7 80.9673
    endloop
  endfacet
  facet normal -0.146719 0 0.989178
    outer loop
      vertex -7.18026 0 80.9673
      vertex -7.52545 12.7 80.9161
      vertex -7.52545 0 80.9161
    endloop
  endfacet
  facet normal 0.24294 0 -0.970041
    outer loop
      vertex -10.9383 0 94.2079
      vertex -10.5997 12.7 94.2927
      vertex -10.5997 0 94.2927
    endloop
  endfacet
  facet normal 0.24294 0 -0.970041
    outer loop
      vertex -10.5997 12.7 94.2927
      vertex -10.9383 0 94.2079
      vertex -10.9383 12.7 94.2079
    endloop
  endfacet
  facet normal 0.595728 0 0.803186
    outer loop
      vertex -12.1619 12.7 81.7062
      vertex -11.8816 0 81.4983
      vertex -11.8816 12.7 81.4983
    endloop
  endfacet
  facet normal 0.595728 0 0.803186
    outer loop
      vertex -11.8816 0 81.4983
      vertex -12.1619 12.7 81.7062
      vertex -12.1619 0 81.7062
    endloop
  endfacet
  facet normal 0.337044 0 0.941489
    outer loop
      vertex -11.2668 12.7 81.1697
      vertex -10.9383 0 81.0521
      vertex -10.9383 12.7 81.0521
    endloop
  endfacet
  facet normal 0.337044 0 0.941489
    outer loop
      vertex -10.9383 0 81.0521
      vertex -11.2668 12.7 81.1697
      vertex -11.2668 0 81.1697
    endloop
  endfacet
  facet normal 0.0490085 0 -0.998798
    outer loop
      vertex -10.2545 0 94.3439
      vertex -9.906 12.7 94.361
      vertex -9.906 0 94.361
    endloop
  endfacet
  facet normal 0.0490085 0 -0.998798
    outer loop
      vertex -9.906 12.7 94.361
      vertex -10.2545 0 94.3439
      vertex -10.2545 12.7 94.3439
    endloop
  endfacet
  facet normal 0.941489 -0 0.337044
    outer loop
      vertex -13.3089 0 83.4227
      vertex -13.1913 12.7 83.0942
      vertex -13.3089 12.7 83.4227
    endloop
  endfacet
  facet normal 0.941489 0 0.337044
    outer loop
      vertex -13.1913 12.7 83.0942
      vertex -13.3089 0 83.4227
      vertex -13.1913 0 83.0942
    endloop
  endfacet
  facet normal -0.336981 0 0.941512
    outer loop
      vertex -6.84175 12.7 81.0521
      vertex -6.51318 0 81.1697
      vertex -6.51318 12.7 81.1697
    endloop
  endfacet
  facet normal -0.336981 0 0.941512
    outer loop
      vertex -6.51318 0 81.1697
      vertex -6.84175 12.7 81.0521
      vertex -6.84175 0 81.0521
    endloop
  endfacet
  facet normal -0.970031 0 -0.242981
    outer loop
      vertex -4.38633 0 91.4987
      vertex -4.47112 12.7 91.8372
      vertex -4.38633 12.7 91.4987
    endloop
  endfacet
  facet normal -0.970031 -0 -0.242981
    outer loop
      vertex -4.47112 12.7 91.8372
      vertex -4.38633 0 91.4987
      vertex -4.47112 0 91.8372
    endloop
  endfacet
  facet normal 1 -0 0
    outer loop
      vertex -13.462 0 90.805
      vertex -13.462 12.7 84.455
      vertex -13.462 12.7 90.805
    endloop
  endfacet
  facet normal 1 0 0
    outer loop
      vertex -13.462 12.7 84.455
      vertex -13.462 0 90.805
      vertex -13.462 0 84.455
    endloop
  endfacet
  facet normal 0.427507 0 0.904012
    outer loop
      vertex -11.5823 12.7 81.3189
      vertex -11.2668 0 81.1697
      vertex -11.2668 12.7 81.1697
    endloop
  endfacet
  facet normal 0.427507 0 0.904012
    outer loop
      vertex -11.2668 0 81.1697
      vertex -11.5823 12.7 81.3189
      vertex -11.5823 0 81.3189
    endloop
  endfacet
  facet normal -0.671474 0 -0.741028
    outer loop
      vertex -5.6181 0 93.5538
      vertex -5.35953 12.7 93.3195
      vertex -5.35953 0 93.3195
    endloop
  endfacet
  facet normal -0.671474 0 -0.741028
    outer loop
      vertex -5.35953 12.7 93.3195
      vertex -5.6181 0 93.5538
      vertex -5.6181 12.7 93.5538
    endloop
  endfacet
  facet normal 0.998798 0 -0.0490085
    outer loop
      vertex -13.4449 0 91.1535
      vertex -13.462 12.7 90.805
      vertex -13.4449 12.7 91.1535
    endloop
  endfacet
  facet normal 0.998798 0 -0.0490085
    outer loop
      vertex -13.462 12.7 90.805
      vertex -13.4449 0 91.1535
      vertex -13.462 0 90.805
    endloop
  endfacet
  facet normal -0.85772 0 -0.514116
    outer loop
      vertex -4.73789 0 92.4813
      vertex -4.91729 12.7 92.7806
      vertex -4.73789 12.7 92.4813
    endloop
  endfacet
  facet normal -0.85772 -0 -0.514116
    outer loop
      vertex -4.91729 12.7 92.7806
      vertex -4.73789 0 92.4813
      vertex -4.91729 0 92.7806
    endloop
  endfacet
  facet normal -0.904001 0 0.427531
    outer loop
      vertex -4.73789 0 82.7787
      vertex -4.58868 12.7 83.0942
      vertex -4.73789 12.7 82.7787
    endloop
  endfacet
  facet normal -0.904001 0 0.427531
    outer loop
      vertex -4.58868 12.7 83.0942
      vertex -4.73789 0 82.7787
      vertex -4.58868 0 83.0942
    endloop
  endfacet
  facet normal 0.337044 0 -0.941489
    outer loop
      vertex -11.2668 0 94.0903
      vertex -10.9383 12.7 94.2079
      vertex -10.9383 0 94.2079
    endloop
  endfacet
  facet normal 0.337044 0 -0.941489
    outer loop
      vertex -10.9383 12.7 94.2079
      vertex -11.2668 0 94.0903
      vertex -11.2668 12.7 94.0903
    endloop
  endfacet
  facet normal 0.970024 0 -0.243008
    outer loop
      vertex -13.3089 0 91.8372
      vertex -13.3937 12.7 91.4987
      vertex -13.3089 12.7 91.8372
    endloop
  endfacet
  facet normal 0.970024 0 -0.243008
    outer loop
      vertex -13.3937 12.7 91.4987
      vertex -13.3089 0 91.8372
      vertex -13.3937 0 91.4987
    endloop
  endfacet
  facet normal -0.941558 0 -0.336852
    outer loop
      vertex -4.47112 0 91.8372
      vertex -4.58868 12.7 92.1658
      vertex -4.47112 12.7 91.8372
    endloop
  endfacet
  facet normal -0.941558 -0 -0.336852
    outer loop
      vertex -4.58868 12.7 92.1658
      vertex -4.47112 0 91.8372
      vertex -4.58868 0 92.1658
    endloop
  endfacet
  facet normal 0.85772 0 -0.514116
    outer loop
      vertex -12.8627 0 92.7806
      vertex -13.0421 12.7 92.4813
      vertex -12.8627 12.7 92.7806
    endloop
  endfacet
  facet normal 0.85772 0 -0.514116
    outer loop
      vertex -13.0421 12.7 92.4813
      vertex -12.8627 0 92.7806
      vertex -13.0421 0 92.4813
    endloop
  endfacet
  facet normal 0.0490085 0 0.998798
    outer loop
      vertex -10.2545 12.7 80.9161
      vertex -9.906 0 80.899
      vertex -9.906 12.7 80.899
    endloop
  endfacet
  facet normal 0.0490085 0 0.998798
    outer loop
      vertex -9.906 0 80.899
      vertex -10.2545 12.7 80.9161
      vertex -10.2545 0 80.9161
    endloop
  endfacet
  facet normal -0.146719 0 -0.989178
    outer loop
      vertex -7.52545 0 94.3439
      vertex -7.18026 12.7 94.2927
      vertex -7.18026 0 94.2927
    endloop
  endfacet
  facet normal -0.146719 0 -0.989178
    outer loop
      vertex -7.18026 12.7 94.2927
      vertex -7.52545 0 94.3439
      vertex -7.52545 12.7 94.3439
    endloop
  endfacet
  facet normal -0.803214 0 -0.595691
    outer loop
      vertex -4.91729 0 92.7806
      vertex -5.12517 12.7 93.0609
      vertex -4.91729 12.7 92.7806
    endloop
  endfacet
  facet normal -0.803214 -0 -0.595691
    outer loop
      vertex -5.12517 12.7 93.0609
      vertex -4.91729 0 92.7806
      vertex -5.12517 0 93.0609
    endloop
  endfacet
  facet normal -0 0 1
    outer loop
      vertex -9.906 12.7 80.899
      vertex -7.874 0 80.899
      vertex -7.874 12.7 80.899
    endloop
  endfacet
  facet normal 0 0 1
    outer loop
      vertex -7.874 0 80.899
      vertex -9.906 12.7 80.899
      vertex -9.906 0 80.899
    endloop
  endfacet
  facet normal -0.803214 0 0.595691
    outer loop
      vertex -5.12517 0 82.1991
      vertex -4.91729 12.7 82.4794
      vertex -5.12517 12.7 82.1991
    endloop
  endfacet
  facet normal -0.803214 0 0.595691
    outer loop
      vertex -4.91729 12.7 82.4794
      vertex -5.12517 0 82.1991
      vertex -4.91729 0 82.4794
    endloop
  endfacet
  facet normal -0.243001 0 0.970026
    outer loop
      vertex -7.18026 12.7 80.9673
      vertex -6.84175 0 81.0521
      vertex -6.84175 12.7 81.0521
    endloop
  endfacet
  facet normal -0.243001 0 0.970026
    outer loop
      vertex -6.84175 0 81.0521
      vertex -7.18026 12.7 80.9673
      vertex -7.18026 0 80.9673
    endloop
  endfacet
  facet normal -0.998796 0 0.0490657
    outer loop
      vertex -4.33512 0 84.1065
      vertex -4.318 12.7 84.455
      vertex -4.33512 12.7 84.1065
    endloop
  endfacet
  facet normal -0.998796 0 0.0490657
    outer loop
      vertex -4.318 12.7 84.455
      vertex -4.33512 0 84.1065
      vertex -4.318 0 84.455
    endloop
  endfacet
  facet normal 0.671431 0 -0.741067
    outer loop
      vertex -12.4205 0 93.3195
      vertex -12.1619 12.7 93.5538
      vertex -12.1619 0 93.5538
    endloop
  endfacet
  facet normal 0.671431 0 -0.741067
    outer loop
      vertex -12.1619 12.7 93.5538
      vertex -12.4205 0 93.3195
      vertex -12.4205 12.7 93.3195
    endloop
  endfacet
  facet normal -0.904001 0 -0.427531
    outer loop
      vertex -4.58868 0 92.1658
      vertex -4.73789 12.7 92.4813
      vertex -4.58868 12.7 92.1658
    endloop
  endfacet
  facet normal -0.904001 -0 -0.427531
    outer loop
      vertex -4.73789 12.7 92.4813
      vertex -4.58868 0 92.1658
      vertex -4.73789 0 92.4813
    endloop
  endfacet
  facet normal 0.671431 0 0.741067
    outer loop
      vertex -12.4205 12.7 81.9405
      vertex -12.1619 0 81.7062
      vertex -12.1619 12.7 81.7062
    endloop
  endfacet
  facet normal 0.671431 0 0.741067
    outer loop
      vertex -12.1619 0 81.7062
      vertex -12.4205 12.7 81.9405
      vertex -12.4205 0 81.9405
    endloop
  endfacet
  facet normal -0.85772 0 0.514116
    outer loop
      vertex -4.91729 0 82.4794
      vertex -4.73789 12.7 82.7787
      vertex -4.91729 12.7 82.4794
    endloop
  endfacet
  facet normal -0.85772 0 0.514116
    outer loop
      vertex -4.73789 12.7 82.7787
      vertex -4.91729 0 82.4794
      vertex -4.73789 0 82.7787
    endloop
  endfacet
  facet normal -0.514091 0 0.857736
    outer loop
      vertex -6.19771 12.7 81.3189
      vertex -5.89839 0 81.4983
      vertex -5.89839 12.7 81.4983
    endloop
  endfacet
  facet normal -0.514091 0 0.857736
    outer loop
      vertex -5.89839 0 81.4983
      vertex -6.19771 12.7 81.3189
      vertex -6.19771 0 81.3189
    endloop
  endfacet
  facet normal -0.427541 0 0.903996
    outer loop
      vertex -6.51318 12.7 81.1697
      vertex -6.19771 0 81.3189
      vertex -6.19771 12.7 81.3189
    endloop
  endfacet
  facet normal -0.427541 0 0.903996
    outer loop
      vertex -6.19771 0 81.3189
      vertex -6.51318 12.7 81.1697
      vertex -6.51318 0 81.1697
    endloop
  endfacet
  facet normal -0.998796 0 -0.0490657
    outer loop
      vertex -4.318 0 90.805
      vertex -4.33512 12.7 91.1535
      vertex -4.318 12.7 90.805
    endloop
  endfacet
  facet normal -0.998796 -0 -0.0490657
    outer loop
      vertex -4.33512 12.7 91.1535
      vertex -4.318 0 90.805
      vertex -4.33512 0 91.1535
    endloop
  endfacet
  facet normal 0.989179 -0 0.146715
    outer loop
      vertex -13.4449 0 84.1065
      vertex -13.3937 12.7 83.7613
      vertex -13.4449 12.7 84.1065
    endloop
  endfacet
  facet normal 0.989179 0 0.146715
    outer loop
      vertex -13.3937 12.7 83.7613
      vertex -13.4449 0 84.1065
      vertex -13.3937 0 83.7613
    endloop
  endfacet
  facet normal 0.741067 0 -0.671431
    outer loop
      vertex -12.4205 0 93.3195
      vertex -12.6548 12.7 93.0609
      vertex -12.4205 12.7 93.3195
    endloop
  endfacet
  facet normal 0.741067 0 -0.671431
    outer loop
      vertex -12.6548 12.7 93.0609
      vertex -12.4205 0 93.3195
      vertex -12.6548 0 93.0609
    endloop
  endfacet
  facet normal -0.989175 0 0.146743
    outer loop
      vertex -4.38633 0 83.7613
      vertex -4.33512 12.7 84.1065
      vertex -4.38633 12.7 83.7613
    endloop
  endfacet
  facet normal -0.989175 0 0.146743
    outer loop
      vertex -4.33512 12.7 84.1065
      vertex -4.38633 0 83.7613
      vertex -4.33512 0 84.1065
    endloop
  endfacet
  facet normal -0.671474 0 0.741028
    outer loop
      vertex -5.6181 12.7 81.7062
      vertex -5.35953 0 81.9405
      vertex -5.35953 12.7 81.9405
    endloop
  endfacet
  facet normal -0.671474 0 0.741028
    outer loop
      vertex -5.35953 0 81.9405
      vertex -5.6181 12.7 81.7062
      vertex -5.6181 0 81.7062
    endloop
  endfacet
  facet normal 0.904012 0 -0.427507
    outer loop
      vertex -13.0421 0 92.4813
      vertex -13.1913 12.7 92.1658
      vertex -13.0421 12.7 92.4813
    endloop
  endfacet
  facet normal 0.904012 0 -0.427507
    outer loop
      vertex -13.1913 12.7 92.1658
      vertex -13.0421 0 92.4813
      vertex -13.1913 0 92.1658
    endloop
  endfacet
  facet normal -0.740982 0 0.671525
    outer loop
      vertex -5.35953 0 81.9405
      vertex -5.12517 12.7 82.1991
      vertex -5.35953 12.7 81.9405
    endloop
  endfacet
  facet normal -0.740982 0 0.671525
    outer loop
      vertex -5.12517 12.7 82.1991
      vertex -5.35953 0 81.9405
      vertex -5.12517 0 82.1991
    endloop
  endfacet
  facet normal 0.85772 -0 0.514116
    outer loop
      vertex -13.0421 0 82.7787
      vertex -12.8627 12.7 82.4794
      vertex -13.0421 12.7 82.7787
    endloop
  endfacet
  facet normal 0.85772 0 0.514116
    outer loop
      vertex -12.8627 12.7 82.4794
      vertex -13.0421 0 82.7787
      vertex -12.8627 0 82.4794
    endloop
  endfacet
  facet normal -0.427541 0 -0.903996
    outer loop
      vertex -6.51318 0 94.0903
      vertex -6.19771 12.7 93.9411
      vertex -6.19771 0 93.9411
    endloop
  endfacet
  facet normal -0.427541 0 -0.903996
    outer loop
      vertex -6.19771 12.7 93.9411
      vertex -6.51318 0 94.0903
      vertex -6.51318 12.7 94.0903
    endloop
  endfacet
endsolid OpenSCAD_Model
