solid OpenSCAD_Model
  facet normal 0.935883 -0.35231 0
    outer loop
      vertex -37.5583 58.5772 88.9
      vertex -37.2623 59.3635 1.90735e-07
      vertex -37.2623 59.3635 88.9
    endloop
  endfacet
  facet normal 0.935883 -0.35231 0
    outer loop
      vertex -37.2623 59.3635 1.90735e-07
      vertex -37.5583 58.5772 88.9
      vertex -37.5583 58.5772 1.90735e-07
    endloop
  endfacet
  facet normal -0.99519 -0.0979598 0
    outer loop
      vertex -12.5878 55.2898 1.90735e-07
      vertex -12.6701 56.1259 88.9
      vertex -12.6701 56.1259 1.90735e-07
    endloop
  endfacet
  facet normal -0.99519 -0.0979598 0
    outer loop
      vertex -12.6701 56.1259 88.9
      vertex -12.5878 55.2898 1.90735e-07
      vertex -12.5878 55.2898 88.9
    endloop
  endfacet
  facet normal -0.999466 -0.0326765 0
    outer loop
      vertex -12.5728 54.831 1.90735e-07
      vertex -12.5878 55.2898 88.9
      vertex -12.5878 55.2898 1.90735e-07
    endloop
  endfacet
  facet normal -0.999466 -0.0326765 0
    outer loop
      vertex -12.5878 55.2898 88.9
      vertex -12.5728 54.831 1.90735e-07
      vertex -12.5728 54.831 88.9
    endloop
  endfacet
  facet normal -0.935883 -0.35231 0
    outer loop
      vertex -13.2417 58.5772 1.90735e-07
      vertex -13.5377 59.3635 88.9
      vertex -13.5377 59.3635 1.90735e-07
    endloop
  endfacet
  facet normal -0.935883 -0.35231 0
    outer loop
      vertex -13.5377 59.3635 88.9
      vertex -13.2417 58.5772 1.90735e-07
      vertex -13.2417 58.5772 88.9
    endloop
  endfacet
  facet normal -0.910908 -0.41261 0
    outer loop
      vertex -13.5377 59.3635 1.90735e-07
      vertex -13.8844 60.1289 88.9
      vertex -13.8844 60.1289 1.90735e-07
    endloop
  endfacet
  facet normal -0.910908 -0.41261 0
    outer loop
      vertex -13.8844 60.1289 88.9
      vertex -13.5377 59.3635 1.90735e-07
      vertex -13.5377 59.3635 88.9
    endloop
  endfacet
  facet normal -0.812824 -0.58251 0
    outer loop
      vertex -14.7242 61.5834 1.90735e-07
      vertex -15.2136 62.2663 88.9
      vertex -15.2136 62.2663 1.90735e-07
    endloop
  endfacet
  facet normal -0.812824 -0.58251 0
    outer loop
      vertex -15.2136 62.2663 88.9
      vertex -14.7242 61.5834 1.90735e-07
      vertex -14.7242 61.5834 88.9
    endloop
  endfacet
  facet normal 0.881908 -0.471422 0
    outer loop
      vertex -36.9156 60.1289 88.9
      vertex -36.5195 60.8699 1.90735e-07
      vertex -36.5195 60.8699 88.9
    endloop
  endfacet
  facet normal 0.881908 -0.471422 0
    outer loop
      vertex -36.5195 60.8699 1.90735e-07
      vertex -36.9156 60.1289 88.9
      vertex -36.9156 60.1289 1.90735e-07
    endloop
  endfacet
  facet normal 0.999466 -0.0326765 0
    outer loop
      vertex -38.2272 54.831 88.9
      vertex -38.2122 55.2898 1.90735e-07
      vertex -38.2122 55.2898 88.9
    endloop
  endfacet
  facet normal 0.999466 -0.0326765 0
    outer loop
      vertex -38.2122 55.2898 1.90735e-07
      vertex -38.2272 54.831 88.9
      vertex -38.2272 54.831 1.90735e-07
    endloop
  endfacet
  facet normal 0.849193 -0.528083 0
    outer loop
      vertex -36.5195 60.8699 88.9
      vertex -36.0758 61.5834 1.90735e-07
      vertex -36.0758 61.5834 88.9
    endloop
  endfacet
  facet normal 0.849193 -0.528083 0
    outer loop
      vertex -36.0758 61.5834 1.90735e-07
      vertex -36.5195 60.8699 88.9
      vertex -36.5195 60.8699 1.90735e-07
    endloop
  endfacet
  facet normal 0.973877 -0.227075 0
    outer loop
      vertex -37.993 56.9549 88.9
      vertex -37.8022 57.7732 1.90735e-07
      vertex -37.8022 57.7732 88.9
    endloop
  endfacet
  facet normal 0.973877 -0.227075 0
    outer loop
      vertex -37.8022 57.7732 1.90735e-07
      vertex -37.993 56.9549 88.9
      vertex -37.993 56.9549 1.90735e-07
    endloop
  endfacet
  facet normal -0.956937 -0.290295 0
    outer loop
      vertex -12.9978 57.7732 1.90735e-07
      vertex -13.2417 58.5772 88.9
      vertex -13.2417 58.5772 1.90735e-07
    endloop
  endfacet
  facet normal -0.956937 -0.290295 0
    outer loop
      vertex -13.2417 58.5772 88.9
      vertex -12.9978 57.7732 1.90735e-07
      vertex -12.9978 57.7732 88.9
    endloop
  endfacet
  facet normal -0.729819 -0.68364 0
    outer loop
      vertex -15.7466 62.9158 1.90735e-07
      vertex -16.321 63.529 88.9
      vertex -16.321 63.529 1.90735e-07
    endloop
  endfacet
  facet normal -0.729819 -0.68364 0
    outer loop
      vertex -16.321 63.529 88.9
      vertex -15.7466 62.9158 1.90735e-07
      vertex -15.7466 62.9158 88.9
    endloop
  endfacet
  facet normal -0.683694 -0.729768 0
    outer loop
      vertex -16.7835 63.9623 1.90735e-07
      vertex -16.321 63.529 88.9
      vertex -16.7835 63.9623 88.9
    endloop
  endfacet
  facet normal -0.683694 -0.729768 -0
    outer loop
      vertex -16.321 63.529 88.9
      vertex -16.7835 63.9623 1.90735e-07
      vertex -16.321 63.529 1.90735e-07
    endloop
  endfacet
  facet normal -0.849193 -0.528083 0
    outer loop
      vertex -14.2805 60.8699 1.90735e-07
      vertex -14.7242 61.5834 88.9
      vertex -14.7242 61.5834 1.90735e-07
    endloop
  endfacet
  facet normal -0.849193 -0.528083 0
    outer loop
      vertex -14.7242 61.5834 88.9
      vertex -14.2805 60.8699 1.90735e-07
      vertex -14.2805 60.8699 88.9
    endloop
  endfacet
  facet normal 0.986637 -0.162932 0
    outer loop
      vertex -38.1299 56.1259 88.9
      vertex -37.993 56.9549 1.90735e-07
      vertex -37.993 56.9549 88.9
    endloop
  endfacet
  facet normal 0.986637 -0.162932 0
    outer loop
      vertex -37.993 56.9549 1.90735e-07
      vertex -38.1299 56.1259 88.9
      vertex -38.1299 56.1259 1.90735e-07
    endloop
  endfacet
  facet normal -0.773028 -0.634371 0
    outer loop
      vertex -15.2136 62.2663 1.90735e-07
      vertex -15.7466 62.9158 88.9
      vertex -15.7466 62.9158 1.90735e-07
    endloop
  endfacet
  facet normal -0.773028 -0.634371 0
    outer loop
      vertex -15.7466 62.9158 88.9
      vertex -15.2136 62.2663 1.90735e-07
      vertex -15.2136 62.2663 88.9
    endloop
  endfacet
  facet normal -0.973877 -0.227075 0
    outer loop
      vertex -12.807 56.9549 1.90735e-07
      vertex -12.9978 57.7732 88.9
      vertex -12.9978 57.7732 1.90735e-07
    endloop
  endfacet
  facet normal -0.973877 -0.227075 0
    outer loop
      vertex -12.9978 57.7732 88.9
      vertex -12.807 56.9549 1.90735e-07
      vertex -12.807 56.9549 88.9
    endloop
  endfacet
  facet normal 0.956937 -0.290295 0
    outer loop
      vertex -37.8022 57.7732 88.9
      vertex -37.5583 58.5772 1.90735e-07
      vertex -37.5583 58.5772 88.9
    endloop
  endfacet
  facet normal 0.956937 -0.290295 0
    outer loop
      vertex -37.5583 58.5772 1.90735e-07
      vertex -37.8022 57.7732 88.9
      vertex -37.8022 57.7732 1.90735e-07
    endloop
  endfacet
  facet normal -0.881908 -0.471422 0
    outer loop
      vertex -13.8844 60.1289 1.90735e-07
      vertex -14.2805 60.8699 88.9
      vertex -14.2805 60.8699 1.90735e-07
    endloop
  endfacet
  facet normal -0.881908 -0.471422 0
    outer loop
      vertex -14.2805 60.8699 88.9
      vertex -13.8844 60.1289 1.90735e-07
      vertex -13.8844 60.1289 88.9
    endloop
  endfacet
  facet normal -0.986637 -0.162932 0
    outer loop
      vertex -12.6701 56.1259 1.90735e-07
      vertex -12.807 56.9549 88.9
      vertex -12.807 56.9549 1.90735e-07
    endloop
  endfacet
  facet normal -0.986637 -0.162932 0
    outer loop
      vertex -12.807 56.9549 88.9
      vertex -12.6701 56.1259 1.90735e-07
      vertex -12.6701 56.1259 88.9
    endloop
  endfacet
  facet normal 0.683694 -0.729768 0
    outer loop
      vertex -34.479 63.529 1.90735e-07
      vertex -34.0165 63.9623 88.9
      vertex -34.479 63.529 88.9
    endloop
  endfacet
  facet normal 0.683694 -0.729768 0
    outer loop
      vertex -34.0165 63.9623 88.9
      vertex -34.479 63.529 1.90735e-07
      vertex -34.0165 63.9623 1.90735e-07
    endloop
  endfacet
  facet normal 0.729819 -0.68364 0
    outer loop
      vertex -35.0534 62.9158 88.9
      vertex -34.479 63.529 1.90735e-07
      vertex -34.479 63.529 88.9
    endloop
  endfacet
  facet normal 0.729819 -0.68364 0
    outer loop
      vertex -34.479 63.529 1.90735e-07
      vertex -35.0534 62.9158 88.9
      vertex -35.0534 62.9158 1.90735e-07
    endloop
  endfacet
  facet normal 0.99519 -0.0979598 0
    outer loop
      vertex -38.2122 55.2898 88.9
      vertex -38.1299 56.1259 1.90735e-07
      vertex -38.1299 56.1259 88.9
    endloop
  endfacet
  facet normal 0.99519 -0.0979598 0
    outer loop
      vertex -38.1299 56.1259 1.90735e-07
      vertex -38.2122 55.2898 88.9
      vertex -38.2122 55.2898 1.90735e-07
    endloop
  endfacet
  facet normal 0.773028 -0.634371 0
    outer loop
      vertex -35.5864 62.2663 88.9
      vertex -35.0534 62.9158 1.90735e-07
      vertex -35.0534 62.9158 88.9
    endloop
  endfacet
  facet normal 0.773028 -0.634371 0
    outer loop
      vertex -35.0534 62.9158 1.90735e-07
      vertex -35.5864 62.2663 88.9
      vertex -35.5864 62.2663 1.90735e-07
    endloop
  endfacet
  facet normal 0.812824 -0.58251 0
    outer loop
      vertex -36.0758 61.5834 88.9
      vertex -35.5864 62.2663 1.90735e-07
      vertex -35.5864 62.2663 88.9
    endloop
  endfacet
  facet normal 0.812824 -0.58251 0
    outer loop
      vertex -35.5864 62.2663 1.90735e-07
      vertex -36.0758 61.5834 88.9
      vertex -36.0758 61.5834 1.90735e-07
    endloop
  endfacet
  facet normal 0.910908 -0.41261 0
    outer loop
      vertex -37.2623 59.3635 88.9
      vertex -36.9156 60.1289 1.90735e-07
      vertex -36.9156 60.1289 88.9
    endloop
  endfacet
  facet normal 0.910908 -0.41261 0
    outer loop
      vertex -36.9156 60.1289 1.90735e-07
      vertex -37.2623 59.3635 88.9
      vertex -37.2623 59.3635 1.90735e-07
    endloop
  endfacet
  facet normal 0 -1 0
    outer loop
      vertex -34.0165 63.9623 1.90735e-07
      vertex -16.7835 63.9623 88.9
      vertex -34.0165 63.9623 88.9
    endloop
  endfacet
  facet normal 0 -1 -0
    outer loop
      vertex -16.7835 63.9623 88.9
      vertex -34.0165 63.9623 1.90735e-07
      vertex -16.7835 63.9623 1.90735e-07
    endloop
  endfacet
  facet normal 0 0 1
    outer loop
      vertex -52.2252 90.3899 7.62
      vertex -52.451 90.1642 7.62
      vertex -52.2252 77.1423 7.62
    endloop
  endfacet
  facet normal 0 0 1
    outer loop
      vertex -52.2252 90.3899 7.62
      vertex -53.467 90.1642 7.62
      vertex -52.451 90.1642 7.62
    endloop
  endfacet
  facet normal -0 0 1
    outer loop
      vertex -53.6928 90.3899 7.62
      vertex -53.467 90.1642 7.62
      vertex -52.2252 90.3899 7.62
    endloop
  endfacet
  facet normal 0 0 1
    outer loop
      vertex -53.6928 54.831 7.62
      vertex -53.467 90.1642 7.62
      vertex -53.6928 90.3899 7.62
    endloop
  endfacet
  facet normal 0 0 1
    outer loop
      vertex -53.467 90.1642 7.62
      vertex -53.6928 54.831 7.62
      vertex -53.467 54.831 7.62
    endloop
  endfacet
  facet normal 0 0 1
    outer loop
      vertex -5.61623 79.029 7.62
      vertex -5.842 78.8557 7.62
      vertex -5.61623 54.831 7.62
    endloop
  endfacet
  facet normal 0 0 1
    outer loop
      vertex -25.4 84.3301 7.62
      vertex -5.842 78.8557 7.62
      vertex -5.61623 79.029 7.62
    endloop
  endfacet
  facet normal 0 0 1
    outer loop
      vertex -25.4 84.3301 7.62
      vertex -25.4 84.0963 7.62
      vertex -5.842 78.8557 7.62
    endloop
  endfacet
  facet normal 0 0 1
    outer loop
      vertex -52.2252 77.1423 7.62
      vertex -25.4 84.0963 7.62
      vertex -25.4 84.3301 7.62
    endloop
  endfacet
  facet normal -0 0 1
    outer loop
      vertex -52.2252 77.1423 7.62
      vertex -52.451 76.848 7.62
      vertex -25.4 84.0963 7.62
    endloop
  endfacet
  facet normal 0 0 1
    outer loop
      vertex -52.451 76.848 7.62
      vertex -52.2252 77.1423 7.62
      vertex -52.451 90.1642 7.62
    endloop
  endfacet
  facet normal 0 0 1
    outer loop
      vertex -5.61623 54.831 7.62
      vertex -5.842 78.8557 7.62
      vertex -5.842 54.831 7.62
    endloop
  endfacet
  facet normal 0 0 -1
    outer loop
      vertex -53.467 54.831 10.16
      vertex -53.6928 54.831 10.16
      vertex -53.467 90.1642 10.16
    endloop
  endfacet
  facet normal 0 0 -1
    outer loop
      vertex -5.842 78.8557 10.16
      vertex -5.61623 54.831 10.16
      vertex -5.842 54.831 10.16
    endloop
  endfacet
  facet normal 0 0 -1
    outer loop
      vertex -5.61623 54.831 10.16
      vertex -5.842 78.8557 10.16
      vertex -5.61623 79.029 10.16
    endloop
  endfacet
  facet normal 0 0 -1
    outer loop
      vertex -25.4 84.3301 10.16
      vertex -5.842 78.8557 10.16
      vertex -25.4 84.0963 10.16
    endloop
  endfacet
  facet normal 0 0 -1
    outer loop
      vertex -5.842 78.8557 10.16
      vertex -25.4 84.3301 10.16
      vertex -5.61623 79.029 10.16
    endloop
  endfacet
  facet normal -0 0 -1
    outer loop
      vertex -25.4 84.0963 10.16
      vertex -52.2252 77.1423 10.16
      vertex -25.4 84.3301 10.16
    endloop
  endfacet
  facet normal 0 0 -1
    outer loop
      vertex -52.451 76.848 10.16
      vertex -52.2252 77.1423 10.16
      vertex -25.4 84.0963 10.16
    endloop
  endfacet
  facet normal 0 0 -1
    outer loop
      vertex -52.451 90.1642 10.16
      vertex -52.2252 77.1423 10.16
      vertex -52.451 76.848 10.16
    endloop
  endfacet
  facet normal 0 0 -1
    outer loop
      vertex -52.2252 77.1423 10.16
      vertex -52.451 90.1642 10.16
      vertex -52.2252 90.3899 10.16
    endloop
  endfacet
  facet normal 0 0 -1
    outer loop
      vertex -53.467 90.1642 10.16
      vertex -52.2252 90.3899 10.16
      vertex -52.451 90.1642 10.16
    endloop
  endfacet
  facet normal 0 0 -1
    outer loop
      vertex -53.467 90.1642 10.16
      vertex -53.6928 90.3899 10.16
      vertex -52.2252 90.3899 10.16
    endloop
  endfacet
  facet normal 0 0 -1
    outer loop
      vertex -53.6928 90.3899 10.16
      vertex -53.467 90.1642 10.16
      vertex -53.6928 54.831 10.16
    endloop
  endfacet
  facet normal -1 0 0
    outer loop
      vertex -53.467 54.831 7.62
      vertex -53.467 90.1642 10.16
      vertex -53.467 90.1642 7.62
    endloop
  endfacet
  facet normal -1 -0 0
    outer loop
      vertex -53.467 90.1642 10.16
      vertex -53.467 54.831 7.62
      vertex -53.467 54.831 10.16
    endloop
  endfacet
  facet normal 0 1 -0
    outer loop
      vertex -52.451 90.1642 7.62
      vertex -53.467 90.1642 10.16
      vertex -52.451 90.1642 10.16
    endloop
  endfacet
  facet normal 0 1 0
    outer loop
      vertex -53.467 90.1642 10.16
      vertex -52.451 90.1642 7.62
      vertex -53.467 90.1642 7.62
    endloop
  endfacet
  facet normal 1 -0 0
    outer loop
      vertex -52.451 76.848 10.16
      vertex -52.451 90.1642 7.62
      vertex -52.451 90.1642 10.16
    endloop
  endfacet
  facet normal 1 0 0
    outer loop
      vertex -52.451 90.1642 7.62
      vertex -52.451 76.848 10.16
      vertex -52.451 76.848 7.62
    endloop
  endfacet
  facet normal -0.258819 0.965926 0
    outer loop
      vertex -25.4 84.0963 7.62
      vertex -52.451 76.848 10.16
      vertex -25.4 84.0963 10.16
    endloop
  endfacet
  facet normal -0.258819 0.965926 0
    outer loop
      vertex -52.451 76.848 10.16
      vertex -25.4 84.0963 7.62
      vertex -52.451 76.848 7.62
    endloop
  endfacet
  facet normal 0.258821 0.965925 -0
    outer loop
      vertex -5.842 78.8557 7.62
      vertex -25.4 84.0963 10.16
      vertex -5.842 78.8557 10.16
    endloop
  endfacet
  facet normal 0.258821 0.965925 0
    outer loop
      vertex -25.4 84.0963 10.16
      vertex -5.842 78.8557 7.62
      vertex -25.4 84.0963 7.62
    endloop
  endfacet
  facet normal 1 -0 0
    outer loop
      vertex -5.842 54.831 10.16
      vertex -5.842 78.8557 7.62
      vertex -5.842 78.8557 10.16
    endloop
  endfacet
  facet normal 1 0 0
    outer loop
      vertex -5.842 78.8557 7.62
      vertex -5.842 54.831 10.16
      vertex -5.842 54.831 7.62
    endloop
  endfacet
  facet normal 0 0 1
    outer loop
      vertex -51.9994 90.6157 7.39422
      vertex -52.2252 90.3899 7.39422
      vertex -51.9994 77.4365 7.39422
    endloop
  endfacet
  facet normal 0 0 1
    outer loop
      vertex -51.9994 90.6157 7.39422
      vertex -53.6928 90.3899 7.39422
      vertex -52.2252 90.3899 7.39422
    endloop
  endfacet
  facet normal -0 0 1
    outer loop
      vertex -53.9185 90.6157 7.39422
      vertex -53.6928 90.3899 7.39422
      vertex -51.9994 90.6157 7.39422
    endloop
  endfacet
  facet normal 0 0 1
    outer loop
      vertex -53.9185 54.831 7.39422
      vertex -53.6928 90.3899 7.39422
      vertex -53.9185 90.6157 7.39422
    endloop
  endfacet
  facet normal 0 0 1
    outer loop
      vertex -53.6928 90.3899 7.39422
      vertex -53.9185 54.831 7.39422
      vertex -53.6928 54.831 7.39422
    endloop
  endfacet
  facet normal 0 0 1
    outer loop
      vertex -5.39044 79.2022 7.39422
      vertex -5.61623 79.029 7.39422
      vertex -5.39044 54.831 7.39422
    endloop
  endfacet
  facet normal 0 0 1
    outer loop
      vertex -25.4 84.5638 7.39422
      vertex -5.61623 79.029 7.39422
      vertex -5.39044 79.2022 7.39422
    endloop
  endfacet
  facet normal 0 0 1
    outer loop
      vertex -25.4 84.5638 7.39422
      vertex -25.4 84.3301 7.39422
      vertex -5.61623 79.029 7.39422
    endloop
  endfacet
  facet normal 0 0 1
    outer loop
      vertex -51.9994 77.4365 7.39422
      vertex -25.4 84.3301 7.39422
      vertex -25.4 84.5638 7.39422
    endloop
  endfacet
  facet normal -0 0 1
    outer loop
      vertex -51.9994 77.4365 7.39422
      vertex -52.2252 77.1423 7.39422
      vertex -25.4 84.3301 7.39422
    endloop
  endfacet
  facet normal 0 0 1
    outer loop
      vertex -52.2252 77.1423 7.39422
      vertex -51.9994 77.4365 7.39422
      vertex -52.2252 90.3899 7.39422
    endloop
  endfacet
  facet normal 0 0 1
    outer loop
      vertex -5.39044 54.831 7.39422
      vertex -5.61623 79.029 7.39422
      vertex -5.61623 54.831 7.39422
    endloop
  endfacet
  facet normal 0 0 -1
    outer loop
      vertex -53.6928 54.831 10.3858
      vertex -53.9185 54.831 10.3858
      vertex -53.6928 90.3899 10.3858
    endloop
  endfacet
  facet normal 0 0 -1
    outer loop
      vertex -5.61623 79.029 10.3858
      vertex -5.39044 54.831 10.3858
      vertex -5.61623 54.831 10.3858
    endloop
  endfacet
  facet normal 0 0 -1
    outer loop
      vertex -5.39044 54.831 10.3858
      vertex -5.61623 79.029 10.3858
      vertex -5.39044 79.2022 10.3858
    endloop
  endfacet
  facet normal 0 0 -1
    outer loop
      vertex -25.4 84.5638 10.3858
      vertex -5.61623 79.029 10.3858
      vertex -25.4 84.3301 10.3858
    endloop
  endfacet
  facet normal 0 0 -1
    outer loop
      vertex -5.61623 79.029 10.3858
      vertex -25.4 84.5638 10.3858
      vertex -5.39044 79.2022 10.3858
    endloop
  endfacet
  facet normal -0 0 -1
    outer loop
      vertex -25.4 84.3301 10.3858
      vertex -51.9994 77.4365 10.3858
      vertex -25.4 84.5638 10.3858
    endloop
  endfacet
  facet normal 0 0 -1
    outer loop
      vertex -52.2252 77.1423 10.3858
      vertex -51.9994 77.4365 10.3858
      vertex -25.4 84.3301 10.3858
    endloop
  endfacet
  facet normal 0 0 -1
    outer loop
      vertex -52.2252 90.3899 10.3858
      vertex -51.9994 77.4365 10.3858
      vertex -52.2252 77.1423 10.3858
    endloop
  endfacet
  facet normal 0 0 -1
    outer loop
      vertex -51.9994 77.4365 10.3858
      vertex -52.2252 90.3899 10.3858
      vertex -51.9994 90.6157 10.3858
    endloop
  endfacet
  facet normal 0 0 -1
    outer loop
      vertex -53.6928 90.3899 10.3858
      vertex -51.9994 90.6157 10.3858
      vertex -52.2252 90.3899 10.3858
    endloop
  endfacet
  facet normal 0 0 -1
    outer loop
      vertex -53.6928 90.3899 10.3858
      vertex -53.9185 90.6157 10.3858
      vertex -51.9994 90.6157 10.3858
    endloop
  endfacet
  facet normal 0 0 -1
    outer loop
      vertex -53.9185 90.6157 10.3858
      vertex -53.6928 90.3899 10.3858
      vertex -53.9185 54.831 10.3858
    endloop
  endfacet
  facet normal -1 0 0
    outer loop
      vertex -53.6928 54.831 7.39422
      vertex -53.6928 90.3899 7.62
      vertex -53.6928 90.3899 7.39422
    endloop
  endfacet
  facet normal -1 -0 0
    outer loop
      vertex -53.6928 90.3899 7.62
      vertex -53.6928 54.831 7.39422
      vertex -53.6928 54.831 7.62
    endloop
  endfacet
  facet normal -1 0 0
    outer loop
      vertex -53.6928 54.831 10.16
      vertex -53.6928 90.3899 10.3858
      vertex -53.6928 90.3899 10.16
    endloop
  endfacet
  facet normal -1 -0 0
    outer loop
      vertex -53.6928 90.3899 10.3858
      vertex -53.6928 54.831 10.16
      vertex -53.6928 54.831 10.3858
    endloop
  endfacet
  facet normal 0 1 -0
    outer loop
      vertex -52.2252 90.3899 7.39422
      vertex -53.6928 90.3899 7.62
      vertex -52.2252 90.3899 7.62
    endloop
  endfacet
  facet normal 0 1 0
    outer loop
      vertex -53.6928 90.3899 7.62
      vertex -52.2252 90.3899 7.39422
      vertex -53.6928 90.3899 7.39422
    endloop
  endfacet
  facet normal 0 1 -0
    outer loop
      vertex -52.2252 90.3899 10.16
      vertex -53.6928 90.3899 10.3858
      vertex -52.2252 90.3899 10.3858
    endloop
  endfacet
  facet normal 0 1 0
    outer loop
      vertex -53.6928 90.3899 10.3858
      vertex -52.2252 90.3899 10.16
      vertex -53.6928 90.3899 10.16
    endloop
  endfacet
  facet normal 1 -0 0
    outer loop
      vertex -52.2252 77.1423 7.62
      vertex -52.2252 90.3899 7.39422
      vertex -52.2252 90.3899 7.62
    endloop
  endfacet
  facet normal 1 0 0
    outer loop
      vertex -52.2252 90.3899 7.39422
      vertex -52.2252 77.1423 7.62
      vertex -52.2252 77.1423 7.39422
    endloop
  endfacet
  facet normal 1 -0 0
    outer loop
      vertex -52.2252 77.1423 10.3858
      vertex -52.2252 90.3899 10.16
      vertex -52.2252 90.3899 10.3858
    endloop
  endfacet
  facet normal 1 0 0
    outer loop
      vertex -52.2252 90.3899 10.16
      vertex -52.2252 77.1423 10.3858
      vertex -52.2252 77.1423 10.16
    endloop
  endfacet
  facet normal -0.258819 0.965926 0
    outer loop
      vertex -25.4 84.3301 7.39422
      vertex -52.2252 77.1423 7.62
      vertex -25.4 84.3301 7.62
    endloop
  endfacet
  facet normal -0.258819 0.965926 0
    outer loop
      vertex -52.2252 77.1423 7.62
      vertex -25.4 84.3301 7.39422
      vertex -52.2252 77.1423 7.39422
    endloop
  endfacet
  facet normal -0.258819 0.965926 0
    outer loop
      vertex -25.4 84.3301 10.16
      vertex -52.2252 77.1423 10.3858
      vertex -25.4 84.3301 10.3858
    endloop
  endfacet
  facet normal -0.258819 0.965926 0
    outer loop
      vertex -52.2252 77.1423 10.3858
      vertex -25.4 84.3301 10.16
      vertex -52.2252 77.1423 10.16
    endloop
  endfacet
  facet normal 0.258822 0.965925 -0
    outer loop
      vertex -5.61623 79.029 7.39422
      vertex -25.4 84.3301 7.62
      vertex -5.61623 79.029 7.62
    endloop
  endfacet
  facet normal 0.258822 0.965925 0
    outer loop
      vertex -25.4 84.3301 7.62
      vertex -5.61623 79.029 7.39422
      vertex -25.4 84.3301 7.39422
    endloop
  endfacet
  facet normal 0.258822 0.965925 -0
    outer loop
      vertex -5.61623 79.029 10.16
      vertex -25.4 84.3301 10.3858
      vertex -5.61623 79.029 10.3858
    endloop
  endfacet
  facet normal 0.258822 0.965925 0
    outer loop
      vertex -25.4 84.3301 10.3858
      vertex -5.61623 79.029 10.16
      vertex -25.4 84.3301 10.16
    endloop
  endfacet
  facet normal 1 -0 0
    outer loop
      vertex -5.61623 54.831 7.62
      vertex -5.61623 79.029 7.39422
      vertex -5.61623 79.029 7.62
    endloop
  endfacet
  facet normal 1 0 0
    outer loop
      vertex -5.61623 79.029 7.39422
      vertex -5.61623 54.831 7.62
      vertex -5.61623 54.831 7.39422
    endloop
  endfacet
  facet normal 1 -0 0
    outer loop
      vertex -5.61623 54.831 10.3858
      vertex -5.61623 79.029 10.16
      vertex -5.61623 79.029 10.3858
    endloop
  endfacet
  facet normal 1 0 0
    outer loop
      vertex -5.61623 79.029 10.16
      vertex -5.61623 54.831 10.3858
      vertex -5.61623 54.831 10.16
    endloop
  endfacet
  facet normal 0 0 1
    outer loop
      vertex -51.7737 90.8415 7.16844
      vertex -51.9994 90.6157 7.16844
      vertex -51.7737 77.7307 7.16844
    endloop
  endfacet
  facet normal 0 0 1
    outer loop
      vertex -51.7737 90.8415 7.16844
      vertex -53.9185 90.6157 7.16844
      vertex -51.9994 90.6157 7.16844
    endloop
  endfacet
  facet normal -0 0 1
    outer loop
      vertex -54.1443 90.8415 7.16844
      vertex -53.9185 90.6157 7.16844
      vertex -51.7737 90.8415 7.16844
    endloop
  endfacet
  facet normal 0 0 1
    outer loop
      vertex -54.1443 54.831 7.16844
      vertex -53.9185 90.6157 7.16844
      vertex -54.1443 90.8415 7.16844
    endloop
  endfacet
  facet normal 0 0 1
    outer loop
      vertex -53.9185 90.6157 7.16844
      vertex -54.1443 54.831 7.16844
      vertex -53.9185 54.831 7.16844
    endloop
  endfacet
  facet normal 0 0 1
    outer loop
      vertex -5.16466 79.3755 7.16844
      vertex -5.39044 79.2022 7.16844
      vertex -5.16466 54.831 7.16844
    endloop
  endfacet
  facet normal 0 0 1
    outer loop
      vertex -25.4 84.7975 7.16844
      vertex -5.39044 79.2022 7.16844
      vertex -5.16466 79.3755 7.16844
    endloop
  endfacet
  facet normal 0 0 1
    outer loop
      vertex -25.4 84.7975 7.16844
      vertex -25.4 84.5638 7.16844
      vertex -5.39044 79.2022 7.16844
    endloop
  endfacet
  facet normal 0 0 1
    outer loop
      vertex -51.7737 77.7307 7.16844
      vertex -25.4 84.5638 7.16844
      vertex -25.4 84.7975 7.16844
    endloop
  endfacet
  facet normal -0 0 1
    outer loop
      vertex -51.7737 77.7307 7.16844
      vertex -51.9994 77.4365 7.16844
      vertex -25.4 84.5638 7.16844
    endloop
  endfacet
  facet normal 0 0 1
    outer loop
      vertex -51.9994 77.4365 7.16844
      vertex -51.7737 77.7307 7.16844
      vertex -51.9994 90.6157 7.16844
    endloop
  endfacet
  facet normal 0 0 1
    outer loop
      vertex -5.16466 54.831 7.16844
      vertex -5.39044 79.2022 7.16844
      vertex -5.39044 54.831 7.16844
    endloop
  endfacet
  facet normal 0 0 -1
    outer loop
      vertex -53.9185 54.831 10.6116
      vertex -54.1443 54.831 10.6116
      vertex -53.9185 90.6157 10.6116
    endloop
  endfacet
  facet normal 0 0 -1
    outer loop
      vertex -5.39044 79.2022 10.6116
      vertex -5.16466 54.831 10.6116
      vertex -5.39044 54.831 10.6116
    endloop
  endfacet
  facet normal 0 0 -1
    outer loop
      vertex -5.16466 54.831 10.6116
      vertex -5.39044 79.2022 10.6116
      vertex -5.16466 79.3755 10.6116
    endloop
  endfacet
  facet normal 0 0 -1
    outer loop
      vertex -25.4 84.7975 10.6116
      vertex -5.39044 79.2022 10.6116
      vertex -25.4 84.5638 10.6116
    endloop
  endfacet
  facet normal 0 0 -1
    outer loop
      vertex -5.39044 79.2022 10.6116
      vertex -25.4 84.7975 10.6116
      vertex -5.16466 79.3755 10.6116
    endloop
  endfacet
  facet normal -0 0 -1
    outer loop
      vertex -25.4 84.5638 10.6116
      vertex -51.7737 77.7307 10.6116
      vertex -25.4 84.7975 10.6116
    endloop
  endfacet
  facet normal 0 0 -1
    outer loop
      vertex -51.9994 77.4365 10.6116
      vertex -51.7737 77.7307 10.6116
      vertex -25.4 84.5638 10.6116
    endloop
  endfacet
  facet normal 0 0 -1
    outer loop
      vertex -51.9994 90.6157 10.6116
      vertex -51.7737 77.7307 10.6116
      vertex -51.9994 77.4365 10.6116
    endloop
  endfacet
  facet normal 0 0 -1
    outer loop
      vertex -51.7737 77.7307 10.6116
      vertex -51.9994 90.6157 10.6116
      vertex -51.7737 90.8415 10.6116
    endloop
  endfacet
  facet normal 0 0 -1
    outer loop
      vertex -53.9185 90.6157 10.6116
      vertex -51.7737 90.8415 10.6116
      vertex -51.9994 90.6157 10.6116
    endloop
  endfacet
  facet normal 0 0 -1
    outer loop
      vertex -53.9185 90.6157 10.6116
      vertex -54.1443 90.8415 10.6116
      vertex -51.7737 90.8415 10.6116
    endloop
  endfacet
  facet normal 0 0 -1
    outer loop
      vertex -54.1443 90.8415 10.6116
      vertex -53.9185 90.6157 10.6116
      vertex -54.1443 54.831 10.6116
    endloop
  endfacet
  facet normal -1 0 0
    outer loop
      vertex -53.9185 54.831 7.16844
      vertex -53.9185 90.6157 7.39422
      vertex -53.9185 90.6157 7.16844
    endloop
  endfacet
  facet normal -1 -0 0
    outer loop
      vertex -53.9185 90.6157 7.39422
      vertex -53.9185 54.831 7.16844
      vertex -53.9185 54.831 7.39422
    endloop
  endfacet
  facet normal -1 0 0
    outer loop
      vertex -53.9185 54.831 10.3858
      vertex -53.9185 90.6157 10.6116
      vertex -53.9185 90.6157 10.3858
    endloop
  endfacet
  facet normal -1 -0 0
    outer loop
      vertex -53.9185 90.6157 10.6116
      vertex -53.9185 54.831 10.3858
      vertex -53.9185 54.831 10.6116
    endloop
  endfacet
  facet normal 0 1 -0
    outer loop
      vertex -51.9994 90.6157 7.16844
      vertex -53.9185 90.6157 7.39422
      vertex -51.9994 90.6157 7.39422
    endloop
  endfacet
  facet normal 0 1 0
    outer loop
      vertex -53.9185 90.6157 7.39422
      vertex -51.9994 90.6157 7.16844
      vertex -53.9185 90.6157 7.16844
    endloop
  endfacet
  facet normal 0 1 -0
    outer loop
      vertex -51.9994 90.6157 10.3858
      vertex -53.9185 90.6157 10.6116
      vertex -51.9994 90.6157 10.6116
    endloop
  endfacet
  facet normal 0 1 0
    outer loop
      vertex -53.9185 90.6157 10.6116
      vertex -51.9994 90.6157 10.3858
      vertex -53.9185 90.6157 10.3858
    endloop
  endfacet
  facet normal 1 -0 0
    outer loop
      vertex -51.9994 77.4365 7.39422
      vertex -51.9994 90.6157 7.16844
      vertex -51.9994 90.6157 7.39422
    endloop
  endfacet
  facet normal 1 0 0
    outer loop
      vertex -51.9994 90.6157 7.16844
      vertex -51.9994 77.4365 7.39422
      vertex -51.9994 77.4365 7.16844
    endloop
  endfacet
  facet normal 1 -0 0
    outer loop
      vertex -51.9994 77.4365 10.6116
      vertex -51.9994 90.6157 10.3858
      vertex -51.9994 90.6157 10.6116
    endloop
  endfacet
  facet normal 1 0 0
    outer loop
      vertex -51.9994 90.6157 10.3858
      vertex -51.9994 77.4365 10.6116
      vertex -51.9994 77.4365 10.3858
    endloop
  endfacet
  facet normal -0.258819 0.965926 0
    outer loop
      vertex -25.4 84.5638 7.16844
      vertex -51.9994 77.4365 7.39422
      vertex -25.4 84.5638 7.39422
    endloop
  endfacet
  facet normal -0.258819 0.965926 0
    outer loop
      vertex -51.9994 77.4365 7.39422
      vertex -25.4 84.5638 7.16844
      vertex -51.9994 77.4365 7.16844
    endloop
  endfacet
  facet normal -0.258819 0.965926 0
    outer loop
      vertex -25.4 84.5638 10.3858
      vertex -51.9994 77.4365 10.6116
      vertex -25.4 84.5638 10.6116
    endloop
  endfacet
  facet normal -0.258819 0.965926 0
    outer loop
      vertex -51.9994 77.4365 10.6116
      vertex -25.4 84.5638 10.3858
      vertex -51.9994 77.4365 10.3858
    endloop
  endfacet
  facet normal 0.258822 0.965925 -0
    outer loop
      vertex -5.39044 79.2022 7.16844
      vertex -25.4 84.5638 7.39422
      vertex -5.39044 79.2022 7.39422
    endloop
  endfacet
  facet normal 0.258822 0.965925 0
    outer loop
      vertex -25.4 84.5638 7.39422
      vertex -5.39044 79.2022 7.16844
      vertex -25.4 84.5638 7.16844
    endloop
  endfacet
  facet normal 0.258822 0.965925 -0
    outer loop
      vertex -5.39044 79.2022 10.3858
      vertex -25.4 84.5638 10.6116
      vertex -5.39044 79.2022 10.6116
    endloop
  endfacet
  facet normal 0.258822 0.965925 0
    outer loop
      vertex -25.4 84.5638 10.6116
      vertex -5.39044 79.2022 10.3858
      vertex -25.4 84.5638 10.3858
    endloop
  endfacet
  facet normal 1 -0 0
    outer loop
      vertex -5.39044 54.831 7.39422
      vertex -5.39044 79.2022 7.16844
      vertex -5.39044 79.2022 7.39422
    endloop
  endfacet
  facet normal 1 0 0
    outer loop
      vertex -5.39044 79.2022 7.16844
      vertex -5.39044 54.831 7.39422
      vertex -5.39044 54.831 7.16844
    endloop
  endfacet
  facet normal 1 -0 0
    outer loop
      vertex -5.39044 54.831 10.6116
      vertex -5.39044 79.2022 10.3858
      vertex -5.39044 79.2022 10.6116
    endloop
  endfacet
  facet normal 1 0 0
    outer loop
      vertex -5.39044 79.2022 10.3858
      vertex -5.39044 54.831 10.6116
      vertex -5.39044 54.831 10.3858
    endloop
  endfacet
  facet normal 0 0 1
    outer loop
      vertex -51.5479 91.0673 6.94267
      vertex -51.7737 90.8415 6.94267
      vertex -51.5479 78.025 6.94267
    endloop
  endfacet
  facet normal 0 0 1
    outer loop
      vertex -51.5479 91.0673 6.94267
      vertex -54.1443 90.8415 6.94267
      vertex -51.7737 90.8415 6.94267
    endloop
  endfacet
  facet normal -0 0 1
    outer loop
      vertex -54.3701 91.0673 6.94267
      vertex -54.1443 90.8415 6.94267
      vertex -51.5479 91.0673 6.94267
    endloop
  endfacet
  facet normal 0 0 1
    outer loop
      vertex -54.3701 54.831 6.94267
      vertex -54.1443 90.8415 6.94267
      vertex -54.3701 91.0673 6.94267
    endloop
  endfacet
  facet normal 0 0 1
    outer loop
      vertex -54.1443 90.8415 6.94267
      vertex -54.3701 54.831 6.94267
      vertex -54.1443 54.831 6.94267
    endloop
  endfacet
  facet normal 0 0 1
    outer loop
      vertex -4.93889 79.5487 6.94267
      vertex -5.16466 79.3755 6.94267
      vertex -4.93889 54.831 6.94267
    endloop
  endfacet
  facet normal 0 0 1
    outer loop
      vertex -25.4 85.0313 6.94267
      vertex -5.16466 79.3755 6.94267
      vertex -4.93889 79.5487 6.94267
    endloop
  endfacet
  facet normal 0 0 1
    outer loop
      vertex -25.4 85.0313 6.94267
      vertex -25.4 84.7975 6.94267
      vertex -5.16466 79.3755 6.94267
    endloop
  endfacet
  facet normal 0 0 1
    outer loop
      vertex -51.5479 78.025 6.94267
      vertex -25.4 84.7975 6.94267
      vertex -25.4 85.0313 6.94267
    endloop
  endfacet
  facet normal -0 0 1
    outer loop
      vertex -51.5479 78.025 6.94267
      vertex -51.7737 77.7307 6.94267
      vertex -25.4 84.7975 6.94267
    endloop
  endfacet
  facet normal 0 0 1
    outer loop
      vertex -51.7737 77.7307 6.94267
      vertex -51.5479 78.025 6.94267
      vertex -51.7737 90.8415 6.94267
    endloop
  endfacet
  facet normal 0 0 1
    outer loop
      vertex -4.93889 54.831 6.94267
      vertex -5.16466 79.3755 6.94267
      vertex -5.16466 54.831 6.94267
    endloop
  endfacet
  facet normal 0 0 -1
    outer loop
      vertex -54.1443 54.831 10.8373
      vertex -54.3701 54.831 10.8373
      vertex -54.1443 90.8415 10.8373
    endloop
  endfacet
  facet normal 0 0 -1
    outer loop
      vertex -5.16466 79.3755 10.8373
      vertex -4.93889 54.831 10.8373
      vertex -5.16466 54.831 10.8373
    endloop
  endfacet
  facet normal 0 0 -1
    outer loop
      vertex -4.93889 54.831 10.8373
      vertex -5.16466 79.3755 10.8373
      vertex -4.93889 79.5487 10.8373
    endloop
  endfacet
  facet normal 0 0 -1
    outer loop
      vertex -25.4 85.0313 10.8373
      vertex -5.16466 79.3755 10.8373
      vertex -25.4 84.7975 10.8373
    endloop
  endfacet
  facet normal 0 0 -1
    outer loop
      vertex -5.16466 79.3755 10.8373
      vertex -25.4 85.0313 10.8373
      vertex -4.93889 79.5487 10.8373
    endloop
  endfacet
  facet normal -0 0 -1
    outer loop
      vertex -25.4 84.7975 10.8373
      vertex -51.5479 78.025 10.8373
      vertex -25.4 85.0313 10.8373
    endloop
  endfacet
  facet normal 0 0 -1
    outer loop
      vertex -51.7737 77.7307 10.8373
      vertex -51.5479 78.025 10.8373
      vertex -25.4 84.7975 10.8373
    endloop
  endfacet
  facet normal 0 0 -1
    outer loop
      vertex -51.7737 90.8415 10.8373
      vertex -51.5479 78.025 10.8373
      vertex -51.7737 77.7307 10.8373
    endloop
  endfacet
  facet normal 0 0 -1
    outer loop
      vertex -51.5479 78.025 10.8373
      vertex -51.7737 90.8415 10.8373
      vertex -51.5479 91.0673 10.8373
    endloop
  endfacet
  facet normal 0 0 -1
    outer loop
      vertex -54.1443 90.8415 10.8373
      vertex -51.5479 91.0673 10.8373
      vertex -51.7737 90.8415 10.8373
    endloop
  endfacet
  facet normal 0 0 -1
    outer loop
      vertex -54.1443 90.8415 10.8373
      vertex -54.3701 91.0673 10.8373
      vertex -51.5479 91.0673 10.8373
    endloop
  endfacet
  facet normal 0 0 -1
    outer loop
      vertex -54.3701 91.0673 10.8373
      vertex -54.1443 90.8415 10.8373
      vertex -54.3701 54.831 10.8373
    endloop
  endfacet
  facet normal -1 0 0
    outer loop
      vertex -54.1443 54.831 6.94267
      vertex -54.1443 90.8415 7.16844
      vertex -54.1443 90.8415 6.94267
    endloop
  endfacet
  facet normal -1 -0 0
    outer loop
      vertex -54.1443 90.8415 7.16844
      vertex -54.1443 54.831 6.94267
      vertex -54.1443 54.831 7.16844
    endloop
  endfacet
  facet normal -1 0 0
    outer loop
      vertex -54.1443 54.831 10.6116
      vertex -54.1443 90.8415 10.8373
      vertex -54.1443 90.8415 10.6116
    endloop
  endfacet
  facet normal -1 -0 0
    outer loop
      vertex -54.1443 90.8415 10.8373
      vertex -54.1443 54.831 10.6116
      vertex -54.1443 54.831 10.8373
    endloop
  endfacet
  facet normal 0 1 -0
    outer loop
      vertex -51.7737 90.8415 6.94267
      vertex -54.1443 90.8415 7.16844
      vertex -51.7737 90.8415 7.16844
    endloop
  endfacet
  facet normal 0 1 0
    outer loop
      vertex -54.1443 90.8415 7.16844
      vertex -51.7737 90.8415 6.94267
      vertex -54.1443 90.8415 6.94267
    endloop
  endfacet
  facet normal 0 1 -0
    outer loop
      vertex -51.7737 90.8415 10.6116
      vertex -54.1443 90.8415 10.8373
      vertex -51.7737 90.8415 10.8373
    endloop
  endfacet
  facet normal 0 1 0
    outer loop
      vertex -54.1443 90.8415 10.8373
      vertex -51.7737 90.8415 10.6116
      vertex -54.1443 90.8415 10.6116
    endloop
  endfacet
  facet normal 1 -0 0
    outer loop
      vertex -51.7737 77.7307 7.16844
      vertex -51.7737 90.8415 6.94267
      vertex -51.7737 90.8415 7.16844
    endloop
  endfacet
  facet normal 1 0 0
    outer loop
      vertex -51.7737 90.8415 6.94267
      vertex -51.7737 77.7307 7.16844
      vertex -51.7737 77.7307 6.94267
    endloop
  endfacet
  facet normal 1 -0 0
    outer loop
      vertex -51.7737 77.7307 10.8373
      vertex -51.7737 90.8415 10.6116
      vertex -51.7737 90.8415 10.8373
    endloop
  endfacet
  facet normal 1 0 0
    outer loop
      vertex -51.7737 90.8415 10.6116
      vertex -51.7737 77.7307 10.8373
      vertex -51.7737 77.7307 10.6116
    endloop
  endfacet
  facet normal -0.258819 0.965926 0
    outer loop
      vertex -25.4 84.7975 6.94267
      vertex -51.7737 77.7307 7.16844
      vertex -25.4 84.7975 7.16844
    endloop
  endfacet
  facet normal -0.258819 0.965926 0
    outer loop
      vertex -51.7737 77.7307 7.16844
      vertex -25.4 84.7975 6.94267
      vertex -51.7737 77.7307 6.94267
    endloop
  endfacet
  facet normal -0.258819 0.965926 0
    outer loop
      vertex -25.4 84.7975 10.6116
      vertex -51.7737 77.7307 10.8373
      vertex -25.4 84.7975 10.8373
    endloop
  endfacet
  facet normal -0.258819 0.965926 0
    outer loop
      vertex -51.7737 77.7307 10.8373
      vertex -25.4 84.7975 10.6116
      vertex -51.7737 77.7307 10.6116
    endloop
  endfacet
  facet normal 0.258817 0.965926 -0
    outer loop
      vertex -5.16466 79.3755 6.94267
      vertex -25.4 84.7975 7.16844
      vertex -5.16466 79.3755 7.16844
    endloop
  endfacet
  facet normal 0.258817 0.965926 0
    outer loop
      vertex -25.4 84.7975 7.16844
      vertex -5.16466 79.3755 6.94267
      vertex -25.4 84.7975 6.94267
    endloop
  endfacet
  facet normal 0.258817 0.965926 -0
    outer loop
      vertex -5.16466 79.3755 10.6116
      vertex -25.4 84.7975 10.8373
      vertex -5.16466 79.3755 10.8373
    endloop
  endfacet
  facet normal 0.258817 0.965926 0
    outer loop
      vertex -25.4 84.7975 10.8373
      vertex -5.16466 79.3755 10.6116
      vertex -25.4 84.7975 10.6116
    endloop
  endfacet
  facet normal 1 -0 0
    outer loop
      vertex -5.16466 54.831 7.16844
      vertex -5.16466 79.3755 6.94267
      vertex -5.16466 79.3755 7.16844
    endloop
  endfacet
  facet normal 1 0 0
    outer loop
      vertex -5.16466 79.3755 6.94267
      vertex -5.16466 54.831 7.16844
      vertex -5.16466 54.831 6.94267
    endloop
  endfacet
  facet normal 1 -0 0
    outer loop
      vertex -5.16466 54.831 10.8373
      vertex -5.16466 79.3755 10.6116
      vertex -5.16466 79.3755 10.8373
    endloop
  endfacet
  facet normal 1 0 0
    outer loop
      vertex -5.16466 79.3755 10.6116
      vertex -5.16466 54.831 10.8373
      vertex -5.16466 54.831 10.6116
    endloop
  endfacet
  facet normal 0 0 1
    outer loop
      vertex -51.3221 91.2931 6.71689
      vertex -51.5479 91.0673 6.71689
      vertex -51.3221 78.3192 6.71689
    endloop
  endfacet
  facet normal 0 0 1
    outer loop
      vertex -51.3221 91.2931 6.71689
      vertex -54.3701 91.0673 6.71689
      vertex -51.5479 91.0673 6.71689
    endloop
  endfacet
  facet normal -0 0 1
    outer loop
      vertex -54.5959 91.2931 6.71689
      vertex -54.3701 91.0673 6.71689
      vertex -51.3221 91.2931 6.71689
    endloop
  endfacet
  facet normal 0 0 1
    outer loop
      vertex -54.5959 54.831 6.71689
      vertex -54.3701 91.0673 6.71689
      vertex -54.5959 91.2931 6.71689
    endloop
  endfacet
  facet normal 0 0 1
    outer loop
      vertex -54.3701 91.0673 6.71689
      vertex -54.5959 54.831 6.71689
      vertex -54.3701 54.831 6.71689
    endloop
  endfacet
  facet normal 0 0 1
    outer loop
      vertex -4.7131 79.722 6.71689
      vertex -4.93889 79.5487 6.71689
      vertex -4.7131 54.831 6.71689
    endloop
  endfacet
  facet normal 0 0 1
    outer loop
      vertex -25.4 85.265 6.71689
      vertex -4.93889 79.5487 6.71689
      vertex -4.7131 79.722 6.71689
    endloop
  endfacet
  facet normal 0 0 1
    outer loop
      vertex -25.4 85.265 6.71689
      vertex -25.4 85.0313 6.71689
      vertex -4.93889 79.5487 6.71689
    endloop
  endfacet
  facet normal 0 0 1
    outer loop
      vertex -51.3221 78.3192 6.71689
      vertex -25.4 85.0313 6.71689
      vertex -25.4 85.265 6.71689
    endloop
  endfacet
  facet normal -0 0 1
    outer loop
      vertex -51.3221 78.3192 6.71689
      vertex -51.5479 78.025 6.71689
      vertex -25.4 85.0313 6.71689
    endloop
  endfacet
  facet normal 0 0 1
    outer loop
      vertex -51.5479 78.025 6.71689
      vertex -51.3221 78.3192 6.71689
      vertex -51.5479 91.0673 6.71689
    endloop
  endfacet
  facet normal 0 0 1
    outer loop
      vertex -4.7131 54.831 6.71689
      vertex -4.93889 79.5487 6.71689
      vertex -4.93889 54.831 6.71689
    endloop
  endfacet
  facet normal 0 0 -1
    outer loop
      vertex -54.3701 54.831 11.0631
      vertex -54.5959 54.831 11.0631
      vertex -54.3701 91.0673 11.0631
    endloop
  endfacet
  facet normal 0 0 -1
    outer loop
      vertex -4.93889 79.5487 11.0631
      vertex -4.7131 54.831 11.0631
      vertex -4.93889 54.831 11.0631
    endloop
  endfacet
  facet normal 0 0 -1
    outer loop
      vertex -4.7131 54.831 11.0631
      vertex -4.93889 79.5487 11.0631
      vertex -4.7131 79.722 11.0631
    endloop
  endfacet
  facet normal 0 0 -1
    outer loop
      vertex -25.4 85.265 11.0631
      vertex -4.93889 79.5487 11.0631
      vertex -25.4 85.0313 11.0631
    endloop
  endfacet
  facet normal 0 0 -1
    outer loop
      vertex -4.93889 79.5487 11.0631
      vertex -25.4 85.265 11.0631
      vertex -4.7131 79.722 11.0631
    endloop
  endfacet
  facet normal -0 0 -1
    outer loop
      vertex -25.4 85.0313 11.0631
      vertex -51.3221 78.3192 11.0631
      vertex -25.4 85.265 11.0631
    endloop
  endfacet
  facet normal 0 0 -1
    outer loop
      vertex -51.5479 78.025 11.0631
      vertex -51.3221 78.3192 11.0631
      vertex -25.4 85.0313 11.0631
    endloop
  endfacet
  facet normal 0 0 -1
    outer loop
      vertex -51.5479 91.0673 11.0631
      vertex -51.3221 78.3192 11.0631
      vertex -51.5479 78.025 11.0631
    endloop
  endfacet
  facet normal 0 0 -1
    outer loop
      vertex -51.3221 78.3192 11.0631
      vertex -51.5479 91.0673 11.0631
      vertex -51.3221 91.2931 11.0631
    endloop
  endfacet
  facet normal 0 0 -1
    outer loop
      vertex -54.3701 91.0673 11.0631
      vertex -51.3221 91.2931 11.0631
      vertex -51.5479 91.0673 11.0631
    endloop
  endfacet
  facet normal 0 0 -1
    outer loop
      vertex -54.3701 91.0673 11.0631
      vertex -54.5959 91.2931 11.0631
      vertex -51.3221 91.2931 11.0631
    endloop
  endfacet
  facet normal 0 0 -1
    outer loop
      vertex -54.5959 91.2931 11.0631
      vertex -54.3701 91.0673 11.0631
      vertex -54.5959 54.831 11.0631
    endloop
  endfacet
  facet normal -1 0 0
    outer loop
      vertex -54.3701 54.831 6.71689
      vertex -54.3701 91.0673 6.94267
      vertex -54.3701 91.0673 6.71689
    endloop
  endfacet
  facet normal -1 -0 0
    outer loop
      vertex -54.3701 91.0673 6.94267
      vertex -54.3701 54.831 6.71689
      vertex -54.3701 54.831 6.94267
    endloop
  endfacet
  facet normal -1 0 0
    outer loop
      vertex -54.3701 54.831 10.8373
      vertex -54.3701 91.0673 11.0631
      vertex -54.3701 91.0673 10.8373
    endloop
  endfacet
  facet normal -1 -0 0
    outer loop
      vertex -54.3701 91.0673 11.0631
      vertex -54.3701 54.831 10.8373
      vertex -54.3701 54.831 11.0631
    endloop
  endfacet
  facet normal 0 1 -0
    outer loop
      vertex -51.5479 91.0673 6.71689
      vertex -54.3701 91.0673 6.94267
      vertex -51.5479 91.0673 6.94267
    endloop
  endfacet
  facet normal 0 1 0
    outer loop
      vertex -54.3701 91.0673 6.94267
      vertex -51.5479 91.0673 6.71689
      vertex -54.3701 91.0673 6.71689
    endloop
  endfacet
  facet normal 0 1 -0
    outer loop
      vertex -51.5479 91.0673 10.8373
      vertex -54.3701 91.0673 11.0631
      vertex -51.5479 91.0673 11.0631
    endloop
  endfacet
  facet normal 0 1 0
    outer loop
      vertex -54.3701 91.0673 11.0631
      vertex -51.5479 91.0673 10.8373
      vertex -54.3701 91.0673 10.8373
    endloop
  endfacet
  facet normal 1 -0 0
    outer loop
      vertex -51.5479 78.025 6.94267
      vertex -51.5479 91.0673 6.71689
      vertex -51.5479 91.0673 6.94267
    endloop
  endfacet
  facet normal 1 0 0
    outer loop
      vertex -51.5479 91.0673 6.71689
      vertex -51.5479 78.025 6.94267
      vertex -51.5479 78.025 6.71689
    endloop
  endfacet
  facet normal 1 -0 0
    outer loop
      vertex -51.5479 78.025 11.0631
      vertex -51.5479 91.0673 10.8373
      vertex -51.5479 91.0673 11.0631
    endloop
  endfacet
  facet normal 1 0 0
    outer loop
      vertex -51.5479 91.0673 10.8373
      vertex -51.5479 78.025 11.0631
      vertex -51.5479 78.025 10.8373
    endloop
  endfacet
  facet normal -0.258819 0.965926 0
    outer loop
      vertex -25.4 85.0313 6.71689
      vertex -51.5479 78.025 6.94267
      vertex -25.4 85.0313 6.94267
    endloop
  endfacet
  facet normal -0.258819 0.965926 0
    outer loop
      vertex -51.5479 78.025 6.94267
      vertex -25.4 85.0313 6.71689
      vertex -51.5479 78.025 6.71689
    endloop
  endfacet
  facet normal -0.258819 0.965926 0
    outer loop
      vertex -25.4 85.0313 10.8373
      vertex -51.5479 78.025 11.0631
      vertex -25.4 85.0313 11.0631
    endloop
  endfacet
  facet normal -0.258819 0.965926 0
    outer loop
      vertex -51.5479 78.025 11.0631
      vertex -25.4 85.0313 10.8373
      vertex -51.5479 78.025 10.8373
    endloop
  endfacet
  facet normal 0.258822 0.965925 -0
    outer loop
      vertex -4.93889 79.5487 6.71689
      vertex -25.4 85.0313 6.94267
      vertex -4.93889 79.5487 6.94267
    endloop
  endfacet
  facet normal 0.258822 0.965925 0
    outer loop
      vertex -25.4 85.0313 6.94267
      vertex -4.93889 79.5487 6.71689
      vertex -25.4 85.0313 6.71689
    endloop
  endfacet
  facet normal 0.258822 0.965925 -0
    outer loop
      vertex -4.93889 79.5487 10.8373
      vertex -25.4 85.0313 11.0631
      vertex -4.93889 79.5487 11.0631
    endloop
  endfacet
  facet normal 0.258822 0.965925 0
    outer loop
      vertex -25.4 85.0313 11.0631
      vertex -4.93889 79.5487 10.8373
      vertex -25.4 85.0313 10.8373
    endloop
  endfacet
  facet normal 1 -0 0
    outer loop
      vertex -4.93889 54.831 6.94267
      vertex -4.93889 79.5487 6.71689
      vertex -4.93889 79.5487 6.94267
    endloop
  endfacet
  facet normal 1 0 0
    outer loop
      vertex -4.93889 79.5487 6.71689
      vertex -4.93889 54.831 6.94267
      vertex -4.93889 54.831 6.71689
    endloop
  endfacet
  facet normal 1 -0 0
    outer loop
      vertex -4.93889 54.831 11.0631
      vertex -4.93889 79.5487 10.8373
      vertex -4.93889 79.5487 11.0631
    endloop
  endfacet
  facet normal 1 0 0
    outer loop
      vertex -4.93889 79.5487 10.8373
      vertex -4.93889 54.831 11.0631
      vertex -4.93889 54.831 10.8373
    endloop
  endfacet
  facet normal 0 0 1
    outer loop
      vertex -51.0963 91.5188 6.49111
      vertex -51.3221 91.2931 6.49111
      vertex -51.0963 78.6134 6.49111
    endloop
  endfacet
  facet normal 0 0 1
    outer loop
      vertex -51.0963 91.5188 6.49111
      vertex -54.5959 91.2931 6.49111
      vertex -51.3221 91.2931 6.49111
    endloop
  endfacet
  facet normal -0 0 1
    outer loop
      vertex -54.8217 91.5188 6.49111
      vertex -54.5959 91.2931 6.49111
      vertex -51.0963 91.5188 6.49111
    endloop
  endfacet
  facet normal 0 0 1
    outer loop
      vertex -54.8217 54.831 6.49111
      vertex -54.5959 91.2931 6.49111
      vertex -54.8217 91.5188 6.49111
    endloop
  endfacet
  facet normal 0 0 1
    outer loop
      vertex -54.5959 91.2931 6.49111
      vertex -54.8217 54.831 6.49111
      vertex -54.5959 54.831 6.49111
    endloop
  endfacet
  facet normal 0 0 1
    outer loop
      vertex -4.48734 79.8952 6.49111
      vertex -4.7131 79.722 6.49111
      vertex -4.48734 54.831 6.49111
    endloop
  endfacet
  facet normal 0 0 1
    outer loop
      vertex -25.4 85.4988 6.49111
      vertex -4.7131 79.722 6.49111
      vertex -4.48734 79.8952 6.49111
    endloop
  endfacet
  facet normal 0 0 1
    outer loop
      vertex -25.4 85.4988 6.49111
      vertex -25.4 85.265 6.49111
      vertex -4.7131 79.722 6.49111
    endloop
  endfacet
  facet normal 0 0 1
    outer loop
      vertex -51.0963 78.6134 6.49111
      vertex -25.4 85.265 6.49111
      vertex -25.4 85.4988 6.49111
    endloop
  endfacet
  facet normal -0 0 1
    outer loop
      vertex -51.0963 78.6134 6.49111
      vertex -51.3221 78.3192 6.49111
      vertex -25.4 85.265 6.49111
    endloop
  endfacet
  facet normal 0 0 1
    outer loop
      vertex -51.3221 78.3192 6.49111
      vertex -51.0963 78.6134 6.49111
      vertex -51.3221 91.2931 6.49111
    endloop
  endfacet
  facet normal 0 0 1
    outer loop
      vertex -4.48734 54.831 6.49111
      vertex -4.7131 79.722 6.49111
      vertex -4.7131 54.831 6.49111
    endloop
  endfacet
  facet normal 0 0 -1
    outer loop
      vertex -54.5959 54.831 11.2889
      vertex -54.8217 54.831 11.2889
      vertex -54.5959 91.2931 11.2889
    endloop
  endfacet
  facet normal 0 0 -1
    outer loop
      vertex -4.7131 79.722 11.2889
      vertex -4.48734 54.831 11.2889
      vertex -4.7131 54.831 11.2889
    endloop
  endfacet
  facet normal 0 0 -1
    outer loop
      vertex -4.48734 54.831 11.2889
      vertex -4.7131 79.722 11.2889
      vertex -4.48734 79.8952 11.2889
    endloop
  endfacet
  facet normal 0 0 -1
    outer loop
      vertex -25.4 85.4988 11.2889
      vertex -4.7131 79.722 11.2889
      vertex -25.4 85.265 11.2889
    endloop
  endfacet
  facet normal 0 0 -1
    outer loop
      vertex -4.7131 79.722 11.2889
      vertex -25.4 85.4988 11.2889
      vertex -4.48734 79.8952 11.2889
    endloop
  endfacet
  facet normal -0 0 -1
    outer loop
      vertex -25.4 85.265 11.2889
      vertex -51.0963 78.6134 11.2889
      vertex -25.4 85.4988 11.2889
    endloop
  endfacet
  facet normal 0 0 -1
    outer loop
      vertex -51.3221 78.3192 11.2889
      vertex -51.0963 78.6134 11.2889
      vertex -25.4 85.265 11.2889
    endloop
  endfacet
  facet normal 0 0 -1
    outer loop
      vertex -51.3221 91.2931 11.2889
      vertex -51.0963 78.6134 11.2889
      vertex -51.3221 78.3192 11.2889
    endloop
  endfacet
  facet normal 0 0 -1
    outer loop
      vertex -51.0963 78.6134 11.2889
      vertex -51.3221 91.2931 11.2889
      vertex -51.0963 91.5188 11.2889
    endloop
  endfacet
  facet normal 0 0 -1
    outer loop
      vertex -54.5959 91.2931 11.2889
      vertex -51.0963 91.5188 11.2889
      vertex -51.3221 91.2931 11.2889
    endloop
  endfacet
  facet normal 0 0 -1
    outer loop
      vertex -54.5959 91.2931 11.2889
      vertex -54.8217 91.5188 11.2889
      vertex -51.0963 91.5188 11.2889
    endloop
  endfacet
  facet normal 0 0 -1
    outer loop
      vertex -54.8217 91.5188 11.2889
      vertex -54.5959 91.2931 11.2889
      vertex -54.8217 54.831 11.2889
    endloop
  endfacet
  facet normal -1 0 0
    outer loop
      vertex -54.5959 54.831 6.49111
      vertex -54.5959 91.2931 6.71689
      vertex -54.5959 91.2931 6.49111
    endloop
  endfacet
  facet normal -1 -0 0
    outer loop
      vertex -54.5959 91.2931 6.71689
      vertex -54.5959 54.831 6.49111
      vertex -54.5959 54.831 6.71689
    endloop
  endfacet
  facet normal -1 0 0
    outer loop
      vertex -54.5959 54.831 11.0631
      vertex -54.5959 91.2931 11.2889
      vertex -54.5959 91.2931 11.0631
    endloop
  endfacet
  facet normal -1 -0 0
    outer loop
      vertex -54.5959 91.2931 11.2889
      vertex -54.5959 54.831 11.0631
      vertex -54.5959 54.831 11.2889
    endloop
  endfacet
  facet normal 0 1 -0
    outer loop
      vertex -51.3221 91.2931 6.49111
      vertex -54.5959 91.2931 6.71689
      vertex -51.3221 91.2931 6.71689
    endloop
  endfacet
  facet normal 0 1 0
    outer loop
      vertex -54.5959 91.2931 6.71689
      vertex -51.3221 91.2931 6.49111
      vertex -54.5959 91.2931 6.49111
    endloop
  endfacet
  facet normal 0 1 -0
    outer loop
      vertex -51.3221 91.2931 11.0631
      vertex -54.5959 91.2931 11.2889
      vertex -51.3221 91.2931 11.2889
    endloop
  endfacet
  facet normal 0 1 0
    outer loop
      vertex -54.5959 91.2931 11.2889
      vertex -51.3221 91.2931 11.0631
      vertex -54.5959 91.2931 11.0631
    endloop
  endfacet
  facet normal 1 -0 0
    outer loop
      vertex -51.3221 78.3192 6.71689
      vertex -51.3221 91.2931 6.49111
      vertex -51.3221 91.2931 6.71689
    endloop
  endfacet
  facet normal 1 0 0
    outer loop
      vertex -51.3221 91.2931 6.49111
      vertex -51.3221 78.3192 6.71689
      vertex -51.3221 78.3192 6.49111
    endloop
  endfacet
  facet normal 1 -0 0
    outer loop
      vertex -51.3221 78.3192 11.2889
      vertex -51.3221 91.2931 11.0631
      vertex -51.3221 91.2931 11.2889
    endloop
  endfacet
  facet normal 1 0 0
    outer loop
      vertex -51.3221 91.2931 11.0631
      vertex -51.3221 78.3192 11.2889
      vertex -51.3221 78.3192 11.0631
    endloop
  endfacet
  facet normal -0.258819 0.965926 0
    outer loop
      vertex -25.4 85.265 6.49111
      vertex -51.3221 78.3192 6.71689
      vertex -25.4 85.265 6.71689
    endloop
  endfacet
  facet normal -0.258819 0.965926 0
    outer loop
      vertex -51.3221 78.3192 6.71689
      vertex -25.4 85.265 6.49111
      vertex -51.3221 78.3192 6.49111
    endloop
  endfacet
  facet normal -0.258819 0.965926 0
    outer loop
      vertex -25.4 85.265 11.0631
      vertex -51.3221 78.3192 11.2889
      vertex -25.4 85.265 11.2889
    endloop
  endfacet
  facet normal -0.258819 0.965926 0
    outer loop
      vertex -51.3221 78.3192 11.2889
      vertex -25.4 85.265 11.0631
      vertex -51.3221 78.3192 11.0631
    endloop
  endfacet
  facet normal 0.258817 0.965926 -0
    outer loop
      vertex -4.7131 79.722 6.49111
      vertex -25.4 85.265 6.71689
      vertex -4.7131 79.722 6.71689
    endloop
  endfacet
  facet normal 0.258817 0.965926 0
    outer loop
      vertex -25.4 85.265 6.71689
      vertex -4.7131 79.722 6.49111
      vertex -25.4 85.265 6.49111
    endloop
  endfacet
  facet normal 0.258817 0.965926 -0
    outer loop
      vertex -4.7131 79.722 11.0631
      vertex -25.4 85.265 11.2889
      vertex -4.7131 79.722 11.2889
    endloop
  endfacet
  facet normal 0.258817 0.965926 0
    outer loop
      vertex -25.4 85.265 11.2889
      vertex -4.7131 79.722 11.0631
      vertex -25.4 85.265 11.0631
    endloop
  endfacet
  facet normal 1 -0 0
    outer loop
      vertex -4.7131 54.831 6.71689
      vertex -4.7131 79.722 6.49111
      vertex -4.7131 79.722 6.71689
    endloop
  endfacet
  facet normal 1 0 0
    outer loop
      vertex -4.7131 79.722 6.49111
      vertex -4.7131 54.831 6.71689
      vertex -4.7131 54.831 6.49111
    endloop
  endfacet
  facet normal 1 -0 0
    outer loop
      vertex -4.7131 54.831 11.2889
      vertex -4.7131 79.722 11.0631
      vertex -4.7131 79.722 11.2889
    endloop
  endfacet
  facet normal 1 0 0
    outer loop
      vertex -4.7131 79.722 11.0631
      vertex -4.7131 54.831 11.2889
      vertex -4.7131 54.831 11.0631
    endloop
  endfacet
  facet normal 0 0 1
    outer loop
      vertex -50.8705 91.7446 6.26533
      vertex -51.0963 91.5188 6.26533
      vertex -50.8705 78.9077 6.26533
    endloop
  endfacet
  facet normal 0 0 1
    outer loop
      vertex -50.8705 91.7446 6.26533
      vertex -54.8217 91.5188 6.26533
      vertex -51.0963 91.5188 6.26533
    endloop
  endfacet
  facet normal -0 0 1
    outer loop
      vertex -55.0474 91.7446 6.26533
      vertex -54.8217 91.5188 6.26533
      vertex -50.8705 91.7446 6.26533
    endloop
  endfacet
  facet normal 0 0 1
    outer loop
      vertex -55.0474 54.831 6.26533
      vertex -54.8217 91.5188 6.26533
      vertex -55.0474 91.7446 6.26533
    endloop
  endfacet
  facet normal 0 0 1
    outer loop
      vertex -54.8217 91.5188 6.26533
      vertex -55.0474 54.831 6.26533
      vertex -54.8217 54.831 6.26533
    endloop
  endfacet
  facet normal 0 0 1
    outer loop
      vertex -4.26155 80.0685 6.26533
      vertex -4.48734 79.8952 6.26533
      vertex -4.26155 54.831 6.26533
    endloop
  endfacet
  facet normal 0 0 1
    outer loop
      vertex -25.4 85.7325 6.26533
      vertex -4.48734 79.8952 6.26533
      vertex -4.26155 80.0685 6.26533
    endloop
  endfacet
  facet normal 0 0 1
    outer loop
      vertex -25.4 85.7325 6.26533
      vertex -25.4 85.4988 6.26533
      vertex -4.48734 79.8952 6.26533
    endloop
  endfacet
  facet normal 0 0 1
    outer loop
      vertex -50.8705 78.9077 6.26533
      vertex -25.4 85.4988 6.26533
      vertex -25.4 85.7325 6.26533
    endloop
  endfacet
  facet normal -0 0 1
    outer loop
      vertex -50.8705 78.9077 6.26533
      vertex -51.0963 78.6134 6.26533
      vertex -25.4 85.4988 6.26533
    endloop
  endfacet
  facet normal 0 0 1
    outer loop
      vertex -51.0963 78.6134 6.26533
      vertex -50.8705 78.9077 6.26533
      vertex -51.0963 91.5188 6.26533
    endloop
  endfacet
  facet normal 0 0 1
    outer loop
      vertex -4.26155 54.831 6.26533
      vertex -4.48734 79.8952 6.26533
      vertex -4.48734 54.831 6.26533
    endloop
  endfacet
  facet normal 0 0 -1
    outer loop
      vertex -54.8217 54.831 11.5147
      vertex -55.0474 54.831 11.5147
      vertex -54.8217 91.5188 11.5147
    endloop
  endfacet
  facet normal 0 0 -1
    outer loop
      vertex -4.48734 79.8952 11.5147
      vertex -4.26155 54.831 11.5147
      vertex -4.48734 54.831 11.5147
    endloop
  endfacet
  facet normal 0 0 -1
    outer loop
      vertex -4.26155 54.831 11.5147
      vertex -4.48734 79.8952 11.5147
      vertex -4.26155 80.0685 11.5147
    endloop
  endfacet
  facet normal 0 0 -1
    outer loop
      vertex -25.4 85.7325 11.5147
      vertex -4.48734 79.8952 11.5147
      vertex -25.4 85.4988 11.5147
    endloop
  endfacet
  facet normal 0 0 -1
    outer loop
      vertex -4.48734 79.8952 11.5147
      vertex -25.4 85.7325 11.5147
      vertex -4.26155 80.0685 11.5147
    endloop
  endfacet
  facet normal -0 0 -1
    outer loop
      vertex -25.4 85.4988 11.5147
      vertex -50.8705 78.9077 11.5147
      vertex -25.4 85.7325 11.5147
    endloop
  endfacet
  facet normal 0 0 -1
    outer loop
      vertex -51.0963 78.6134 11.5147
      vertex -50.8705 78.9077 11.5147
      vertex -25.4 85.4988 11.5147
    endloop
  endfacet
  facet normal 0 0 -1
    outer loop
      vertex -51.0963 91.5188 11.5147
      vertex -50.8705 78.9077 11.5147
      vertex -51.0963 78.6134 11.5147
    endloop
  endfacet
  facet normal 0 0 -1
    outer loop
      vertex -50.8705 78.9077 11.5147
      vertex -51.0963 91.5188 11.5147
      vertex -50.8705 91.7446 11.5147
    endloop
  endfacet
  facet normal 0 0 -1
    outer loop
      vertex -54.8217 91.5188 11.5147
      vertex -50.8705 91.7446 11.5147
      vertex -51.0963 91.5188 11.5147
    endloop
  endfacet
  facet normal 0 0 -1
    outer loop
      vertex -54.8217 91.5188 11.5147
      vertex -55.0474 91.7446 11.5147
      vertex -50.8705 91.7446 11.5147
    endloop
  endfacet
  facet normal 0 0 -1
    outer loop
      vertex -55.0474 91.7446 11.5147
      vertex -54.8217 91.5188 11.5147
      vertex -55.0474 54.831 11.5147
    endloop
  endfacet
  facet normal -1 0 0
    outer loop
      vertex -54.8217 54.831 6.26533
      vertex -54.8217 91.5188 6.49111
      vertex -54.8217 91.5188 6.26533
    endloop
  endfacet
  facet normal -1 -0 0
    outer loop
      vertex -54.8217 91.5188 6.49111
      vertex -54.8217 54.831 6.26533
      vertex -54.8217 54.831 6.49111
    endloop
  endfacet
  facet normal -1 0 0
    outer loop
      vertex -54.8217 54.831 11.2889
      vertex -54.8217 91.5188 11.5147
      vertex -54.8217 91.5188 11.2889
    endloop
  endfacet
  facet normal -1 -0 0
    outer loop
      vertex -54.8217 91.5188 11.5147
      vertex -54.8217 54.831 11.2889
      vertex -54.8217 54.831 11.5147
    endloop
  endfacet
  facet normal 0 1 -0
    outer loop
      vertex -51.0963 91.5188 6.26533
      vertex -54.8217 91.5188 6.49111
      vertex -51.0963 91.5188 6.49111
    endloop
  endfacet
  facet normal 0 1 0
    outer loop
      vertex -54.8217 91.5188 6.49111
      vertex -51.0963 91.5188 6.26533
      vertex -54.8217 91.5188 6.26533
    endloop
  endfacet
  facet normal 0 1 -0
    outer loop
      vertex -51.0963 91.5188 11.2889
      vertex -54.8217 91.5188 11.5147
      vertex -51.0963 91.5188 11.5147
    endloop
  endfacet
  facet normal 0 1 0
    outer loop
      vertex -54.8217 91.5188 11.5147
      vertex -51.0963 91.5188 11.2889
      vertex -54.8217 91.5188 11.2889
    endloop
  endfacet
  facet normal 1 -0 0
    outer loop
      vertex -51.0963 78.6134 6.49111
      vertex -51.0963 91.5188 6.26533
      vertex -51.0963 91.5188 6.49111
    endloop
  endfacet
  facet normal 1 0 0
    outer loop
      vertex -51.0963 91.5188 6.26533
      vertex -51.0963 78.6134 6.49111
      vertex -51.0963 78.6134 6.26533
    endloop
  endfacet
  facet normal 1 -0 0
    outer loop
      vertex -51.0963 78.6134 11.5147
      vertex -51.0963 91.5188 11.2889
      vertex -51.0963 91.5188 11.5147
    endloop
  endfacet
  facet normal 1 0 0
    outer loop
      vertex -51.0963 91.5188 11.2889
      vertex -51.0963 78.6134 11.5147
      vertex -51.0963 78.6134 11.2889
    endloop
  endfacet
  facet normal -0.258822 0.965925 0
    outer loop
      vertex -25.4 85.4988 6.26533
      vertex -51.0963 78.6134 6.49111
      vertex -25.4 85.4988 6.49111
    endloop
  endfacet
  facet normal -0.258822 0.965925 0
    outer loop
      vertex -51.0963 78.6134 6.49111
      vertex -25.4 85.4988 6.26533
      vertex -51.0963 78.6134 6.26533
    endloop
  endfacet
  facet normal -0.258822 0.965925 0
    outer loop
      vertex -25.4 85.4988 11.2889
      vertex -51.0963 78.6134 11.5147
      vertex -25.4 85.4988 11.5147
    endloop
  endfacet
  facet normal -0.258822 0.965925 0
    outer loop
      vertex -51.0963 78.6134 11.5147
      vertex -25.4 85.4988 11.2889
      vertex -51.0963 78.6134 11.2889
    endloop
  endfacet
  facet normal 0.258822 0.965925 -0
    outer loop
      vertex -4.48734 79.8952 6.26533
      vertex -25.4 85.4988 6.49111
      vertex -4.48734 79.8952 6.49111
    endloop
  endfacet
  facet normal 0.258822 0.965925 0
    outer loop
      vertex -25.4 85.4988 6.49111
      vertex -4.48734 79.8952 6.26533
      vertex -25.4 85.4988 6.26533
    endloop
  endfacet
  facet normal 0.258822 0.965925 -0
    outer loop
      vertex -4.48734 79.8952 11.2889
      vertex -25.4 85.4988 11.5147
      vertex -4.48734 79.8952 11.5147
    endloop
  endfacet
  facet normal 0.258822 0.965925 0
    outer loop
      vertex -25.4 85.4988 11.5147
      vertex -4.48734 79.8952 11.2889
      vertex -25.4 85.4988 11.2889
    endloop
  endfacet
  facet normal 1 -0 0
    outer loop
      vertex -4.48734 54.831 6.49111
      vertex -4.48734 79.8952 6.26533
      vertex -4.48734 79.8952 6.49111
    endloop
  endfacet
  facet normal 1 0 0
    outer loop
      vertex -4.48734 79.8952 6.26533
      vertex -4.48734 54.831 6.49111
      vertex -4.48734 54.831 6.26533
    endloop
  endfacet
  facet normal 1 -0 0
    outer loop
      vertex -4.48734 54.831 11.5147
      vertex -4.48734 79.8952 11.2889
      vertex -4.48734 79.8952 11.5147
    endloop
  endfacet
  facet normal 1 0 0
    outer loop
      vertex -4.48734 79.8952 11.2889
      vertex -4.48734 54.831 11.5147
      vertex -4.48734 54.831 11.2889
    endloop
  endfacet
  facet normal 0 0 1
    outer loop
      vertex -50.6448 91.9704 6.03956
      vertex -50.8705 91.7446 6.03956
      vertex -50.6448 79.2019 6.03956
    endloop
  endfacet
  facet normal 0 0 1
    outer loop
      vertex -50.6448 91.9704 6.03956
      vertex -55.0474 91.7446 6.03956
      vertex -50.8705 91.7446 6.03956
    endloop
  endfacet
  facet normal -0 0 1
    outer loop
      vertex -55.2732 91.9704 6.03956
      vertex -55.0474 91.7446 6.03956
      vertex -50.6448 91.9704 6.03956
    endloop
  endfacet
  facet normal 0 0 1
    outer loop
      vertex -55.2732 54.831 6.03956
      vertex -55.0474 91.7446 6.03956
      vertex -55.2732 91.9704 6.03956
    endloop
  endfacet
  facet normal 0 0 1
    outer loop
      vertex -55.0474 91.7446 6.03956
      vertex -55.2732 54.831 6.03956
      vertex -55.0474 54.831 6.03956
    endloop
  endfacet
  facet normal 0 0 1
    outer loop
      vertex -4.03578 80.2417 6.03956
      vertex -4.26155 80.0685 6.03956
      vertex -4.03578 54.831 6.03956
    endloop
  endfacet
  facet normal 0 0 1
    outer loop
      vertex -25.4 85.9663 6.03956
      vertex -4.26155 80.0685 6.03956
      vertex -4.03578 80.2417 6.03956
    endloop
  endfacet
  facet normal 0 0 1
    outer loop
      vertex -25.4 85.9663 6.03956
      vertex -25.4 85.7325 6.03956
      vertex -4.26155 80.0685 6.03956
    endloop
  endfacet
  facet normal 0 0 1
    outer loop
      vertex -50.6448 79.2019 6.03956
      vertex -25.4 85.7325 6.03956
      vertex -25.4 85.9663 6.03956
    endloop
  endfacet
  facet normal -0 0 1
    outer loop
      vertex -50.6448 79.2019 6.03956
      vertex -50.8705 78.9077 6.03956
      vertex -25.4 85.7325 6.03956
    endloop
  endfacet
  facet normal 0 0 1
    outer loop
      vertex -50.8705 78.9077 6.03956
      vertex -50.6448 79.2019 6.03956
      vertex -50.8705 91.7446 6.03956
    endloop
  endfacet
  facet normal 0 0 1
    outer loop
      vertex -4.03578 54.831 6.03956
      vertex -4.26155 80.0685 6.03956
      vertex -4.26155 54.831 6.03956
    endloop
  endfacet
  facet normal 0 0 -1
    outer loop
      vertex -55.0474 54.831 11.7404
      vertex -55.2732 54.831 11.7404
      vertex -55.0474 91.7446 11.7404
    endloop
  endfacet
  facet normal 0 0 -1
    outer loop
      vertex -4.26155 80.0685 11.7404
      vertex -4.03578 54.831 11.7404
      vertex -4.26155 54.831 11.7404
    endloop
  endfacet
  facet normal 0 0 -1
    outer loop
      vertex -4.03578 54.831 11.7404
      vertex -4.26155 80.0685 11.7404
      vertex -4.03578 80.2417 11.7404
    endloop
  endfacet
  facet normal 0 0 -1
    outer loop
      vertex -25.4 85.9663 11.7404
      vertex -4.26155 80.0685 11.7404
      vertex -25.4 85.7325 11.7404
    endloop
  endfacet
  facet normal 0 0 -1
    outer loop
      vertex -4.26155 80.0685 11.7404
      vertex -25.4 85.9663 11.7404
      vertex -4.03578 80.2417 11.7404
    endloop
  endfacet
  facet normal -0 0 -1
    outer loop
      vertex -25.4 85.7325 11.7404
      vertex -50.6448 79.2019 11.7404
      vertex -25.4 85.9663 11.7404
    endloop
  endfacet
  facet normal 0 0 -1
    outer loop
      vertex -50.8705 78.9077 11.7404
      vertex -50.6448 79.2019 11.7404
      vertex -25.4 85.7325 11.7404
    endloop
  endfacet
  facet normal 0 0 -1
    outer loop
      vertex -50.8705 91.7446 11.7404
      vertex -50.6448 79.2019 11.7404
      vertex -50.8705 78.9077 11.7404
    endloop
  endfacet
  facet normal 0 0 -1
    outer loop
      vertex -50.6448 79.2019 11.7404
      vertex -50.8705 91.7446 11.7404
      vertex -50.6448 91.9704 11.7404
    endloop
  endfacet
  facet normal 0 0 -1
    outer loop
      vertex -55.0474 91.7446 11.7404
      vertex -50.6448 91.9704 11.7404
      vertex -50.8705 91.7446 11.7404
    endloop
  endfacet
  facet normal 0 0 -1
    outer loop
      vertex -55.0474 91.7446 11.7404
      vertex -55.2732 91.9704 11.7404
      vertex -50.6448 91.9704 11.7404
    endloop
  endfacet
  facet normal 0 0 -1
    outer loop
      vertex -55.2732 91.9704 11.7404
      vertex -55.0474 91.7446 11.7404
      vertex -55.2732 54.831 11.7404
    endloop
  endfacet
  facet normal -1 0 0
    outer loop
      vertex -55.0474 54.831 6.03956
      vertex -55.0474 91.7446 6.26533
      vertex -55.0474 91.7446 6.03956
    endloop
  endfacet
  facet normal -1 -0 0
    outer loop
      vertex -55.0474 91.7446 6.26533
      vertex -55.0474 54.831 6.03956
      vertex -55.0474 54.831 6.26533
    endloop
  endfacet
  facet normal -1 0 0
    outer loop
      vertex -55.0474 54.831 11.5147
      vertex -55.0474 91.7446 11.7404
      vertex -55.0474 91.7446 11.5147
    endloop
  endfacet
  facet normal -1 -0 0
    outer loop
      vertex -55.0474 91.7446 11.7404
      vertex -55.0474 54.831 11.5147
      vertex -55.0474 54.831 11.7404
    endloop
  endfacet
  facet normal 0 1 -0
    outer loop
      vertex -50.8705 91.7446 6.03956
      vertex -55.0474 91.7446 6.26533
      vertex -50.8705 91.7446 6.26533
    endloop
  endfacet
  facet normal 0 1 0
    outer loop
      vertex -55.0474 91.7446 6.26533
      vertex -50.8705 91.7446 6.03956
      vertex -55.0474 91.7446 6.03956
    endloop
  endfacet
  facet normal 0 1 -0
    outer loop
      vertex -50.8705 91.7446 11.5147
      vertex -55.0474 91.7446 11.7404
      vertex -50.8705 91.7446 11.7404
    endloop
  endfacet
  facet normal 0 1 0
    outer loop
      vertex -55.0474 91.7446 11.7404
      vertex -50.8705 91.7446 11.5147
      vertex -55.0474 91.7446 11.5147
    endloop
  endfacet
  facet normal 1 -0 0
    outer loop
      vertex -50.8705 78.9077 6.26533
      vertex -50.8705 91.7446 6.03956
      vertex -50.8705 91.7446 6.26533
    endloop
  endfacet
  facet normal 1 0 0
    outer loop
      vertex -50.8705 91.7446 6.03956
      vertex -50.8705 78.9077 6.26533
      vertex -50.8705 78.9077 6.03956
    endloop
  endfacet
  facet normal 1 -0 0
    outer loop
      vertex -50.8705 78.9077 11.7404
      vertex -50.8705 91.7446 11.5147
      vertex -50.8705 91.7446 11.7404
    endloop
  endfacet
  facet normal 1 0 0
    outer loop
      vertex -50.8705 91.7446 11.5147
      vertex -50.8705 78.9077 11.7404
      vertex -50.8705 78.9077 11.5147
    endloop
  endfacet
  facet normal -0.258819 0.965926 0
    outer loop
      vertex -25.4 85.7325 6.03956
      vertex -50.8705 78.9077 6.26533
      vertex -25.4 85.7325 6.26533
    endloop
  endfacet
  facet normal -0.258819 0.965926 0
    outer loop
      vertex -50.8705 78.9077 6.26533
      vertex -25.4 85.7325 6.03956
      vertex -50.8705 78.9077 6.03956
    endloop
  endfacet
  facet normal -0.258819 0.965926 0
    outer loop
      vertex -25.4 85.7325 11.5147
      vertex -50.8705 78.9077 11.7404
      vertex -25.4 85.7325 11.7404
    endloop
  endfacet
  facet normal -0.258819 0.965926 0
    outer loop
      vertex -50.8705 78.9077 11.7404
      vertex -25.4 85.7325 11.5147
      vertex -50.8705 78.9077 11.5147
    endloop
  endfacet
  facet normal 0.258818 0.965926 -0
    outer loop
      vertex -4.26155 80.0685 6.03956
      vertex -25.4 85.7325 6.26533
      vertex -4.26155 80.0685 6.26533
    endloop
  endfacet
  facet normal 0.258818 0.965926 0
    outer loop
      vertex -25.4 85.7325 6.26533
      vertex -4.26155 80.0685 6.03956
      vertex -25.4 85.7325 6.03956
    endloop
  endfacet
  facet normal 0.258818 0.965926 -0
    outer loop
      vertex -4.26155 80.0685 11.5147
      vertex -25.4 85.7325 11.7404
      vertex -4.26155 80.0685 11.7404
    endloop
  endfacet
  facet normal 0.258818 0.965926 0
    outer loop
      vertex -25.4 85.7325 11.7404
      vertex -4.26155 80.0685 11.5147
      vertex -25.4 85.7325 11.5147
    endloop
  endfacet
  facet normal 1 -0 0
    outer loop
      vertex -4.26155 54.831 6.26533
      vertex -4.26155 80.0685 6.03956
      vertex -4.26155 80.0685 6.26533
    endloop
  endfacet
  facet normal 1 0 0
    outer loop
      vertex -4.26155 80.0685 6.03956
      vertex -4.26155 54.831 6.26533
      vertex -4.26155 54.831 6.03956
    endloop
  endfacet
  facet normal 1 -0 0
    outer loop
      vertex -4.26155 54.831 11.7404
      vertex -4.26155 80.0685 11.5147
      vertex -4.26155 80.0685 11.7404
    endloop
  endfacet
  facet normal 1 0 0
    outer loop
      vertex -4.26155 80.0685 11.5147
      vertex -4.26155 54.831 11.7404
      vertex -4.26155 54.831 11.5147
    endloop
  endfacet
  facet normal 0 0 1
    outer loop
      vertex -50.419 92.1962 5.81378
      vertex -50.6448 91.9704 5.81378
      vertex -50.419 79.4962 5.81378
    endloop
  endfacet
  facet normal 0 0 1
    outer loop
      vertex -50.419 92.1962 5.81378
      vertex -55.2732 91.9704 5.81378
      vertex -50.6448 91.9704 5.81378
    endloop
  endfacet
  facet normal -0 0 1
    outer loop
      vertex -55.499 92.1962 5.81378
      vertex -55.2732 91.9704 5.81378
      vertex -50.419 92.1962 5.81378
    endloop
  endfacet
  facet normal 0 0 1
    outer loop
      vertex -55.499 54.831 5.81378
      vertex -55.2732 91.9704 5.81378
      vertex -55.499 92.1962 5.81378
    endloop
  endfacet
  facet normal 0 0 1
    outer loop
      vertex -55.2732 91.9704 5.81378
      vertex -55.499 54.831 5.81378
      vertex -55.2732 54.831 5.81378
    endloop
  endfacet
  facet normal 0 0 1
    outer loop
      vertex -3.81 80.415 5.81378
      vertex -4.03578 80.2417 5.81378
      vertex -3.81 54.831 5.81378
    endloop
  endfacet
  facet normal 0 0 1
    outer loop
      vertex -25.4 86.2 5.81378
      vertex -4.03578 80.2417 5.81378
      vertex -3.81 80.415 5.81378
    endloop
  endfacet
  facet normal 0 0 1
    outer loop
      vertex -25.4 86.2 5.81378
      vertex -25.4 85.9663 5.81378
      vertex -4.03578 80.2417 5.81378
    endloop
  endfacet
  facet normal 0 0 1
    outer loop
      vertex -50.419 79.4962 5.81378
      vertex -25.4 85.9663 5.81378
      vertex -25.4 86.2 5.81378
    endloop
  endfacet
  facet normal -0 0 1
    outer loop
      vertex -50.419 79.4962 5.81378
      vertex -50.6448 79.2019 5.81378
      vertex -25.4 85.9663 5.81378
    endloop
  endfacet
  facet normal 0 0 1
    outer loop
      vertex -50.6448 79.2019 5.81378
      vertex -50.419 79.4962 5.81378
      vertex -50.6448 91.9704 5.81378
    endloop
  endfacet
  facet normal 0 0 1
    outer loop
      vertex -3.81 54.831 5.81378
      vertex -4.03578 80.2417 5.81378
      vertex -4.03578 54.831 5.81378
    endloop
  endfacet
  facet normal 0 0 -1
    outer loop
      vertex -55.2732 54.831 11.9662
      vertex -55.499 54.831 11.9662
      vertex -55.2732 91.9704 11.9662
    endloop
  endfacet
  facet normal 0 0 -1
    outer loop
      vertex -4.03578 80.2417 11.9662
      vertex -3.81 54.831 11.9662
      vertex -4.03578 54.831 11.9662
    endloop
  endfacet
  facet normal 0 0 -1
    outer loop
      vertex -3.81 54.831 11.9662
      vertex -4.03578 80.2417 11.9662
      vertex -3.81 80.415 11.9662
    endloop
  endfacet
  facet normal 0 0 -1
    outer loop
      vertex -25.4 86.2 11.9662
      vertex -4.03578 80.2417 11.9662
      vertex -25.4 85.9663 11.9662
    endloop
  endfacet
  facet normal 0 0 -1
    outer loop
      vertex -4.03578 80.2417 11.9662
      vertex -25.4 86.2 11.9662
      vertex -3.81 80.415 11.9662
    endloop
  endfacet
  facet normal -0 0 -1
    outer loop
      vertex -25.4 85.9663 11.9662
      vertex -50.419 79.4962 11.9662
      vertex -25.4 86.2 11.9662
    endloop
  endfacet
  facet normal 0 0 -1
    outer loop
      vertex -50.6448 79.2019 11.9662
      vertex -50.419 79.4962 11.9662
      vertex -25.4 85.9663 11.9662
    endloop
  endfacet
  facet normal 0 0 -1
    outer loop
      vertex -50.6448 91.9704 11.9662
      vertex -50.419 79.4962 11.9662
      vertex -50.6448 79.2019 11.9662
    endloop
  endfacet
  facet normal 0 0 -1
    outer loop
      vertex -50.419 79.4962 11.9662
      vertex -50.6448 91.9704 11.9662
      vertex -50.419 92.1962 11.9662
    endloop
  endfacet
  facet normal 0 0 -1
    outer loop
      vertex -55.2732 91.9704 11.9662
      vertex -50.419 92.1962 11.9662
      vertex -50.6448 91.9704 11.9662
    endloop
  endfacet
  facet normal 0 0 -1
    outer loop
      vertex -55.2732 91.9704 11.9662
      vertex -55.499 92.1962 11.9662
      vertex -50.419 92.1962 11.9662
    endloop
  endfacet
  facet normal 0 0 -1
    outer loop
      vertex -55.499 92.1962 11.9662
      vertex -55.2732 91.9704 11.9662
      vertex -55.499 54.831 11.9662
    endloop
  endfacet
  facet normal -1 0 0
    outer loop
      vertex -55.2732 54.831 5.81378
      vertex -55.2732 91.9704 6.03956
      vertex -55.2732 91.9704 5.81378
    endloop
  endfacet
  facet normal -1 -0 0
    outer loop
      vertex -55.2732 91.9704 6.03956
      vertex -55.2732 54.831 5.81378
      vertex -55.2732 54.831 6.03956
    endloop
  endfacet
  facet normal -1 0 0
    outer loop
      vertex -55.2732 54.831 11.7404
      vertex -55.2732 91.9704 11.9662
      vertex -55.2732 91.9704 11.7404
    endloop
  endfacet
  facet normal -1 -0 0
    outer loop
      vertex -55.2732 91.9704 11.9662
      vertex -55.2732 54.831 11.7404
      vertex -55.2732 54.831 11.9662
    endloop
  endfacet
  facet normal 0 1 -0
    outer loop
      vertex -50.6448 91.9704 5.81378
      vertex -55.2732 91.9704 6.03956
      vertex -50.6448 91.9704 6.03956
    endloop
  endfacet
  facet normal 0 1 0
    outer loop
      vertex -55.2732 91.9704 6.03956
      vertex -50.6448 91.9704 5.81378
      vertex -55.2732 91.9704 5.81378
    endloop
  endfacet
  facet normal 0 1 -0
    outer loop
      vertex -50.6448 91.9704 11.7404
      vertex -55.2732 91.9704 11.9662
      vertex -50.6448 91.9704 11.9662
    endloop
  endfacet
  facet normal 0 1 0
    outer loop
      vertex -55.2732 91.9704 11.9662
      vertex -50.6448 91.9704 11.7404
      vertex -55.2732 91.9704 11.7404
    endloop
  endfacet
  facet normal 1 -0 0
    outer loop
      vertex -50.6448 79.2019 6.03956
      vertex -50.6448 91.9704 5.81378
      vertex -50.6448 91.9704 6.03956
    endloop
  endfacet
  facet normal 1 0 0
    outer loop
      vertex -50.6448 91.9704 5.81378
      vertex -50.6448 79.2019 6.03956
      vertex -50.6448 79.2019 5.81378
    endloop
  endfacet
  facet normal 1 -0 0
    outer loop
      vertex -50.6448 79.2019 11.9662
      vertex -50.6448 91.9704 11.7404
      vertex -50.6448 91.9704 11.9662
    endloop
  endfacet
  facet normal 1 0 0
    outer loop
      vertex -50.6448 91.9704 11.7404
      vertex -50.6448 79.2019 11.9662
      vertex -50.6448 79.2019 11.7404
    endloop
  endfacet
  facet normal -0.258822 0.965925 0
    outer loop
      vertex -25.4 85.9663 5.81378
      vertex -50.6448 79.2019 6.03956
      vertex -25.4 85.9663 6.03956
    endloop
  endfacet
  facet normal -0.258822 0.965925 0
    outer loop
      vertex -50.6448 79.2019 6.03956
      vertex -25.4 85.9663 5.81378
      vertex -50.6448 79.2019 5.81378
    endloop
  endfacet
  facet normal -0.258822 0.965925 0
    outer loop
      vertex -25.4 85.9663 11.7404
      vertex -50.6448 79.2019 11.9662
      vertex -25.4 85.9663 11.9662
    endloop
  endfacet
  facet normal -0.258822 0.965925 0
    outer loop
      vertex -50.6448 79.2019 11.9662
      vertex -25.4 85.9663 11.7404
      vertex -50.6448 79.2019 11.7404
    endloop
  endfacet
  facet normal 0.258822 0.965925 -0
    outer loop
      vertex -4.03578 80.2417 5.81378
      vertex -25.4 85.9663 6.03956
      vertex -4.03578 80.2417 6.03956
    endloop
  endfacet
  facet normal 0.258822 0.965925 0
    outer loop
      vertex -25.4 85.9663 6.03956
      vertex -4.03578 80.2417 5.81378
      vertex -25.4 85.9663 5.81378
    endloop
  endfacet
  facet normal 0.258822 0.965925 -0
    outer loop
      vertex -4.03578 80.2417 11.7404
      vertex -25.4 85.9663 11.9662
      vertex -4.03578 80.2417 11.9662
    endloop
  endfacet
  facet normal 0.258822 0.965925 0
    outer loop
      vertex -25.4 85.9663 11.9662
      vertex -4.03578 80.2417 11.7404
      vertex -25.4 85.9663 11.7404
    endloop
  endfacet
  facet normal 1 -0 0
    outer loop
      vertex -4.03578 54.831 6.03956
      vertex -4.03578 80.2417 5.81378
      vertex -4.03578 80.2417 6.03956
    endloop
  endfacet
  facet normal 1 0 0
    outer loop
      vertex -4.03578 80.2417 5.81378
      vertex -4.03578 54.831 6.03956
      vertex -4.03578 54.831 5.81378
    endloop
  endfacet
  facet normal 1 -0 0
    outer loop
      vertex -4.03578 54.831 11.9662
      vertex -4.03578 80.2417 11.7404
      vertex -4.03578 80.2417 11.9662
    endloop
  endfacet
  facet normal 1 0 0
    outer loop
      vertex -4.03578 80.2417 11.7404
      vertex -4.03578 54.831 11.9662
      vertex -4.03578 54.831 11.7404
    endloop
  endfacet
  facet normal 0 0 1
    outer loop
      vertex -52.2252 90.3899 78.74
      vertex -52.451 90.1642 78.74
      vertex -52.2252 77.1423 78.74
    endloop
  endfacet
  facet normal 0 0 1
    outer loop
      vertex -52.2252 90.3899 78.74
      vertex -53.467 90.1642 78.74
      vertex -52.451 90.1642 78.74
    endloop
  endfacet
  facet normal -0 0 1
    outer loop
      vertex -53.6928 90.3899 78.74
      vertex -53.467 90.1642 78.74
      vertex -52.2252 90.3899 78.74
    endloop
  endfacet
  facet normal 0 0 1
    outer loop
      vertex -53.6928 54.831 78.74
      vertex -53.467 90.1642 78.74
      vertex -53.6928 90.3899 78.74
    endloop
  endfacet
  facet normal 0 0 1
    outer loop
      vertex -53.467 90.1642 78.74
      vertex -53.6928 54.831 78.74
      vertex -53.467 54.831 78.74
    endloop
  endfacet
  facet normal 0 0 1
    outer loop
      vertex -5.61623 79.029 78.74
      vertex -5.842 78.8557 78.74
      vertex -5.61623 54.831 78.74
    endloop
  endfacet
  facet normal 0 0 1
    outer loop
      vertex -25.4 84.3301 78.74
      vertex -5.842 78.8557 78.74
      vertex -5.61623 79.029 78.74
    endloop
  endfacet
  facet normal 0 0 1
    outer loop
      vertex -25.4 84.3301 78.74
      vertex -25.4 84.0963 78.74
      vertex -5.842 78.8557 78.74
    endloop
  endfacet
  facet normal 0 0 1
    outer loop
      vertex -52.2252 77.1423 78.74
      vertex -25.4 84.0963 78.74
      vertex -25.4 84.3301 78.74
    endloop
  endfacet
  facet normal -0 0 1
    outer loop
      vertex -52.2252 77.1423 78.74
      vertex -52.451 76.848 78.74
      vertex -25.4 84.0963 78.74
    endloop
  endfacet
  facet normal 0 0 1
    outer loop
      vertex -52.451 76.848 78.74
      vertex -52.2252 77.1423 78.74
      vertex -52.451 90.1642 78.74
    endloop
  endfacet
  facet normal 0 0 1
    outer loop
      vertex -5.61623 54.831 78.74
      vertex -5.842 78.8557 78.74
      vertex -5.842 54.831 78.74
    endloop
  endfacet
  facet normal 0 0 -1
    outer loop
      vertex -53.467 54.831 81.28
      vertex -53.6928 54.831 81.28
      vertex -53.467 90.1642 81.28
    endloop
  endfacet
  facet normal 0 0 -1
    outer loop
      vertex -5.842 78.8557 81.28
      vertex -5.61623 54.831 81.28
      vertex -5.842 54.831 81.28
    endloop
  endfacet
  facet normal 0 0 -1
    outer loop
      vertex -5.61623 54.831 81.28
      vertex -5.842 78.8557 81.28
      vertex -5.61623 79.029 81.28
    endloop
  endfacet
  facet normal 0 0 -1
    outer loop
      vertex -25.4 84.3301 81.28
      vertex -5.842 78.8557 81.28
      vertex -25.4 84.0963 81.28
    endloop
  endfacet
  facet normal 0 0 -1
    outer loop
      vertex -5.842 78.8557 81.28
      vertex -25.4 84.3301 81.28
      vertex -5.61623 79.029 81.28
    endloop
  endfacet
  facet normal -0 0 -1
    outer loop
      vertex -25.4 84.0963 81.28
      vertex -52.2252 77.1423 81.28
      vertex -25.4 84.3301 81.28
    endloop
  endfacet
  facet normal 0 0 -1
    outer loop
      vertex -52.451 76.848 81.28
      vertex -52.2252 77.1423 81.28
      vertex -25.4 84.0963 81.28
    endloop
  endfacet
  facet normal 0 0 -1
    outer loop
      vertex -52.451 90.1642 81.28
      vertex -52.2252 77.1423 81.28
      vertex -52.451 76.848 81.28
    endloop
  endfacet
  facet normal 0 0 -1
    outer loop
      vertex -52.2252 77.1423 81.28
      vertex -52.451 90.1642 81.28
      vertex -52.2252 90.3899 81.28
    endloop
  endfacet
  facet normal 0 0 -1
    outer loop
      vertex -53.467 90.1642 81.28
      vertex -52.2252 90.3899 81.28
      vertex -52.451 90.1642 81.28
    endloop
  endfacet
  facet normal 0 0 -1
    outer loop
      vertex -53.467 90.1642 81.28
      vertex -53.6928 90.3899 81.28
      vertex -52.2252 90.3899 81.28
    endloop
  endfacet
  facet normal 0 0 -1
    outer loop
      vertex -53.6928 90.3899 81.28
      vertex -53.467 90.1642 81.28
      vertex -53.6928 54.831 81.28
    endloop
  endfacet
  facet normal -1 0 0
    outer loop
      vertex -53.467 54.831 78.74
      vertex -53.467 90.1642 81.28
      vertex -53.467 90.1642 78.74
    endloop
  endfacet
  facet normal -1 -0 0
    outer loop
      vertex -53.467 90.1642 81.28
      vertex -53.467 54.831 78.74
      vertex -53.467 54.831 81.28
    endloop
  endfacet
  facet normal 0 1 -0
    outer loop
      vertex -52.451 90.1642 78.74
      vertex -53.467 90.1642 81.28
      vertex -52.451 90.1642 81.28
    endloop
  endfacet
  facet normal 0 1 0
    outer loop
      vertex -53.467 90.1642 81.28
      vertex -52.451 90.1642 78.74
      vertex -53.467 90.1642 78.74
    endloop
  endfacet
  facet normal 1 -0 0
    outer loop
      vertex -52.451 76.848 81.28
      vertex -52.451 90.1642 78.74
      vertex -52.451 90.1642 81.28
    endloop
  endfacet
  facet normal 1 0 0
    outer loop
      vertex -52.451 90.1642 78.74
      vertex -52.451 76.848 81.28
      vertex -52.451 76.848 78.74
    endloop
  endfacet
  facet normal -0.258819 0.965926 0
    outer loop
      vertex -25.4 84.0963 78.74
      vertex -52.451 76.848 81.28
      vertex -25.4 84.0963 81.28
    endloop
  endfacet
  facet normal -0.258819 0.965926 0
    outer loop
      vertex -52.451 76.848 81.28
      vertex -25.4 84.0963 78.74
      vertex -52.451 76.848 78.74
    endloop
  endfacet
  facet normal 0.258821 0.965925 -0
    outer loop
      vertex -5.842 78.8557 78.74
      vertex -25.4 84.0963 81.28
      vertex -5.842 78.8557 81.28
    endloop
  endfacet
  facet normal 0.258821 0.965925 0
    outer loop
      vertex -25.4 84.0963 81.28
      vertex -5.842 78.8557 78.74
      vertex -25.4 84.0963 78.74
    endloop
  endfacet
  facet normal 1 -0 0
    outer loop
      vertex -5.842 54.831 81.28
      vertex -5.842 78.8557 78.74
      vertex -5.842 78.8557 81.28
    endloop
  endfacet
  facet normal 1 0 0
    outer loop
      vertex -5.842 78.8557 78.74
      vertex -5.842 54.831 81.28
      vertex -5.842 54.831 78.74
    endloop
  endfacet
  facet normal 0 0 1
    outer loop
      vertex -51.9994 90.6157 78.5142
      vertex -52.2252 90.3899 78.5142
      vertex -51.9994 77.4365 78.5142
    endloop
  endfacet
  facet normal 0 0 1
    outer loop
      vertex -51.9994 90.6157 78.5142
      vertex -53.6928 90.3899 78.5142
      vertex -52.2252 90.3899 78.5142
    endloop
  endfacet
  facet normal -0 0 1
    outer loop
      vertex -53.9185 90.6157 78.5142
      vertex -53.6928 90.3899 78.5142
      vertex -51.9994 90.6157 78.5142
    endloop
  endfacet
  facet normal 0 0 1
    outer loop
      vertex -53.9185 54.831 78.5142
      vertex -53.6928 90.3899 78.5142
      vertex -53.9185 90.6157 78.5142
    endloop
  endfacet
  facet normal 0 0 1
    outer loop
      vertex -53.6928 90.3899 78.5142
      vertex -53.9185 54.831 78.5142
      vertex -53.6928 54.831 78.5142
    endloop
  endfacet
  facet normal 0 0 1
    outer loop
      vertex -5.39044 79.2022 78.5142
      vertex -5.61623 79.029 78.5142
      vertex -5.39044 54.831 78.5142
    endloop
  endfacet
  facet normal 0 0 1
    outer loop
      vertex -25.4 84.5638 78.5142
      vertex -5.61623 79.029 78.5142
      vertex -5.39044 79.2022 78.5142
    endloop
  endfacet
  facet normal 0 0 1
    outer loop
      vertex -25.4 84.5638 78.5142
      vertex -25.4 84.3301 78.5142
      vertex -5.61623 79.029 78.5142
    endloop
  endfacet
  facet normal 0 0 1
    outer loop
      vertex -51.9994 77.4365 78.5142
      vertex -25.4 84.3301 78.5142
      vertex -25.4 84.5638 78.5142
    endloop
  endfacet
  facet normal -0 0 1
    outer loop
      vertex -51.9994 77.4365 78.5142
      vertex -52.2252 77.1423 78.5142
      vertex -25.4 84.3301 78.5142
    endloop
  endfacet
  facet normal 0 0 1
    outer loop
      vertex -52.2252 77.1423 78.5142
      vertex -51.9994 77.4365 78.5142
      vertex -52.2252 90.3899 78.5142
    endloop
  endfacet
  facet normal 0 0 1
    outer loop
      vertex -5.39044 54.831 78.5142
      vertex -5.61623 79.029 78.5142
      vertex -5.61623 54.831 78.5142
    endloop
  endfacet
  facet normal 0 0 -1
    outer loop
      vertex -53.6928 54.831 81.5058
      vertex -53.9185 54.831 81.5058
      vertex -53.6928 90.3899 81.5058
    endloop
  endfacet
  facet normal 0 0 -1
    outer loop
      vertex -5.61623 79.029 81.5058
      vertex -5.39044 54.831 81.5058
      vertex -5.61623 54.831 81.5058
    endloop
  endfacet
  facet normal 0 0 -1
    outer loop
      vertex -5.39044 54.831 81.5058
      vertex -5.61623 79.029 81.5058
      vertex -5.39044 79.2022 81.5058
    endloop
  endfacet
  facet normal 0 0 -1
    outer loop
      vertex -25.4 84.5638 81.5058
      vertex -5.61623 79.029 81.5058
      vertex -25.4 84.3301 81.5058
    endloop
  endfacet
  facet normal 0 0 -1
    outer loop
      vertex -5.61623 79.029 81.5058
      vertex -25.4 84.5638 81.5058
      vertex -5.39044 79.2022 81.5058
    endloop
  endfacet
  facet normal -0 0 -1
    outer loop
      vertex -25.4 84.3301 81.5058
      vertex -51.9994 77.4365 81.5058
      vertex -25.4 84.5638 81.5058
    endloop
  endfacet
  facet normal 0 0 -1
    outer loop
      vertex -52.2252 77.1423 81.5058
      vertex -51.9994 77.4365 81.5058
      vertex -25.4 84.3301 81.5058
    endloop
  endfacet
  facet normal 0 0 -1
    outer loop
      vertex -52.2252 90.3899 81.5058
      vertex -51.9994 77.4365 81.5058
      vertex -52.2252 77.1423 81.5058
    endloop
  endfacet
  facet normal 0 0 -1
    outer loop
      vertex -51.9994 77.4365 81.5058
      vertex -52.2252 90.3899 81.5058
      vertex -51.9994 90.6157 81.5058
    endloop
  endfacet
  facet normal 0 0 -1
    outer loop
      vertex -53.6928 90.3899 81.5058
      vertex -51.9994 90.6157 81.5058
      vertex -52.2252 90.3899 81.5058
    endloop
  endfacet
  facet normal 0 0 -1
    outer loop
      vertex -53.6928 90.3899 81.5058
      vertex -53.9185 90.6157 81.5058
      vertex -51.9994 90.6157 81.5058
    endloop
  endfacet
  facet normal 0 0 -1
    outer loop
      vertex -53.9185 90.6157 81.5058
      vertex -53.6928 90.3899 81.5058
      vertex -53.9185 54.831 81.5058
    endloop
  endfacet
  facet normal -1 0 0
    outer loop
      vertex -53.6928 54.831 78.5142
      vertex -53.6928 90.3899 78.74
      vertex -53.6928 90.3899 78.5142
    endloop
  endfacet
  facet normal -1 -0 0
    outer loop
      vertex -53.6928 90.3899 78.74
      vertex -53.6928 54.831 78.5142
      vertex -53.6928 54.831 78.74
    endloop
  endfacet
  facet normal -1 0 0
    outer loop
      vertex -53.6928 54.831 81.28
      vertex -53.6928 90.3899 81.5058
      vertex -53.6928 90.3899 81.28
    endloop
  endfacet
  facet normal -1 -0 0
    outer loop
      vertex -53.6928 90.3899 81.5058
      vertex -53.6928 54.831 81.28
      vertex -53.6928 54.831 81.5058
    endloop
  endfacet
  facet normal 0 1 -0
    outer loop
      vertex -52.2252 90.3899 78.5142
      vertex -53.6928 90.3899 78.74
      vertex -52.2252 90.3899 78.74
    endloop
  endfacet
  facet normal 0 1 0
    outer loop
      vertex -53.6928 90.3899 78.74
      vertex -52.2252 90.3899 78.5142
      vertex -53.6928 90.3899 78.5142
    endloop
  endfacet
  facet normal 0 1 -0
    outer loop
      vertex -52.2252 90.3899 81.28
      vertex -53.6928 90.3899 81.5058
      vertex -52.2252 90.3899 81.5058
    endloop
  endfacet
  facet normal 0 1 0
    outer loop
      vertex -53.6928 90.3899 81.5058
      vertex -52.2252 90.3899 81.28
      vertex -53.6928 90.3899 81.28
    endloop
  endfacet
  facet normal 1 -0 0
    outer loop
      vertex -52.2252 77.1423 78.74
      vertex -52.2252 90.3899 78.5142
      vertex -52.2252 90.3899 78.74
    endloop
  endfacet
  facet normal 1 0 0
    outer loop
      vertex -52.2252 90.3899 78.5142
      vertex -52.2252 77.1423 78.74
      vertex -52.2252 77.1423 78.5142
    endloop
  endfacet
  facet normal 1 -0 0
    outer loop
      vertex -52.2252 77.1423 81.5058
      vertex -52.2252 90.3899 81.28
      vertex -52.2252 90.3899 81.5058
    endloop
  endfacet
  facet normal 1 0 0
    outer loop
      vertex -52.2252 90.3899 81.28
      vertex -52.2252 77.1423 81.5058
      vertex -52.2252 77.1423 81.28
    endloop
  endfacet
  facet normal -0.258819 0.965926 0
    outer loop
      vertex -25.4 84.3301 78.5142
      vertex -52.2252 77.1423 78.74
      vertex -25.4 84.3301 78.74
    endloop
  endfacet
  facet normal -0.258819 0.965926 0
    outer loop
      vertex -52.2252 77.1423 78.74
      vertex -25.4 84.3301 78.5142
      vertex -52.2252 77.1423 78.5142
    endloop
  endfacet
  facet normal -0.258819 0.965926 0
    outer loop
      vertex -25.4 84.3301 81.28
      vertex -52.2252 77.1423 81.5058
      vertex -25.4 84.3301 81.5058
    endloop
  endfacet
  facet normal -0.258819 0.965926 0
    outer loop
      vertex -52.2252 77.1423 81.5058
      vertex -25.4 84.3301 81.28
      vertex -52.2252 77.1423 81.28
    endloop
  endfacet
  facet normal 0.258822 0.965925 -0
    outer loop
      vertex -5.61623 79.029 78.5142
      vertex -25.4 84.3301 78.74
      vertex -5.61623 79.029 78.74
    endloop
  endfacet
  facet normal 0.258822 0.965925 0
    outer loop
      vertex -25.4 84.3301 78.74
      vertex -5.61623 79.029 78.5142
      vertex -25.4 84.3301 78.5142
    endloop
  endfacet
  facet normal 0.258822 0.965925 -0
    outer loop
      vertex -5.61623 79.029 81.28
      vertex -25.4 84.3301 81.5058
      vertex -5.61623 79.029 81.5058
    endloop
  endfacet
  facet normal 0.258822 0.965925 0
    outer loop
      vertex -25.4 84.3301 81.5058
      vertex -5.61623 79.029 81.28
      vertex -25.4 84.3301 81.28
    endloop
  endfacet
  facet normal 1 -0 0
    outer loop
      vertex -5.61623 54.831 78.74
      vertex -5.61623 79.029 78.5142
      vertex -5.61623 79.029 78.74
    endloop
  endfacet
  facet normal 1 0 0
    outer loop
      vertex -5.61623 79.029 78.5142
      vertex -5.61623 54.831 78.74
      vertex -5.61623 54.831 78.5142
    endloop
  endfacet
  facet normal 1 -0 0
    outer loop
      vertex -5.61623 54.831 81.5058
      vertex -5.61623 79.029 81.28
      vertex -5.61623 79.029 81.5058
    endloop
  endfacet
  facet normal 1 0 0
    outer loop
      vertex -5.61623 79.029 81.28
      vertex -5.61623 54.831 81.5058
      vertex -5.61623 54.831 81.28
    endloop
  endfacet
  facet normal 0 0 1
    outer loop
      vertex -51.7737 90.8415 78.2884
      vertex -51.9994 90.6157 78.2884
      vertex -51.7737 77.7307 78.2884
    endloop
  endfacet
  facet normal 0 0 1
    outer loop
      vertex -51.7737 90.8415 78.2884
      vertex -53.9185 90.6157 78.2884
      vertex -51.9994 90.6157 78.2884
    endloop
  endfacet
  facet normal -0 0 1
    outer loop
      vertex -54.1443 90.8415 78.2884
      vertex -53.9185 90.6157 78.2884
      vertex -51.7737 90.8415 78.2884
    endloop
  endfacet
  facet normal 0 0 1
    outer loop
      vertex -54.1443 54.831 78.2884
      vertex -53.9185 90.6157 78.2884
      vertex -54.1443 90.8415 78.2884
    endloop
  endfacet
  facet normal 0 0 1
    outer loop
      vertex -53.9185 90.6157 78.2884
      vertex -54.1443 54.831 78.2884
      vertex -53.9185 54.831 78.2884
    endloop
  endfacet
  facet normal 0 0 1
    outer loop
      vertex -5.16466 79.3755 78.2884
      vertex -5.39044 79.2022 78.2884
      vertex -5.16466 54.831 78.2884
    endloop
  endfacet
  facet normal 0 0 1
    outer loop
      vertex -25.4 84.7975 78.2884
      vertex -5.39044 79.2022 78.2884
      vertex -5.16466 79.3755 78.2884
    endloop
  endfacet
  facet normal 0 0 1
    outer loop
      vertex -25.4 84.7975 78.2884
      vertex -25.4 84.5638 78.2884
      vertex -5.39044 79.2022 78.2884
    endloop
  endfacet
  facet normal 0 0 1
    outer loop
      vertex -51.7737 77.7307 78.2884
      vertex -25.4 84.5638 78.2884
      vertex -25.4 84.7975 78.2884
    endloop
  endfacet
  facet normal -0 0 1
    outer loop
      vertex -51.7737 77.7307 78.2884
      vertex -51.9994 77.4365 78.2884
      vertex -25.4 84.5638 78.2884
    endloop
  endfacet
  facet normal 0 0 1
    outer loop
      vertex -51.9994 77.4365 78.2884
      vertex -51.7737 77.7307 78.2884
      vertex -51.9994 90.6157 78.2884
    endloop
  endfacet
  facet normal 0 0 1
    outer loop
      vertex -5.16466 54.831 78.2884
      vertex -5.39044 79.2022 78.2884
      vertex -5.39044 54.831 78.2884
    endloop
  endfacet
  facet normal 0 0 -1
    outer loop
      vertex -53.9185 54.831 81.7316
      vertex -54.1443 54.831 81.7316
      vertex -53.9185 90.6157 81.7316
    endloop
  endfacet
  facet normal 0 0 -1
    outer loop
      vertex -5.39044 79.2022 81.7316
      vertex -5.16466 54.831 81.7316
      vertex -5.39044 54.831 81.7316
    endloop
  endfacet
  facet normal 0 0 -1
    outer loop
      vertex -5.16466 54.831 81.7316
      vertex -5.39044 79.2022 81.7316
      vertex -5.16466 79.3755 81.7316
    endloop
  endfacet
  facet normal 0 0 -1
    outer loop
      vertex -25.4 84.7975 81.7316
      vertex -5.39044 79.2022 81.7316
      vertex -25.4 84.5638 81.7316
    endloop
  endfacet
  facet normal 0 0 -1
    outer loop
      vertex -5.39044 79.2022 81.7316
      vertex -25.4 84.7975 81.7316
      vertex -5.16466 79.3755 81.7316
    endloop
  endfacet
  facet normal -0 0 -1
    outer loop
      vertex -25.4 84.5638 81.7316
      vertex -51.7737 77.7307 81.7316
      vertex -25.4 84.7975 81.7316
    endloop
  endfacet
  facet normal 0 0 -1
    outer loop
      vertex -51.9994 77.4365 81.7316
      vertex -51.7737 77.7307 81.7316
      vertex -25.4 84.5638 81.7316
    endloop
  endfacet
  facet normal 0 0 -1
    outer loop
      vertex -51.9994 90.6157 81.7316
      vertex -51.7737 77.7307 81.7316
      vertex -51.9994 77.4365 81.7316
    endloop
  endfacet
  facet normal 0 0 -1
    outer loop
      vertex -51.7737 77.7307 81.7316
      vertex -51.9994 90.6157 81.7316
      vertex -51.7737 90.8415 81.7316
    endloop
  endfacet
  facet normal 0 0 -1
    outer loop
      vertex -53.9185 90.6157 81.7316
      vertex -51.7737 90.8415 81.7316
      vertex -51.9994 90.6157 81.7316
    endloop
  endfacet
  facet normal 0 0 -1
    outer loop
      vertex -53.9185 90.6157 81.7316
      vertex -54.1443 90.8415 81.7316
      vertex -51.7737 90.8415 81.7316
    endloop
  endfacet
  facet normal 0 0 -1
    outer loop
      vertex -54.1443 90.8415 81.7316
      vertex -53.9185 90.6157 81.7316
      vertex -54.1443 54.831 81.7316
    endloop
  endfacet
  facet normal -1 0 0
    outer loop
      vertex -53.9185 54.831 78.2884
      vertex -53.9185 90.6157 78.5142
      vertex -53.9185 90.6157 78.2884
    endloop
  endfacet
  facet normal -1 -0 0
    outer loop
      vertex -53.9185 90.6157 78.5142
      vertex -53.9185 54.831 78.2884
      vertex -53.9185 54.831 78.5142
    endloop
  endfacet
  facet normal -1 0 0
    outer loop
      vertex -53.9185 54.831 81.5058
      vertex -53.9185 90.6157 81.7316
      vertex -53.9185 90.6157 81.5058
    endloop
  endfacet
  facet normal -1 -0 0
    outer loop
      vertex -53.9185 90.6157 81.7316
      vertex -53.9185 54.831 81.5058
      vertex -53.9185 54.831 81.7316
    endloop
  endfacet
  facet normal 0 1 -0
    outer loop
      vertex -51.9994 90.6157 78.2884
      vertex -53.9185 90.6157 78.5142
      vertex -51.9994 90.6157 78.5142
    endloop
  endfacet
  facet normal 0 1 0
    outer loop
      vertex -53.9185 90.6157 78.5142
      vertex -51.9994 90.6157 78.2884
      vertex -53.9185 90.6157 78.2884
    endloop
  endfacet
  facet normal 0 1 -0
    outer loop
      vertex -51.9994 90.6157 81.5058
      vertex -53.9185 90.6157 81.7316
      vertex -51.9994 90.6157 81.7316
    endloop
  endfacet
  facet normal 0 1 0
    outer loop
      vertex -53.9185 90.6157 81.7316
      vertex -51.9994 90.6157 81.5058
      vertex -53.9185 90.6157 81.5058
    endloop
  endfacet
  facet normal 1 -0 0
    outer loop
      vertex -51.9994 77.4365 78.5142
      vertex -51.9994 90.6157 78.2884
      vertex -51.9994 90.6157 78.5142
    endloop
  endfacet
  facet normal 1 0 0
    outer loop
      vertex -51.9994 90.6157 78.2884
      vertex -51.9994 77.4365 78.5142
      vertex -51.9994 77.4365 78.2884
    endloop
  endfacet
  facet normal 1 -0 0
    outer loop
      vertex -51.9994 77.4365 81.7316
      vertex -51.9994 90.6157 81.5058
      vertex -51.9994 90.6157 81.7316
    endloop
  endfacet
  facet normal 1 0 0
    outer loop
      vertex -51.9994 90.6157 81.5058
      vertex -51.9994 77.4365 81.7316
      vertex -51.9994 77.4365 81.5058
    endloop
  endfacet
  facet normal -0.258819 0.965926 0
    outer loop
      vertex -25.4 84.5638 78.2884
      vertex -51.9994 77.4365 78.5142
      vertex -25.4 84.5638 78.5142
    endloop
  endfacet
  facet normal -0.258819 0.965926 0
    outer loop
      vertex -51.9994 77.4365 78.5142
      vertex -25.4 84.5638 78.2884
      vertex -51.9994 77.4365 78.2884
    endloop
  endfacet
  facet normal -0.258819 0.965926 0
    outer loop
      vertex -25.4 84.5638 81.5058
      vertex -51.9994 77.4365 81.7316
      vertex -25.4 84.5638 81.7316
    endloop
  endfacet
  facet normal -0.258819 0.965926 0
    outer loop
      vertex -51.9994 77.4365 81.7316
      vertex -25.4 84.5638 81.5058
      vertex -51.9994 77.4365 81.5058
    endloop
  endfacet
  facet normal 0.258822 0.965925 -0
    outer loop
      vertex -5.39044 79.2022 78.2884
      vertex -25.4 84.5638 78.5142
      vertex -5.39044 79.2022 78.5142
    endloop
  endfacet
  facet normal 0.258822 0.965925 0
    outer loop
      vertex -25.4 84.5638 78.5142
      vertex -5.39044 79.2022 78.2884
      vertex -25.4 84.5638 78.2884
    endloop
  endfacet
  facet normal 0.258822 0.965925 -0
    outer loop
      vertex -5.39044 79.2022 81.5058
      vertex -25.4 84.5638 81.7316
      vertex -5.39044 79.2022 81.7316
    endloop
  endfacet
  facet normal 0.258822 0.965925 0
    outer loop
      vertex -25.4 84.5638 81.7316
      vertex -5.39044 79.2022 81.5058
      vertex -25.4 84.5638 81.5058
    endloop
  endfacet
  facet normal 1 -0 0
    outer loop
      vertex -5.39044 54.831 78.5142
      vertex -5.39044 79.2022 78.2884
      vertex -5.39044 79.2022 78.5142
    endloop
  endfacet
  facet normal 1 0 0
    outer loop
      vertex -5.39044 79.2022 78.2884
      vertex -5.39044 54.831 78.5142
      vertex -5.39044 54.831 78.2884
    endloop
  endfacet
  facet normal 1 -0 0
    outer loop
      vertex -5.39044 54.831 81.7316
      vertex -5.39044 79.2022 81.5058
      vertex -5.39044 79.2022 81.7316
    endloop
  endfacet
  facet normal 1 0 0
    outer loop
      vertex -5.39044 79.2022 81.5058
      vertex -5.39044 54.831 81.7316
      vertex -5.39044 54.831 81.5058
    endloop
  endfacet
  facet normal 0 0 1
    outer loop
      vertex -51.5479 91.0673 78.0627
      vertex -51.7737 90.8415 78.0627
      vertex -51.5479 78.025 78.0627
    endloop
  endfacet
  facet normal 0 0 1
    outer loop
      vertex -51.5479 91.0673 78.0627
      vertex -54.1443 90.8415 78.0627
      vertex -51.7737 90.8415 78.0627
    endloop
  endfacet
  facet normal -0 0 1
    outer loop
      vertex -54.3701 91.0673 78.0627
      vertex -54.1443 90.8415 78.0627
      vertex -51.5479 91.0673 78.0627
    endloop
  endfacet
  facet normal 0 0 1
    outer loop
      vertex -54.3701 54.831 78.0627
      vertex -54.1443 90.8415 78.0627
      vertex -54.3701 91.0673 78.0627
    endloop
  endfacet
  facet normal 0 0 1
    outer loop
      vertex -54.1443 90.8415 78.0627
      vertex -54.3701 54.831 78.0627
      vertex -54.1443 54.831 78.0627
    endloop
  endfacet
  facet normal 0 0 1
    outer loop
      vertex -4.93889 79.5487 78.0627
      vertex -5.16466 79.3755 78.0627
      vertex -4.93889 54.831 78.0627
    endloop
  endfacet
  facet normal 0 0 1
    outer loop
      vertex -25.4 85.0313 78.0627
      vertex -5.16466 79.3755 78.0627
      vertex -4.93889 79.5487 78.0627
    endloop
  endfacet
  facet normal 0 0 1
    outer loop
      vertex -25.4 85.0313 78.0627
      vertex -25.4 84.7975 78.0627
      vertex -5.16466 79.3755 78.0627
    endloop
  endfacet
  facet normal 0 0 1
    outer loop
      vertex -51.5479 78.025 78.0627
      vertex -25.4 84.7975 78.0627
      vertex -25.4 85.0313 78.0627
    endloop
  endfacet
  facet normal -0 0 1
    outer loop
      vertex -51.5479 78.025 78.0627
      vertex -51.7737 77.7307 78.0627
      vertex -25.4 84.7975 78.0627
    endloop
  endfacet
  facet normal 0 0 1
    outer loop
      vertex -51.7737 77.7307 78.0627
      vertex -51.5479 78.025 78.0627
      vertex -51.7737 90.8415 78.0627
    endloop
  endfacet
  facet normal 0 0 1
    outer loop
      vertex -4.93889 54.831 78.0627
      vertex -5.16466 79.3755 78.0627
      vertex -5.16466 54.831 78.0627
    endloop
  endfacet
  facet normal 0 0 -1
    outer loop
      vertex -54.1443 54.831 81.9573
      vertex -54.3701 54.831 81.9573
      vertex -54.1443 90.8415 81.9573
    endloop
  endfacet
  facet normal 0 0 -1
    outer loop
      vertex -5.16466 79.3755 81.9573
      vertex -4.93889 54.831 81.9573
      vertex -5.16466 54.831 81.9573
    endloop
  endfacet
  facet normal 0 0 -1
    outer loop
      vertex -4.93889 54.831 81.9573
      vertex -5.16466 79.3755 81.9573
      vertex -4.93889 79.5487 81.9573
    endloop
  endfacet
  facet normal 0 0 -1
    outer loop
      vertex -25.4 85.0313 81.9573
      vertex -5.16466 79.3755 81.9573
      vertex -25.4 84.7975 81.9573
    endloop
  endfacet
  facet normal 0 0 -1
    outer loop
      vertex -5.16466 79.3755 81.9573
      vertex -25.4 85.0313 81.9573
      vertex -4.93889 79.5487 81.9573
    endloop
  endfacet
  facet normal -0 0 -1
    outer loop
      vertex -25.4 84.7975 81.9573
      vertex -51.5479 78.025 81.9573
      vertex -25.4 85.0313 81.9573
    endloop
  endfacet
  facet normal 0 0 -1
    outer loop
      vertex -51.7737 77.7307 81.9573
      vertex -51.5479 78.025 81.9573
      vertex -25.4 84.7975 81.9573
    endloop
  endfacet
  facet normal 0 0 -1
    outer loop
      vertex -51.7737 90.8415 81.9573
      vertex -51.5479 78.025 81.9573
      vertex -51.7737 77.7307 81.9573
    endloop
  endfacet
  facet normal 0 0 -1
    outer loop
      vertex -51.5479 78.025 81.9573
      vertex -51.7737 90.8415 81.9573
      vertex -51.5479 91.0673 81.9573
    endloop
  endfacet
  facet normal 0 0 -1
    outer loop
      vertex -54.1443 90.8415 81.9573
      vertex -51.5479 91.0673 81.9573
      vertex -51.7737 90.8415 81.9573
    endloop
  endfacet
  facet normal 0 0 -1
    outer loop
      vertex -54.1443 90.8415 81.9573
      vertex -54.3701 91.0673 81.9573
      vertex -51.5479 91.0673 81.9573
    endloop
  endfacet
  facet normal 0 0 -1
    outer loop
      vertex -54.3701 91.0673 81.9573
      vertex -54.1443 90.8415 81.9573
      vertex -54.3701 54.831 81.9573
    endloop
  endfacet
  facet normal -1 0 0
    outer loop
      vertex -54.1443 54.831 78.0627
      vertex -54.1443 90.8415 78.2884
      vertex -54.1443 90.8415 78.0627
    endloop
  endfacet
  facet normal -1 -0 0
    outer loop
      vertex -54.1443 90.8415 78.2884
      vertex -54.1443 54.831 78.0627
      vertex -54.1443 54.831 78.2884
    endloop
  endfacet
  facet normal -1 0 0
    outer loop
      vertex -54.1443 54.831 81.7316
      vertex -54.1443 90.8415 81.9573
      vertex -54.1443 90.8415 81.7316
    endloop
  endfacet
  facet normal -1 -0 0
    outer loop
      vertex -54.1443 90.8415 81.9573
      vertex -54.1443 54.831 81.7316
      vertex -54.1443 54.831 81.9573
    endloop
  endfacet
  facet normal 0 1 -0
    outer loop
      vertex -51.7737 90.8415 78.0627
      vertex -54.1443 90.8415 78.2884
      vertex -51.7737 90.8415 78.2884
    endloop
  endfacet
  facet normal 0 1 0
    outer loop
      vertex -54.1443 90.8415 78.2884
      vertex -51.7737 90.8415 78.0627
      vertex -54.1443 90.8415 78.0627
    endloop
  endfacet
  facet normal 0 1 -0
    outer loop
      vertex -51.7737 90.8415 81.7316
      vertex -54.1443 90.8415 81.9573
      vertex -51.7737 90.8415 81.9573
    endloop
  endfacet
  facet normal 0 1 0
    outer loop
      vertex -54.1443 90.8415 81.9573
      vertex -51.7737 90.8415 81.7316
      vertex -54.1443 90.8415 81.7316
    endloop
  endfacet
  facet normal 1 -0 0
    outer loop
      vertex -51.7737 77.7307 78.2884
      vertex -51.7737 90.8415 78.0627
      vertex -51.7737 90.8415 78.2884
    endloop
  endfacet
  facet normal 1 0 0
    outer loop
      vertex -51.7737 90.8415 78.0627
      vertex -51.7737 77.7307 78.2884
      vertex -51.7737 77.7307 78.0627
    endloop
  endfacet
  facet normal 1 -0 0
    outer loop
      vertex -51.7737 77.7307 81.9573
      vertex -51.7737 90.8415 81.7316
      vertex -51.7737 90.8415 81.9573
    endloop
  endfacet
  facet normal 1 0 0
    outer loop
      vertex -51.7737 90.8415 81.7316
      vertex -51.7737 77.7307 81.9573
      vertex -51.7737 77.7307 81.7316
    endloop
  endfacet
  facet normal -0.258819 0.965926 0
    outer loop
      vertex -25.4 84.7975 78.0627
      vertex -51.7737 77.7307 78.2884
      vertex -25.4 84.7975 78.2884
    endloop
  endfacet
  facet normal -0.258819 0.965926 0
    outer loop
      vertex -51.7737 77.7307 78.2884
      vertex -25.4 84.7975 78.0627
      vertex -51.7737 77.7307 78.0627
    endloop
  endfacet
  facet normal -0.258819 0.965926 0
    outer loop
      vertex -25.4 84.7975 81.7316
      vertex -51.7737 77.7307 81.9573
      vertex -25.4 84.7975 81.9573
    endloop
  endfacet
  facet normal -0.258819 0.965926 0
    outer loop
      vertex -51.7737 77.7307 81.9573
      vertex -25.4 84.7975 81.7316
      vertex -51.7737 77.7307 81.7316
    endloop
  endfacet
  facet normal 0.258817 0.965926 -0
    outer loop
      vertex -5.16466 79.3755 78.0627
      vertex -25.4 84.7975 78.2884
      vertex -5.16466 79.3755 78.2884
    endloop
  endfacet
  facet normal 0.258817 0.965926 0
    outer loop
      vertex -25.4 84.7975 78.2884
      vertex -5.16466 79.3755 78.0627
      vertex -25.4 84.7975 78.0627
    endloop
  endfacet
  facet normal 0.258817 0.965926 -0
    outer loop
      vertex -5.16466 79.3755 81.7316
      vertex -25.4 84.7975 81.9573
      vertex -5.16466 79.3755 81.9573
    endloop
  endfacet
  facet normal 0.258817 0.965926 0
    outer loop
      vertex -25.4 84.7975 81.9573
      vertex -5.16466 79.3755 81.7316
      vertex -25.4 84.7975 81.7316
    endloop
  endfacet
  facet normal 1 -0 0
    outer loop
      vertex -5.16466 54.831 78.2884
      vertex -5.16466 79.3755 78.0627
      vertex -5.16466 79.3755 78.2884
    endloop
  endfacet
  facet normal 1 0 0
    outer loop
      vertex -5.16466 79.3755 78.0627
      vertex -5.16466 54.831 78.2884
      vertex -5.16466 54.831 78.0627
    endloop
  endfacet
  facet normal 1 -0 0
    outer loop
      vertex -5.16466 54.831 81.9573
      vertex -5.16466 79.3755 81.7316
      vertex -5.16466 79.3755 81.9573
    endloop
  endfacet
  facet normal 1 0 0
    outer loop
      vertex -5.16466 79.3755 81.7316
      vertex -5.16466 54.831 81.9573
      vertex -5.16466 54.831 81.7316
    endloop
  endfacet
  facet normal 0 0 1
    outer loop
      vertex -51.3221 91.2931 77.8369
      vertex -51.5479 91.0673 77.8369
      vertex -51.3221 78.3192 77.8369
    endloop
  endfacet
  facet normal 0 0 1
    outer loop
      vertex -51.3221 91.2931 77.8369
      vertex -54.3701 91.0673 77.8369
      vertex -51.5479 91.0673 77.8369
    endloop
  endfacet
  facet normal -0 0 1
    outer loop
      vertex -54.5959 91.2931 77.8369
      vertex -54.3701 91.0673 77.8369
      vertex -51.3221 91.2931 77.8369
    endloop
  endfacet
  facet normal 0 0 1
    outer loop
      vertex -54.5959 54.831 77.8369
      vertex -54.3701 91.0673 77.8369
      vertex -54.5959 91.2931 77.8369
    endloop
  endfacet
  facet normal 0 0 1
    outer loop
      vertex -54.3701 91.0673 77.8369
      vertex -54.5959 54.831 77.8369
      vertex -54.3701 54.831 77.8369
    endloop
  endfacet
  facet normal 0 0 1
    outer loop
      vertex -4.7131 79.722 77.8369
      vertex -4.93889 79.5487 77.8369
      vertex -4.7131 54.831 77.8369
    endloop
  endfacet
  facet normal 0 0 1
    outer loop
      vertex -25.4 85.265 77.8369
      vertex -4.93889 79.5487 77.8369
      vertex -4.7131 79.722 77.8369
    endloop
  endfacet
  facet normal 0 0 1
    outer loop
      vertex -25.4 85.265 77.8369
      vertex -25.4 85.0313 77.8369
      vertex -4.93889 79.5487 77.8369
    endloop
  endfacet
  facet normal 0 0 1
    outer loop
      vertex -51.3221 78.3192 77.8369
      vertex -25.4 85.0313 77.8369
      vertex -25.4 85.265 77.8369
    endloop
  endfacet
  facet normal -0 0 1
    outer loop
      vertex -51.3221 78.3192 77.8369
      vertex -51.5479 78.025 77.8369
      vertex -25.4 85.0313 77.8369
    endloop
  endfacet
  facet normal 0 0 1
    outer loop
      vertex -51.5479 78.025 77.8369
      vertex -51.3221 78.3192 77.8369
      vertex -51.5479 91.0673 77.8369
    endloop
  endfacet
  facet normal 0 0 1
    outer loop
      vertex -4.7131 54.831 77.8369
      vertex -4.93889 79.5487 77.8369
      vertex -4.93889 54.831 77.8369
    endloop
  endfacet
  facet normal 0 0 -1
    outer loop
      vertex -54.3701 54.831 82.1831
      vertex -54.5959 54.831 82.1831
      vertex -54.3701 91.0673 82.1831
    endloop
  endfacet
  facet normal 0 0 -1
    outer loop
      vertex -4.93889 79.5487 82.1831
      vertex -4.7131 54.831 82.1831
      vertex -4.93889 54.831 82.1831
    endloop
  endfacet
  facet normal 0 0 -1
    outer loop
      vertex -4.7131 54.831 82.1831
      vertex -4.93889 79.5487 82.1831
      vertex -4.7131 79.722 82.1831
    endloop
  endfacet
  facet normal 0 0 -1
    outer loop
      vertex -25.4 85.265 82.1831
      vertex -4.93889 79.5487 82.1831
      vertex -25.4 85.0313 82.1831
    endloop
  endfacet
  facet normal 0 0 -1
    outer loop
      vertex -4.93889 79.5487 82.1831
      vertex -25.4 85.265 82.1831
      vertex -4.7131 79.722 82.1831
    endloop
  endfacet
  facet normal -0 0 -1
    outer loop
      vertex -25.4 85.0313 82.1831
      vertex -51.3221 78.3192 82.1831
      vertex -25.4 85.265 82.1831
    endloop
  endfacet
  facet normal 0 0 -1
    outer loop
      vertex -51.5479 78.025 82.1831
      vertex -51.3221 78.3192 82.1831
      vertex -25.4 85.0313 82.1831
    endloop
  endfacet
  facet normal 0 0 -1
    outer loop
      vertex -51.5479 91.0673 82.1831
      vertex -51.3221 78.3192 82.1831
      vertex -51.5479 78.025 82.1831
    endloop
  endfacet
  facet normal 0 0 -1
    outer loop
      vertex -51.3221 78.3192 82.1831
      vertex -51.5479 91.0673 82.1831
      vertex -51.3221 91.2931 82.1831
    endloop
  endfacet
  facet normal 0 0 -1
    outer loop
      vertex -54.3701 91.0673 82.1831
      vertex -51.3221 91.2931 82.1831
      vertex -51.5479 91.0673 82.1831
    endloop
  endfacet
  facet normal 0 0 -1
    outer loop
      vertex -54.3701 91.0673 82.1831
      vertex -54.5959 91.2931 82.1831
      vertex -51.3221 91.2931 82.1831
    endloop
  endfacet
  facet normal 0 0 -1
    outer loop
      vertex -54.5959 91.2931 82.1831
      vertex -54.3701 91.0673 82.1831
      vertex -54.5959 54.831 82.1831
    endloop
  endfacet
  facet normal -1 0 0
    outer loop
      vertex -54.3701 54.831 77.8369
      vertex -54.3701 91.0673 78.0627
      vertex -54.3701 91.0673 77.8369
    endloop
  endfacet
  facet normal -1 -0 0
    outer loop
      vertex -54.3701 91.0673 78.0627
      vertex -54.3701 54.831 77.8369
      vertex -54.3701 54.831 78.0627
    endloop
  endfacet
  facet normal -1 0 0
    outer loop
      vertex -54.3701 54.831 81.9573
      vertex -54.3701 91.0673 82.1831
      vertex -54.3701 91.0673 81.9573
    endloop
  endfacet
  facet normal -1 -0 0
    outer loop
      vertex -54.3701 91.0673 82.1831
      vertex -54.3701 54.831 81.9573
      vertex -54.3701 54.831 82.1831
    endloop
  endfacet
  facet normal 0 1 -0
    outer loop
      vertex -51.5479 91.0673 77.8369
      vertex -54.3701 91.0673 78.0627
      vertex -51.5479 91.0673 78.0627
    endloop
  endfacet
  facet normal 0 1 0
    outer loop
      vertex -54.3701 91.0673 78.0627
      vertex -51.5479 91.0673 77.8369
      vertex -54.3701 91.0673 77.8369
    endloop
  endfacet
  facet normal 0 1 -0
    outer loop
      vertex -51.5479 91.0673 81.9573
      vertex -54.3701 91.0673 82.1831
      vertex -51.5479 91.0673 82.1831
    endloop
  endfacet
  facet normal 0 1 0
    outer loop
      vertex -54.3701 91.0673 82.1831
      vertex -51.5479 91.0673 81.9573
      vertex -54.3701 91.0673 81.9573
    endloop
  endfacet
  facet normal 1 -0 0
    outer loop
      vertex -51.5479 78.025 78.0627
      vertex -51.5479 91.0673 77.8369
      vertex -51.5479 91.0673 78.0627
    endloop
  endfacet
  facet normal 1 0 0
    outer loop
      vertex -51.5479 91.0673 77.8369
      vertex -51.5479 78.025 78.0627
      vertex -51.5479 78.025 77.8369
    endloop
  endfacet
  facet normal 1 -0 0
    outer loop
      vertex -51.5479 78.025 82.1831
      vertex -51.5479 91.0673 81.9573
      vertex -51.5479 91.0673 82.1831
    endloop
  endfacet
  facet normal 1 0 0
    outer loop
      vertex -51.5479 91.0673 81.9573
      vertex -51.5479 78.025 82.1831
      vertex -51.5479 78.025 81.9573
    endloop
  endfacet
  facet normal -0.258819 0.965926 0
    outer loop
      vertex -25.4 85.0313 77.8369
      vertex -51.5479 78.025 78.0627
      vertex -25.4 85.0313 78.0627
    endloop
  endfacet
  facet normal -0.258819 0.965926 0
    outer loop
      vertex -51.5479 78.025 78.0627
      vertex -25.4 85.0313 77.8369
      vertex -51.5479 78.025 77.8369
    endloop
  endfacet
  facet normal -0.258819 0.965926 0
    outer loop
      vertex -25.4 85.0313 81.9573
      vertex -51.5479 78.025 82.1831
      vertex -25.4 85.0313 82.1831
    endloop
  endfacet
  facet normal -0.258819 0.965926 0
    outer loop
      vertex -51.5479 78.025 82.1831
      vertex -25.4 85.0313 81.9573
      vertex -51.5479 78.025 81.9573
    endloop
  endfacet
  facet normal 0.258822 0.965925 -0
    outer loop
      vertex -4.93889 79.5487 77.8369
      vertex -25.4 85.0313 78.0627
      vertex -4.93889 79.5487 78.0627
    endloop
  endfacet
  facet normal 0.258822 0.965925 0
    outer loop
      vertex -25.4 85.0313 78.0627
      vertex -4.93889 79.5487 77.8369
      vertex -25.4 85.0313 77.8369
    endloop
  endfacet
  facet normal 0.258822 0.965925 -0
    outer loop
      vertex -4.93889 79.5487 81.9573
      vertex -25.4 85.0313 82.1831
      vertex -4.93889 79.5487 82.1831
    endloop
  endfacet
  facet normal 0.258822 0.965925 0
    outer loop
      vertex -25.4 85.0313 82.1831
      vertex -4.93889 79.5487 81.9573
      vertex -25.4 85.0313 81.9573
    endloop
  endfacet
  facet normal 1 -0 0
    outer loop
      vertex -4.93889 54.831 78.0627
      vertex -4.93889 79.5487 77.8369
      vertex -4.93889 79.5487 78.0627
    endloop
  endfacet
  facet normal 1 0 0
    outer loop
      vertex -4.93889 79.5487 77.8369
      vertex -4.93889 54.831 78.0627
      vertex -4.93889 54.831 77.8369
    endloop
  endfacet
  facet normal 1 -0 0
    outer loop
      vertex -4.93889 54.831 82.1831
      vertex -4.93889 79.5487 81.9573
      vertex -4.93889 79.5487 82.1831
    endloop
  endfacet
  facet normal 1 0 0
    outer loop
      vertex -4.93889 79.5487 81.9573
      vertex -4.93889 54.831 82.1831
      vertex -4.93889 54.831 81.9573
    endloop
  endfacet
  facet normal 0 0 1
    outer loop
      vertex -51.0963 91.5188 77.6111
      vertex -51.3221 91.2931 77.6111
      vertex -51.0963 78.6134 77.6111
    endloop
  endfacet
  facet normal 0 0 1
    outer loop
      vertex -51.0963 91.5188 77.6111
      vertex -54.5959 91.2931 77.6111
      vertex -51.3221 91.2931 77.6111
    endloop
  endfacet
  facet normal -0 0 1
    outer loop
      vertex -54.8217 91.5188 77.6111
      vertex -54.5959 91.2931 77.6111
      vertex -51.0963 91.5188 77.6111
    endloop
  endfacet
  facet normal 0 0 1
    outer loop
      vertex -54.8217 54.831 77.6111
      vertex -54.5959 91.2931 77.6111
      vertex -54.8217 91.5188 77.6111
    endloop
  endfacet
  facet normal 0 0 1
    outer loop
      vertex -54.5959 91.2931 77.6111
      vertex -54.8217 54.831 77.6111
      vertex -54.5959 54.831 77.6111
    endloop
  endfacet
  facet normal 0 0 1
    outer loop
      vertex -4.48734 79.8952 77.6111
      vertex -4.7131 79.722 77.6111
      vertex -4.48734 54.831 77.6111
    endloop
  endfacet
  facet normal 0 0 1
    outer loop
      vertex -25.4 85.4988 77.6111
      vertex -4.7131 79.722 77.6111
      vertex -4.48734 79.8952 77.6111
    endloop
  endfacet
  facet normal 0 0 1
    outer loop
      vertex -25.4 85.4988 77.6111
      vertex -25.4 85.265 77.6111
      vertex -4.7131 79.722 77.6111
    endloop
  endfacet
  facet normal 0 0 1
    outer loop
      vertex -51.0963 78.6134 77.6111
      vertex -25.4 85.265 77.6111
      vertex -25.4 85.4988 77.6111
    endloop
  endfacet
  facet normal -0 0 1
    outer loop
      vertex -51.0963 78.6134 77.6111
      vertex -51.3221 78.3192 77.6111
      vertex -25.4 85.265 77.6111
    endloop
  endfacet
  facet normal 0 0 1
    outer loop
      vertex -51.3221 78.3192 77.6111
      vertex -51.0963 78.6134 77.6111
      vertex -51.3221 91.2931 77.6111
    endloop
  endfacet
  facet normal 0 0 1
    outer loop
      vertex -4.48734 54.831 77.6111
      vertex -4.7131 79.722 77.6111
      vertex -4.7131 54.831 77.6111
    endloop
  endfacet
  facet normal 0 0 -1
    outer loop
      vertex -54.5959 54.831 82.4089
      vertex -54.8217 54.831 82.4089
      vertex -54.5959 91.2931 82.4089
    endloop
  endfacet
  facet normal 0 0 -1
    outer loop
      vertex -4.7131 79.722 82.4089
      vertex -4.48734 54.831 82.4089
      vertex -4.7131 54.831 82.4089
    endloop
  endfacet
  facet normal 0 0 -1
    outer loop
      vertex -4.48734 54.831 82.4089
      vertex -4.7131 79.722 82.4089
      vertex -4.48734 79.8952 82.4089
    endloop
  endfacet
  facet normal 0 0 -1
    outer loop
      vertex -25.4 85.4988 82.4089
      vertex -4.7131 79.722 82.4089
      vertex -25.4 85.265 82.4089
    endloop
  endfacet
  facet normal 0 0 -1
    outer loop
      vertex -4.7131 79.722 82.4089
      vertex -25.4 85.4988 82.4089
      vertex -4.48734 79.8952 82.4089
    endloop
  endfacet
  facet normal -0 0 -1
    outer loop
      vertex -25.4 85.265 82.4089
      vertex -51.0963 78.6134 82.4089
      vertex -25.4 85.4988 82.4089
    endloop
  endfacet
  facet normal 0 0 -1
    outer loop
      vertex -51.3221 78.3192 82.4089
      vertex -51.0963 78.6134 82.4089
      vertex -25.4 85.265 82.4089
    endloop
  endfacet
  facet normal 0 0 -1
    outer loop
      vertex -51.3221 91.2931 82.4089
      vertex -51.0963 78.6134 82.4089
      vertex -51.3221 78.3192 82.4089
    endloop
  endfacet
  facet normal 0 0 -1
    outer loop
      vertex -51.0963 78.6134 82.4089
      vertex -51.3221 91.2931 82.4089
      vertex -51.0963 91.5188 82.4089
    endloop
  endfacet
  facet normal 0 0 -1
    outer loop
      vertex -54.5959 91.2931 82.4089
      vertex -51.0963 91.5188 82.4089
      vertex -51.3221 91.2931 82.4089
    endloop
  endfacet
  facet normal 0 0 -1
    outer loop
      vertex -54.5959 91.2931 82.4089
      vertex -54.8217 91.5188 82.4089
      vertex -51.0963 91.5188 82.4089
    endloop
  endfacet
  facet normal 0 0 -1
    outer loop
      vertex -54.8217 91.5188 82.4089
      vertex -54.5959 91.2931 82.4089
      vertex -54.8217 54.831 82.4089
    endloop
  endfacet
  facet normal -1 0 0
    outer loop
      vertex -54.5959 54.831 77.6111
      vertex -54.5959 91.2931 77.8369
      vertex -54.5959 91.2931 77.6111
    endloop
  endfacet
  facet normal -1 -0 0
    outer loop
      vertex -54.5959 91.2931 77.8369
      vertex -54.5959 54.831 77.6111
      vertex -54.5959 54.831 77.8369
    endloop
  endfacet
  facet normal -1 0 0
    outer loop
      vertex -54.5959 54.831 82.1831
      vertex -54.5959 91.2931 82.4089
      vertex -54.5959 91.2931 82.1831
    endloop
  endfacet
  facet normal -1 -0 0
    outer loop
      vertex -54.5959 91.2931 82.4089
      vertex -54.5959 54.831 82.1831
      vertex -54.5959 54.831 82.4089
    endloop
  endfacet
  facet normal 0 1 -0
    outer loop
      vertex -51.3221 91.2931 77.6111
      vertex -54.5959 91.2931 77.8369
      vertex -51.3221 91.2931 77.8369
    endloop
  endfacet
  facet normal 0 1 0
    outer loop
      vertex -54.5959 91.2931 77.8369
      vertex -51.3221 91.2931 77.6111
      vertex -54.5959 91.2931 77.6111
    endloop
  endfacet
  facet normal 0 1 -0
    outer loop
      vertex -51.3221 91.2931 82.1831
      vertex -54.5959 91.2931 82.4089
      vertex -51.3221 91.2931 82.4089
    endloop
  endfacet
  facet normal 0 1 0
    outer loop
      vertex -54.5959 91.2931 82.4089
      vertex -51.3221 91.2931 82.1831
      vertex -54.5959 91.2931 82.1831
    endloop
  endfacet
  facet normal 1 -0 0
    outer loop
      vertex -51.3221 78.3192 77.8369
      vertex -51.3221 91.2931 77.6111
      vertex -51.3221 91.2931 77.8369
    endloop
  endfacet
  facet normal 1 0 0
    outer loop
      vertex -51.3221 91.2931 77.6111
      vertex -51.3221 78.3192 77.8369
      vertex -51.3221 78.3192 77.6111
    endloop
  endfacet
  facet normal 1 -0 0
    outer loop
      vertex -51.3221 78.3192 82.4089
      vertex -51.3221 91.2931 82.1831
      vertex -51.3221 91.2931 82.4089
    endloop
  endfacet
  facet normal 1 0 0
    outer loop
      vertex -51.3221 91.2931 82.1831
      vertex -51.3221 78.3192 82.4089
      vertex -51.3221 78.3192 82.1831
    endloop
  endfacet
  facet normal -0.258819 0.965926 0
    outer loop
      vertex -25.4 85.265 77.6111
      vertex -51.3221 78.3192 77.8369
      vertex -25.4 85.265 77.8369
    endloop
  endfacet
  facet normal -0.258819 0.965926 0
    outer loop
      vertex -51.3221 78.3192 77.8369
      vertex -25.4 85.265 77.6111
      vertex -51.3221 78.3192 77.6111
    endloop
  endfacet
  facet normal -0.258819 0.965926 0
    outer loop
      vertex -25.4 85.265 82.1831
      vertex -51.3221 78.3192 82.4089
      vertex -25.4 85.265 82.4089
    endloop
  endfacet
  facet normal -0.258819 0.965926 0
    outer loop
      vertex -51.3221 78.3192 82.4089
      vertex -25.4 85.265 82.1831
      vertex -51.3221 78.3192 82.1831
    endloop
  endfacet
  facet normal 0.258817 0.965926 -0
    outer loop
      vertex -4.7131 79.722 77.6111
      vertex -25.4 85.265 77.8369
      vertex -4.7131 79.722 77.8369
    endloop
  endfacet
  facet normal 0.258817 0.965926 0
    outer loop
      vertex -25.4 85.265 77.8369
      vertex -4.7131 79.722 77.6111
      vertex -25.4 85.265 77.6111
    endloop
  endfacet
  facet normal 0.258817 0.965926 -0
    outer loop
      vertex -4.7131 79.722 82.1831
      vertex -25.4 85.265 82.4089
      vertex -4.7131 79.722 82.4089
    endloop
  endfacet
  facet normal 0.258817 0.965926 0
    outer loop
      vertex -25.4 85.265 82.4089
      vertex -4.7131 79.722 82.1831
      vertex -25.4 85.265 82.1831
    endloop
  endfacet
  facet normal 1 -0 0
    outer loop
      vertex -4.7131 54.831 77.8369
      vertex -4.7131 79.722 77.6111
      vertex -4.7131 79.722 77.8369
    endloop
  endfacet
  facet normal 1 0 0
    outer loop
      vertex -4.7131 79.722 77.6111
      vertex -4.7131 54.831 77.8369
      vertex -4.7131 54.831 77.6111
    endloop
  endfacet
  facet normal 1 -0 0
    outer loop
      vertex -4.7131 54.831 82.4089
      vertex -4.7131 79.722 82.1831
      vertex -4.7131 79.722 82.4089
    endloop
  endfacet
  facet normal 1 0 0
    outer loop
      vertex -4.7131 79.722 82.1831
      vertex -4.7131 54.831 82.4089
      vertex -4.7131 54.831 82.1831
    endloop
  endfacet
  facet normal 0 0 1
    outer loop
      vertex -50.8705 91.7446 77.3853
      vertex -51.0963 91.5188 77.3853
      vertex -50.8705 78.9077 77.3853
    endloop
  endfacet
  facet normal 0 0 1
    outer loop
      vertex -50.8705 91.7446 77.3853
      vertex -54.8217 91.5188 77.3853
      vertex -51.0963 91.5188 77.3853
    endloop
  endfacet
  facet normal -0 0 1
    outer loop
      vertex -55.0474 91.7446 77.3853
      vertex -54.8217 91.5188 77.3853
      vertex -50.8705 91.7446 77.3853
    endloop
  endfacet
  facet normal 0 0 1
    outer loop
      vertex -55.0474 54.831 77.3853
      vertex -54.8217 91.5188 77.3853
      vertex -55.0474 91.7446 77.3853
    endloop
  endfacet
  facet normal 0 0 1
    outer loop
      vertex -54.8217 91.5188 77.3853
      vertex -55.0474 54.831 77.3853
      vertex -54.8217 54.831 77.3853
    endloop
  endfacet
  facet normal 0 0 1
    outer loop
      vertex -4.26155 80.0685 77.3853
      vertex -4.48734 79.8952 77.3853
      vertex -4.26155 54.831 77.3853
    endloop
  endfacet
  facet normal 0 0 1
    outer loop
      vertex -25.4 85.7325 77.3853
      vertex -4.48734 79.8952 77.3853
      vertex -4.26155 80.0685 77.3853
    endloop
  endfacet
  facet normal 0 0 1
    outer loop
      vertex -25.4 85.7325 77.3853
      vertex -25.4 85.4988 77.3853
      vertex -4.48734 79.8952 77.3853
    endloop
  endfacet
  facet normal 0 0 1
    outer loop
      vertex -50.8705 78.9077 77.3853
      vertex -25.4 85.4988 77.3853
      vertex -25.4 85.7325 77.3853
    endloop
  endfacet
  facet normal -0 0 1
    outer loop
      vertex -50.8705 78.9077 77.3853
      vertex -51.0963 78.6134 77.3853
      vertex -25.4 85.4988 77.3853
    endloop
  endfacet
  facet normal 0 0 1
    outer loop
      vertex -51.0963 78.6134 77.3853
      vertex -50.8705 78.9077 77.3853
      vertex -51.0963 91.5188 77.3853
    endloop
  endfacet
  facet normal 0 0 1
    outer loop
      vertex -4.26155 54.831 77.3853
      vertex -4.48734 79.8952 77.3853
      vertex -4.48734 54.831 77.3853
    endloop
  endfacet
  facet normal 0 0 -1
    outer loop
      vertex -54.8217 54.831 82.6347
      vertex -55.0474 54.831 82.6347
      vertex -54.8217 91.5188 82.6347
    endloop
  endfacet
  facet normal 0 0 -1
    outer loop
      vertex -4.48734 79.8952 82.6347
      vertex -4.26155 54.831 82.6347
      vertex -4.48734 54.831 82.6347
    endloop
  endfacet
  facet normal 0 0 -1
    outer loop
      vertex -4.26155 54.831 82.6347
      vertex -4.48734 79.8952 82.6347
      vertex -4.26155 80.0685 82.6347
    endloop
  endfacet
  facet normal 0 0 -1
    outer loop
      vertex -25.4 85.7325 82.6347
      vertex -4.48734 79.8952 82.6347
      vertex -25.4 85.4988 82.6347
    endloop
  endfacet
  facet normal 0 0 -1
    outer loop
      vertex -4.48734 79.8952 82.6347
      vertex -25.4 85.7325 82.6347
      vertex -4.26155 80.0685 82.6347
    endloop
  endfacet
  facet normal -0 0 -1
    outer loop
      vertex -25.4 85.4988 82.6347
      vertex -50.8705 78.9077 82.6347
      vertex -25.4 85.7325 82.6347
    endloop
  endfacet
  facet normal 0 0 -1
    outer loop
      vertex -51.0963 78.6134 82.6347
      vertex -50.8705 78.9077 82.6347
      vertex -25.4 85.4988 82.6347
    endloop
  endfacet
  facet normal 0 0 -1
    outer loop
      vertex -51.0963 91.5188 82.6347
      vertex -50.8705 78.9077 82.6347
      vertex -51.0963 78.6134 82.6347
    endloop
  endfacet
  facet normal 0 0 -1
    outer loop
      vertex -50.8705 78.9077 82.6347
      vertex -51.0963 91.5188 82.6347
      vertex -50.8705 91.7446 82.6347
    endloop
  endfacet
  facet normal 0 0 -1
    outer loop
      vertex -54.8217 91.5188 82.6347
      vertex -50.8705 91.7446 82.6347
      vertex -51.0963 91.5188 82.6347
    endloop
  endfacet
  facet normal 0 0 -1
    outer loop
      vertex -54.8217 91.5188 82.6347
      vertex -55.0474 91.7446 82.6347
      vertex -50.8705 91.7446 82.6347
    endloop
  endfacet
  facet normal 0 0 -1
    outer loop
      vertex -55.0474 91.7446 82.6347
      vertex -54.8217 91.5188 82.6347
      vertex -55.0474 54.831 82.6347
    endloop
  endfacet
  facet normal -1 0 0
    outer loop
      vertex -54.8217 54.831 77.3853
      vertex -54.8217 91.5188 77.6111
      vertex -54.8217 91.5188 77.3853
    endloop
  endfacet
  facet normal -1 -0 0
    outer loop
      vertex -54.8217 91.5188 77.6111
      vertex -54.8217 54.831 77.3853
      vertex -54.8217 54.831 77.6111
    endloop
  endfacet
  facet normal -1 0 0
    outer loop
      vertex -54.8217 54.831 82.4089
      vertex -54.8217 91.5188 82.6347
      vertex -54.8217 91.5188 82.4089
    endloop
  endfacet
  facet normal -1 -0 0
    outer loop
      vertex -54.8217 91.5188 82.6347
      vertex -54.8217 54.831 82.4089
      vertex -54.8217 54.831 82.6347
    endloop
  endfacet
  facet normal 0 1 -0
    outer loop
      vertex -51.0963 91.5188 77.3853
      vertex -54.8217 91.5188 77.6111
      vertex -51.0963 91.5188 77.6111
    endloop
  endfacet
  facet normal 0 1 0
    outer loop
      vertex -54.8217 91.5188 77.6111
      vertex -51.0963 91.5188 77.3853
      vertex -54.8217 91.5188 77.3853
    endloop
  endfacet
  facet normal 0 1 -0
    outer loop
      vertex -51.0963 91.5188 82.4089
      vertex -54.8217 91.5188 82.6347
      vertex -51.0963 91.5188 82.6347
    endloop
  endfacet
  facet normal 0 1 0
    outer loop
      vertex -54.8217 91.5188 82.6347
      vertex -51.0963 91.5188 82.4089
      vertex -54.8217 91.5188 82.4089
    endloop
  endfacet
  facet normal 1 -0 0
    outer loop
      vertex -51.0963 78.6134 77.6111
      vertex -51.0963 91.5188 77.3853
      vertex -51.0963 91.5188 77.6111
    endloop
  endfacet
  facet normal 1 0 0
    outer loop
      vertex -51.0963 91.5188 77.3853
      vertex -51.0963 78.6134 77.6111
      vertex -51.0963 78.6134 77.3853
    endloop
  endfacet
  facet normal 1 -0 0
    outer loop
      vertex -51.0963 78.6134 82.6347
      vertex -51.0963 91.5188 82.4089
      vertex -51.0963 91.5188 82.6347
    endloop
  endfacet
  facet normal 1 0 0
    outer loop
      vertex -51.0963 91.5188 82.4089
      vertex -51.0963 78.6134 82.6347
      vertex -51.0963 78.6134 82.4089
    endloop
  endfacet
  facet normal -0.258822 0.965925 0
    outer loop
      vertex -25.4 85.4988 77.3853
      vertex -51.0963 78.6134 77.6111
      vertex -25.4 85.4988 77.6111
    endloop
  endfacet
  facet normal -0.258822 0.965925 0
    outer loop
      vertex -51.0963 78.6134 77.6111
      vertex -25.4 85.4988 77.3853
      vertex -51.0963 78.6134 77.3853
    endloop
  endfacet
  facet normal -0.258822 0.965925 0
    outer loop
      vertex -25.4 85.4988 82.4089
      vertex -51.0963 78.6134 82.6347
      vertex -25.4 85.4988 82.6347
    endloop
  endfacet
  facet normal -0.258822 0.965925 0
    outer loop
      vertex -51.0963 78.6134 82.6347
      vertex -25.4 85.4988 82.4089
      vertex -51.0963 78.6134 82.4089
    endloop
  endfacet
  facet normal 0.258822 0.965925 -0
    outer loop
      vertex -4.48734 79.8952 77.3853
      vertex -25.4 85.4988 77.6111
      vertex -4.48734 79.8952 77.6111
    endloop
  endfacet
  facet normal 0.258822 0.965925 0
    outer loop
      vertex -25.4 85.4988 77.6111
      vertex -4.48734 79.8952 77.3853
      vertex -25.4 85.4988 77.3853
    endloop
  endfacet
  facet normal 0.258822 0.965925 -0
    outer loop
      vertex -4.48734 79.8952 82.4089
      vertex -25.4 85.4988 82.6347
      vertex -4.48734 79.8952 82.6347
    endloop
  endfacet
  facet normal 0.258822 0.965925 0
    outer loop
      vertex -25.4 85.4988 82.6347
      vertex -4.48734 79.8952 82.4089
      vertex -25.4 85.4988 82.4089
    endloop
  endfacet
  facet normal 1 -0 0
    outer loop
      vertex -4.48734 54.831 77.6111
      vertex -4.48734 79.8952 77.3853
      vertex -4.48734 79.8952 77.6111
    endloop
  endfacet
  facet normal 1 0 0
    outer loop
      vertex -4.48734 79.8952 77.3853
      vertex -4.48734 54.831 77.6111
      vertex -4.48734 54.831 77.3853
    endloop
  endfacet
  facet normal 1 -0 0
    outer loop
      vertex -4.48734 54.831 82.6347
      vertex -4.48734 79.8952 82.4089
      vertex -4.48734 79.8952 82.6347
    endloop
  endfacet
  facet normal 1 0 0
    outer loop
      vertex -4.48734 79.8952 82.4089
      vertex -4.48734 54.831 82.6347
      vertex -4.48734 54.831 82.4089
    endloop
  endfacet
  facet normal 0 0 1
    outer loop
      vertex -50.6448 91.9704 77.1596
      vertex -50.8705 91.7446 77.1596
      vertex -50.6448 79.2019 77.1596
    endloop
  endfacet
  facet normal 0 0 1
    outer loop
      vertex -50.6448 91.9704 77.1596
      vertex -55.0474 91.7446 77.1596
      vertex -50.8705 91.7446 77.1596
    endloop
  endfacet
  facet normal -0 0 1
    outer loop
      vertex -55.2732 91.9704 77.1596
      vertex -55.0474 91.7446 77.1596
      vertex -50.6448 91.9704 77.1596
    endloop
  endfacet
  facet normal 0 0 1
    outer loop
      vertex -55.2732 54.831 77.1596
      vertex -55.0474 91.7446 77.1596
      vertex -55.2732 91.9704 77.1596
    endloop
  endfacet
  facet normal 0 0 1
    outer loop
      vertex -55.0474 91.7446 77.1596
      vertex -55.2732 54.831 77.1596
      vertex -55.0474 54.831 77.1596
    endloop
  endfacet
  facet normal 0 0 1
    outer loop
      vertex -4.03578 80.2417 77.1596
      vertex -4.26155 80.0685 77.1596
      vertex -4.03578 54.831 77.1596
    endloop
  endfacet
  facet normal 0 0 1
    outer loop
      vertex -25.4 85.9663 77.1596
      vertex -4.26155 80.0685 77.1596
      vertex -4.03578 80.2417 77.1596
    endloop
  endfacet
  facet normal 0 0 1
    outer loop
      vertex -25.4 85.9663 77.1596
      vertex -25.4 85.7325 77.1596
      vertex -4.26155 80.0685 77.1596
    endloop
  endfacet
  facet normal 0 0 1
    outer loop
      vertex -50.6448 79.2019 77.1596
      vertex -25.4 85.7325 77.1596
      vertex -25.4 85.9663 77.1596
    endloop
  endfacet
  facet normal -0 0 1
    outer loop
      vertex -50.6448 79.2019 77.1596
      vertex -50.8705 78.9077 77.1596
      vertex -25.4 85.7325 77.1596
    endloop
  endfacet
  facet normal 0 0 1
    outer loop
      vertex -50.8705 78.9077 77.1596
      vertex -50.6448 79.2019 77.1596
      vertex -50.8705 91.7446 77.1596
    endloop
  endfacet
  facet normal 0 0 1
    outer loop
      vertex -4.03578 54.831 77.1596
      vertex -4.26155 80.0685 77.1596
      vertex -4.26155 54.831 77.1596
    endloop
  endfacet
  facet normal 0 0 -1
    outer loop
      vertex -55.0474 54.831 82.8604
      vertex -55.2732 54.831 82.8604
      vertex -55.0474 91.7446 82.8604
    endloop
  endfacet
  facet normal 0 0 -1
    outer loop
      vertex -4.26155 80.0685 82.8604
      vertex -4.03578 54.831 82.8604
      vertex -4.26155 54.831 82.8604
    endloop
  endfacet
  facet normal 0 0 -1
    outer loop
      vertex -4.03578 54.831 82.8604
      vertex -4.26155 80.0685 82.8604
      vertex -4.03578 80.2417 82.8604
    endloop
  endfacet
  facet normal 0 0 -1
    outer loop
      vertex -25.4 85.9663 82.8604
      vertex -4.26155 80.0685 82.8604
      vertex -25.4 85.7325 82.8604
    endloop
  endfacet
  facet normal 0 0 -1
    outer loop
      vertex -4.26155 80.0685 82.8604
      vertex -25.4 85.9663 82.8604
      vertex -4.03578 80.2417 82.8604
    endloop
  endfacet
  facet normal -0 0 -1
    outer loop
      vertex -25.4 85.7325 82.8604
      vertex -50.6448 79.2019 82.8604
      vertex -25.4 85.9663 82.8604
    endloop
  endfacet
  facet normal 0 0 -1
    outer loop
      vertex -50.8705 78.9077 82.8604
      vertex -50.6448 79.2019 82.8604
      vertex -25.4 85.7325 82.8604
    endloop
  endfacet
  facet normal 0 0 -1
    outer loop
      vertex -50.8705 91.7446 82.8604
      vertex -50.6448 79.2019 82.8604
      vertex -50.8705 78.9077 82.8604
    endloop
  endfacet
  facet normal 0 0 -1
    outer loop
      vertex -50.6448 79.2019 82.8604
      vertex -50.8705 91.7446 82.8604
      vertex -50.6448 91.9704 82.8604
    endloop
  endfacet
  facet normal 0 0 -1
    outer loop
      vertex -55.0474 91.7446 82.8604
      vertex -50.6448 91.9704 82.8604
      vertex -50.8705 91.7446 82.8604
    endloop
  endfacet
  facet normal 0 0 -1
    outer loop
      vertex -55.0474 91.7446 82.8604
      vertex -55.2732 91.9704 82.8604
      vertex -50.6448 91.9704 82.8604
    endloop
  endfacet
  facet normal 0 0 -1
    outer loop
      vertex -55.2732 91.9704 82.8604
      vertex -55.0474 91.7446 82.8604
      vertex -55.2732 54.831 82.8604
    endloop
  endfacet
  facet normal -1 0 0
    outer loop
      vertex -55.0474 54.831 77.1596
      vertex -55.0474 91.7446 77.3853
      vertex -55.0474 91.7446 77.1596
    endloop
  endfacet
  facet normal -1 -0 0
    outer loop
      vertex -55.0474 91.7446 77.3853
      vertex -55.0474 54.831 77.1596
      vertex -55.0474 54.831 77.3853
    endloop
  endfacet
  facet normal -1 0 0
    outer loop
      vertex -55.0474 54.831 82.6347
      vertex -55.0474 91.7446 82.8604
      vertex -55.0474 91.7446 82.6347
    endloop
  endfacet
  facet normal -1 -0 0
    outer loop
      vertex -55.0474 91.7446 82.8604
      vertex -55.0474 54.831 82.6347
      vertex -55.0474 54.831 82.8604
    endloop
  endfacet
  facet normal 0 1 -0
    outer loop
      vertex -50.8705 91.7446 77.1596
      vertex -55.0474 91.7446 77.3853
      vertex -50.8705 91.7446 77.3853
    endloop
  endfacet
  facet normal 0 1 0
    outer loop
      vertex -55.0474 91.7446 77.3853
      vertex -50.8705 91.7446 77.1596
      vertex -55.0474 91.7446 77.1596
    endloop
  endfacet
  facet normal 0 1 -0
    outer loop
      vertex -50.8705 91.7446 82.6347
      vertex -55.0474 91.7446 82.8604
      vertex -50.8705 91.7446 82.8604
    endloop
  endfacet
  facet normal 0 1 0
    outer loop
      vertex -55.0474 91.7446 82.8604
      vertex -50.8705 91.7446 82.6347
      vertex -55.0474 91.7446 82.6347
    endloop
  endfacet
  facet normal 1 -0 0
    outer loop
      vertex -50.8705 78.9077 77.3853
      vertex -50.8705 91.7446 77.1596
      vertex -50.8705 91.7446 77.3853
    endloop
  endfacet
  facet normal 1 0 0
    outer loop
      vertex -50.8705 91.7446 77.1596
      vertex -50.8705 78.9077 77.3853
      vertex -50.8705 78.9077 77.1596
    endloop
  endfacet
  facet normal 1 -0 0
    outer loop
      vertex -50.8705 78.9077 82.8604
      vertex -50.8705 91.7446 82.6347
      vertex -50.8705 91.7446 82.8604
    endloop
  endfacet
  facet normal 1 0 0
    outer loop
      vertex -50.8705 91.7446 82.6347
      vertex -50.8705 78.9077 82.8604
      vertex -50.8705 78.9077 82.6347
    endloop
  endfacet
  facet normal -0.258819 0.965926 0
    outer loop
      vertex -25.4 85.7325 77.1596
      vertex -50.8705 78.9077 77.3853
      vertex -25.4 85.7325 77.3853
    endloop
  endfacet
  facet normal -0.258819 0.965926 0
    outer loop
      vertex -50.8705 78.9077 77.3853
      vertex -25.4 85.7325 77.1596
      vertex -50.8705 78.9077 77.1596
    endloop
  endfacet
  facet normal -0.258819 0.965926 0
    outer loop
      vertex -25.4 85.7325 82.6347
      vertex -50.8705 78.9077 82.8604
      vertex -25.4 85.7325 82.8604
    endloop
  endfacet
  facet normal -0.258819 0.965926 0
    outer loop
      vertex -50.8705 78.9077 82.8604
      vertex -25.4 85.7325 82.6347
      vertex -50.8705 78.9077 82.6347
    endloop
  endfacet
  facet normal 0.258818 0.965926 -0
    outer loop
      vertex -4.26155 80.0685 77.1596
      vertex -25.4 85.7325 77.3853
      vertex -4.26155 80.0685 77.3853
    endloop
  endfacet
  facet normal 0.258818 0.965926 0
    outer loop
      vertex -25.4 85.7325 77.3853
      vertex -4.26155 80.0685 77.1596
      vertex -25.4 85.7325 77.1596
    endloop
  endfacet
  facet normal 0.258818 0.965926 -0
    outer loop
      vertex -4.26155 80.0685 82.6347
      vertex -25.4 85.7325 82.8604
      vertex -4.26155 80.0685 82.8604
    endloop
  endfacet
  facet normal 0.258818 0.965926 0
    outer loop
      vertex -25.4 85.7325 82.8604
      vertex -4.26155 80.0685 82.6347
      vertex -25.4 85.7325 82.6347
    endloop
  endfacet
  facet normal 1 -0 0
    outer loop
      vertex -4.26155 54.831 77.3853
      vertex -4.26155 80.0685 77.1596
      vertex -4.26155 80.0685 77.3853
    endloop
  endfacet
  facet normal 1 0 0
    outer loop
      vertex -4.26155 80.0685 77.1596
      vertex -4.26155 54.831 77.3853
      vertex -4.26155 54.831 77.1596
    endloop
  endfacet
  facet normal 1 -0 0
    outer loop
      vertex -4.26155 54.831 82.8604
      vertex -4.26155 80.0685 82.6347
      vertex -4.26155 80.0685 82.8604
    endloop
  endfacet
  facet normal 1 0 0
    outer loop
      vertex -4.26155 80.0685 82.6347
      vertex -4.26155 54.831 82.8604
      vertex -4.26155 54.831 82.6347
    endloop
  endfacet
  facet normal 0 0 1
    outer loop
      vertex -50.419 92.1962 76.9338
      vertex -50.6448 91.9704 76.9338
      vertex -50.419 79.4962 76.9338
    endloop
  endfacet
  facet normal 0 0 1
    outer loop
      vertex -50.419 92.1962 76.9338
      vertex -55.2732 91.9704 76.9338
      vertex -50.6448 91.9704 76.9338
    endloop
  endfacet
  facet normal -0 0 1
    outer loop
      vertex -55.499 92.1962 76.9338
      vertex -55.2732 91.9704 76.9338
      vertex -50.419 92.1962 76.9338
    endloop
  endfacet
  facet normal 0 0 1
    outer loop
      vertex -55.499 54.831 76.9338
      vertex -55.2732 91.9704 76.9338
      vertex -55.499 92.1962 76.9338
    endloop
  endfacet
  facet normal 0 0 1
    outer loop
      vertex -55.2732 91.9704 76.9338
      vertex -55.499 54.831 76.9338
      vertex -55.2732 54.831 76.9338
    endloop
  endfacet
  facet normal 0 0 1
    outer loop
      vertex -3.81 80.415 76.9338
      vertex -4.03578 80.2417 76.9338
      vertex -3.81 54.831 76.9338
    endloop
  endfacet
  facet normal 0 0 1
    outer loop
      vertex -25.4 86.2 76.9338
      vertex -4.03578 80.2417 76.9338
      vertex -3.81 80.415 76.9338
    endloop
  endfacet
  facet normal 0 0 1
    outer loop
      vertex -25.4 86.2 76.9338
      vertex -25.4 85.9663 76.9338
      vertex -4.03578 80.2417 76.9338
    endloop
  endfacet
  facet normal 0 0 1
    outer loop
      vertex -50.419 79.4962 76.9338
      vertex -25.4 85.9663 76.9338
      vertex -25.4 86.2 76.9338
    endloop
  endfacet
  facet normal -0 0 1
    outer loop
      vertex -50.419 79.4962 76.9338
      vertex -50.6448 79.2019 76.9338
      vertex -25.4 85.9663 76.9338
    endloop
  endfacet
  facet normal 0 0 1
    outer loop
      vertex -50.6448 79.2019 76.9338
      vertex -50.419 79.4962 76.9338
      vertex -50.6448 91.9704 76.9338
    endloop
  endfacet
  facet normal 0 0 1
    outer loop
      vertex -3.81 54.831 76.9338
      vertex -4.03578 80.2417 76.9338
      vertex -4.03578 54.831 76.9338
    endloop
  endfacet
  facet normal 0 0 -1
    outer loop
      vertex -55.2732 54.831 83.0862
      vertex -55.499 54.831 83.0862
      vertex -55.2732 91.9704 83.0862
    endloop
  endfacet
  facet normal 0 0 -1
    outer loop
      vertex -4.03578 80.2417 83.0862
      vertex -3.81 54.831 83.0862
      vertex -4.03578 54.831 83.0862
    endloop
  endfacet
  facet normal 0 0 -1
    outer loop
      vertex -3.81 54.831 83.0862
      vertex -4.03578 80.2417 83.0862
      vertex -3.81 80.415 83.0862
    endloop
  endfacet
  facet normal 0 0 -1
    outer loop
      vertex -25.4 86.2 83.0862
      vertex -4.03578 80.2417 83.0862
      vertex -25.4 85.9663 83.0862
    endloop
  endfacet
  facet normal 0 0 -1
    outer loop
      vertex -4.03578 80.2417 83.0862
      vertex -25.4 86.2 83.0862
      vertex -3.81 80.415 83.0862
    endloop
  endfacet
  facet normal -0 0 -1
    outer loop
      vertex -25.4 85.9663 83.0862
      vertex -50.419 79.4962 83.0862
      vertex -25.4 86.2 83.0862
    endloop
  endfacet
  facet normal 0 0 -1
    outer loop
      vertex -50.6448 79.2019 83.0862
      vertex -50.419 79.4962 83.0862
      vertex -25.4 85.9663 83.0862
    endloop
  endfacet
  facet normal 0 0 -1
    outer loop
      vertex -50.6448 91.9704 83.0862
      vertex -50.419 79.4962 83.0862
      vertex -50.6448 79.2019 83.0862
    endloop
  endfacet
  facet normal 0 0 -1
    outer loop
      vertex -50.419 79.4962 83.0862
      vertex -50.6448 91.9704 83.0862
      vertex -50.419 92.1962 83.0862
    endloop
  endfacet
  facet normal 0 0 -1
    outer loop
      vertex -55.2732 91.9704 83.0862
      vertex -50.419 92.1962 83.0862
      vertex -50.6448 91.9704 83.0862
    endloop
  endfacet
  facet normal 0 0 -1
    outer loop
      vertex -55.2732 91.9704 83.0862
      vertex -55.499 92.1962 83.0862
      vertex -50.419 92.1962 83.0862
    endloop
  endfacet
  facet normal 0 0 -1
    outer loop
      vertex -55.499 92.1962 83.0862
      vertex -55.2732 91.9704 83.0862
      vertex -55.499 54.831 83.0862
    endloop
  endfacet
  facet normal -1 0 0
    outer loop
      vertex -55.2732 54.831 76.9338
      vertex -55.2732 91.9704 77.1596
      vertex -55.2732 91.9704 76.9338
    endloop
  endfacet
  facet normal -1 -0 0
    outer loop
      vertex -55.2732 91.9704 77.1596
      vertex -55.2732 54.831 76.9338
      vertex -55.2732 54.831 77.1596
    endloop
  endfacet
  facet normal -1 0 0
    outer loop
      vertex -55.2732 54.831 82.8604
      vertex -55.2732 91.9704 83.0862
      vertex -55.2732 91.9704 82.8604
    endloop
  endfacet
  facet normal -1 -0 0
    outer loop
      vertex -55.2732 91.9704 83.0862
      vertex -55.2732 54.831 82.8604
      vertex -55.2732 54.831 83.0862
    endloop
  endfacet
  facet normal 0 1 -0
    outer loop
      vertex -50.6448 91.9704 76.9338
      vertex -55.2732 91.9704 77.1596
      vertex -50.6448 91.9704 77.1596
    endloop
  endfacet
  facet normal 0 1 0
    outer loop
      vertex -55.2732 91.9704 77.1596
      vertex -50.6448 91.9704 76.9338
      vertex -55.2732 91.9704 76.9338
    endloop
  endfacet
  facet normal 0 1 -0
    outer loop
      vertex -50.6448 91.9704 82.8604
      vertex -55.2732 91.9704 83.0862
      vertex -50.6448 91.9704 83.0862
    endloop
  endfacet
  facet normal 0 1 0
    outer loop
      vertex -55.2732 91.9704 83.0862
      vertex -50.6448 91.9704 82.8604
      vertex -55.2732 91.9704 82.8604
    endloop
  endfacet
  facet normal 1 -0 0
    outer loop
      vertex -50.6448 79.2019 77.1596
      vertex -50.6448 91.9704 76.9338
      vertex -50.6448 91.9704 77.1596
    endloop
  endfacet
  facet normal 1 0 0
    outer loop
      vertex -50.6448 91.9704 76.9338
      vertex -50.6448 79.2019 77.1596
      vertex -50.6448 79.2019 76.9338
    endloop
  endfacet
  facet normal 1 -0 0
    outer loop
      vertex -50.6448 79.2019 83.0862
      vertex -50.6448 91.9704 82.8604
      vertex -50.6448 91.9704 83.0862
    endloop
  endfacet
  facet normal 1 0 0
    outer loop
      vertex -50.6448 91.9704 82.8604
      vertex -50.6448 79.2019 83.0862
      vertex -50.6448 79.2019 82.8604
    endloop
  endfacet
  facet normal -0.258822 0.965925 0
    outer loop
      vertex -25.4 85.9663 76.9338
      vertex -50.6448 79.2019 77.1596
      vertex -25.4 85.9663 77.1596
    endloop
  endfacet
  facet normal -0.258822 0.965925 0
    outer loop
      vertex -50.6448 79.2019 77.1596
      vertex -25.4 85.9663 76.9338
      vertex -50.6448 79.2019 76.9338
    endloop
  endfacet
  facet normal -0.258822 0.965925 0
    outer loop
      vertex -25.4 85.9663 82.8604
      vertex -50.6448 79.2019 83.0862
      vertex -25.4 85.9663 83.0862
    endloop
  endfacet
  facet normal -0.258822 0.965925 0
    outer loop
      vertex -50.6448 79.2019 83.0862
      vertex -25.4 85.9663 82.8604
      vertex -50.6448 79.2019 82.8604
    endloop
  endfacet
  facet normal 0.258822 0.965925 -0
    outer loop
      vertex -4.03578 80.2417 76.9338
      vertex -25.4 85.9663 77.1596
      vertex -4.03578 80.2417 77.1596
    endloop
  endfacet
  facet normal 0.258822 0.965925 0
    outer loop
      vertex -25.4 85.9663 77.1596
      vertex -4.03578 80.2417 76.9338
      vertex -25.4 85.9663 76.9338
    endloop
  endfacet
  facet normal 0.258822 0.965925 -0
    outer loop
      vertex -4.03578 80.2417 82.8604
      vertex -25.4 85.9663 83.0862
      vertex -4.03578 80.2417 83.0862
    endloop
  endfacet
  facet normal 0.258822 0.965925 0
    outer loop
      vertex -25.4 85.9663 83.0862
      vertex -4.03578 80.2417 82.8604
      vertex -25.4 85.9663 82.8604
    endloop
  endfacet
  facet normal 1 -0 0
    outer loop
      vertex -4.03578 54.831 77.1596
      vertex -4.03578 80.2417 76.9338
      vertex -4.03578 80.2417 77.1596
    endloop
  endfacet
  facet normal 1 0 0
    outer loop
      vertex -4.03578 80.2417 76.9338
      vertex -4.03578 54.831 77.1596
      vertex -4.03578 54.831 76.9338
    endloop
  endfacet
  facet normal 1 -0 0
    outer loop
      vertex -4.03578 54.831 83.0862
      vertex -4.03578 80.2417 82.8604
      vertex -4.03578 80.2417 83.0862
    endloop
  endfacet
  facet normal 1 0 0
    outer loop
      vertex -4.03578 80.2417 82.8604
      vertex -4.03578 54.831 83.0862
      vertex -4.03578 54.831 82.8604
    endloop
  endfacet
  facet normal 0 0 -1
    outer loop
      vertex -12.5878 55.2898 1.90735e-07
      vertex -3.81 54.831 1.90735e-07
      vertex -12.5728 54.831 1.90735e-07
    endloop
  endfacet
  facet normal 0 0 -1
    outer loop
      vertex -12.6701 56.1259 1.90735e-07
      vertex -3.81 54.831 1.90735e-07
      vertex -12.5878 55.2898 1.90735e-07
    endloop
  endfacet
  facet normal 0 0 -1
    outer loop
      vertex -12.807 56.9549 1.90735e-07
      vertex -3.81 54.831 1.90735e-07
      vertex -12.6701 56.1259 1.90735e-07
    endloop
  endfacet
  facet normal 0 0 -1
    outer loop
      vertex -12.9978 57.7732 1.90735e-07
      vertex -3.81 54.831 1.90735e-07
      vertex -12.807 56.9549 1.90735e-07
    endloop
  endfacet
  facet normal 0 0 -1
    outer loop
      vertex -13.2417 58.5772 1.90735e-07
      vertex -3.81 54.831 1.90735e-07
      vertex -12.9978 57.7732 1.90735e-07
    endloop
  endfacet
  facet normal 0 0 -1
    outer loop
      vertex -13.5377 59.3635 1.90735e-07
      vertex -3.81 54.831 1.90735e-07
      vertex -13.2417 58.5772 1.90735e-07
    endloop
  endfacet
  facet normal 0 0 -1
    outer loop
      vertex -13.8844 60.1289 1.90735e-07
      vertex -3.81 54.831 1.90735e-07
      vertex -13.5377 59.3635 1.90735e-07
    endloop
  endfacet
  facet normal 0 0 -1
    outer loop
      vertex -14.2805 60.8699 1.90735e-07
      vertex -3.81 54.831 1.90735e-07
      vertex -13.8844 60.1289 1.90735e-07
    endloop
  endfacet
  facet normal 0 0 -1
    outer loop
      vertex -3.81 54.831 1.90735e-07
      vertex -14.2805 60.8699 1.90735e-07
      vertex -3.81 80.415 1.90735e-07
    endloop
  endfacet
  facet normal 0 0 -1
    outer loop
      vertex -14.7242 61.5834 1.90735e-07
      vertex -3.81 80.415 1.90735e-07
      vertex -14.2805 60.8699 1.90735e-07
    endloop
  endfacet
  facet normal 0 0 -1
    outer loop
      vertex -15.2136 62.2663 1.90735e-07
      vertex -3.81 80.415 1.90735e-07
      vertex -14.7242 61.5834 1.90735e-07
    endloop
  endfacet
  facet normal 0 0 -1
    outer loop
      vertex -15.7466 62.9158 1.90735e-07
      vertex -3.81 80.415 1.90735e-07
      vertex -15.2136 62.2663 1.90735e-07
    endloop
  endfacet
  facet normal 0 0 -1
    outer loop
      vertex -16.321 63.529 1.90735e-07
      vertex -3.81 80.415 1.90735e-07
      vertex -15.7466 62.9158 1.90735e-07
    endloop
  endfacet
  facet normal 0 0 -1
    outer loop
      vertex -16.7835 63.9623 1.90735e-07
      vertex -3.81 80.415 1.90735e-07
      vertex -16.321 63.529 1.90735e-07
    endloop
  endfacet
  facet normal 0 0 -1
    outer loop
      vertex -16.7835 63.9623 1.90735e-07
      vertex -25.4 86.2 1.90735e-07
      vertex -3.81 80.415 1.90735e-07
    endloop
  endfacet
  facet normal 0 0 -1
    outer loop
      vertex -34.0165 63.9623 1.90735e-07
      vertex -25.4 86.2 1.90735e-07
      vertex -16.7835 63.9623 1.90735e-07
    endloop
  endfacet
  facet normal 0 0 -1
    outer loop
      vertex -50.419 79.4962 1.90735e-07
      vertex -34.0165 63.9623 1.90735e-07
      vertex -34.479 63.529 1.90735e-07
    endloop
  endfacet
  facet normal 0 0 -1
    outer loop
      vertex -50.419 79.4962 1.90735e-07
      vertex -34.479 63.529 1.90735e-07
      vertex -35.0534 62.9158 1.90735e-07
    endloop
  endfacet
  facet normal 0 0 -1
    outer loop
      vertex -50.419 79.4962 1.90735e-07
      vertex -35.0534 62.9158 1.90735e-07
      vertex -35.5864 62.2663 1.90735e-07
    endloop
  endfacet
  facet normal 0 0 -1
    outer loop
      vertex -50.419 79.4962 1.90735e-07
      vertex -35.5864 62.2663 1.90735e-07
      vertex -36.0758 61.5834 1.90735e-07
    endloop
  endfacet
  facet normal 0 0 -1
    outer loop
      vertex -50.419 79.4962 1.90735e-07
      vertex -36.0758 61.5834 1.90735e-07
      vertex -36.5195 60.8699 1.90735e-07
    endloop
  endfacet
  facet normal 0 0 -1
    outer loop
      vertex -50.419 79.4962 1.90735e-07
      vertex -36.5195 60.8699 1.90735e-07
      vertex -36.9156 60.1289 1.90735e-07
    endloop
  endfacet
  facet normal 0 0 -1
    outer loop
      vertex -55.499 54.831 1.90735e-07
      vertex -36.9156 60.1289 1.90735e-07
      vertex -37.2623 59.3635 1.90735e-07
    endloop
  endfacet
  facet normal 0 0 -1
    outer loop
      vertex -34.0165 63.9623 1.90735e-07
      vertex -50.419 79.4962 1.90735e-07
      vertex -25.4 86.2 1.90735e-07
    endloop
  endfacet
  facet normal 0 0 -1
    outer loop
      vertex -55.499 54.831 1.90735e-07
      vertex -37.2623 59.3635 1.90735e-07
      vertex -37.5583 58.5772 1.90735e-07
    endloop
  endfacet
  facet normal 0 0 -1
    outer loop
      vertex -55.499 54.831 1.90735e-07
      vertex -37.5583 58.5772 1.90735e-07
      vertex -37.8022 57.7732 1.90735e-07
    endloop
  endfacet
  facet normal 0 0 -1
    outer loop
      vertex -55.499 54.831 1.90735e-07
      vertex -37.8022 57.7732 1.90735e-07
      vertex -37.993 56.9549 1.90735e-07
    endloop
  endfacet
  facet normal 0 0 -1
    outer loop
      vertex -55.499 54.831 1.90735e-07
      vertex -37.993 56.9549 1.90735e-07
      vertex -38.1299 56.1259 1.90735e-07
    endloop
  endfacet
  facet normal 0 0 -1
    outer loop
      vertex -55.499 54.831 1.90735e-07
      vertex -38.1299 56.1259 1.90735e-07
      vertex -38.2122 55.2898 1.90735e-07
    endloop
  endfacet
  facet normal 0 0 -1
    outer loop
      vertex -55.499 54.831 1.90735e-07
      vertex -38.2122 55.2898 1.90735e-07
      vertex -38.2272 54.831 1.90735e-07
    endloop
  endfacet
  facet normal -0 0 -1
    outer loop
      vertex -36.9156 60.1289 1.90735e-07
      vertex -55.499 54.831 1.90735e-07
      vertex -50.419 79.4962 1.90735e-07
    endloop
  endfacet
  facet normal 0 0 -1
    outer loop
      vertex -55.499 92.1962 1.90735e-07
      vertex -50.419 79.4962 1.90735e-07
      vertex -55.499 54.831 1.90735e-07
    endloop
  endfacet
  facet normal 0 0 -1
    outer loop
      vertex -50.419 79.4962 1.90735e-07
      vertex -55.499 92.1962 1.90735e-07
      vertex -50.419 92.1962 1.90735e-07
    endloop
  endfacet
  facet normal 0 0 1
    outer loop
      vertex -50.419 92.1962 88.9
      vertex -55.499 92.1962 88.9
      vertex -50.419 79.4962 88.9
    endloop
  endfacet
  facet normal -0 0 1
    outer loop
      vertex -14.2805 60.8699 88.9
      vertex -3.81 54.831 88.9
      vertex -3.81 80.415 88.9
    endloop
  endfacet
  facet normal 0 0 1
    outer loop
      vertex -3.81 54.831 88.9
      vertex -12.5878 55.2898 88.9
      vertex -12.5728 54.831 88.9
    endloop
  endfacet
  facet normal 0 0 1
    outer loop
      vertex -3.81 54.831 88.9
      vertex -12.6701 56.1259 88.9
      vertex -12.5878 55.2898 88.9
    endloop
  endfacet
  facet normal 0 0 1
    outer loop
      vertex -3.81 54.831 88.9
      vertex -12.807 56.9549 88.9
      vertex -12.6701 56.1259 88.9
    endloop
  endfacet
  facet normal 0 0 1
    outer loop
      vertex -3.81 54.831 88.9
      vertex -12.9978 57.7732 88.9
      vertex -12.807 56.9549 88.9
    endloop
  endfacet
  facet normal 0 0 1
    outer loop
      vertex -3.81 54.831 88.9
      vertex -13.2417 58.5772 88.9
      vertex -12.9978 57.7732 88.9
    endloop
  endfacet
  facet normal 0 0 1
    outer loop
      vertex -3.81 54.831 88.9
      vertex -13.5377 59.3635 88.9
      vertex -13.2417 58.5772 88.9
    endloop
  endfacet
  facet normal 0 0 1
    outer loop
      vertex -3.81 54.831 88.9
      vertex -13.8844 60.1289 88.9
      vertex -13.5377 59.3635 88.9
    endloop
  endfacet
  facet normal 0 0 1
    outer loop
      vertex -3.81 54.831 88.9
      vertex -14.2805 60.8699 88.9
      vertex -13.8844 60.1289 88.9
    endloop
  endfacet
  facet normal 0 0 1
    outer loop
      vertex -3.81 80.415 88.9
      vertex -14.7242 61.5834 88.9
      vertex -14.2805 60.8699 88.9
    endloop
  endfacet
  facet normal 0 0 1
    outer loop
      vertex -3.81 80.415 88.9
      vertex -15.2136 62.2663 88.9
      vertex -14.7242 61.5834 88.9
    endloop
  endfacet
  facet normal 0 0 1
    outer loop
      vertex -3.81 80.415 88.9
      vertex -15.7466 62.9158 88.9
      vertex -15.2136 62.2663 88.9
    endloop
  endfacet
  facet normal 0 0 1
    outer loop
      vertex -3.81 80.415 88.9
      vertex -16.321 63.529 88.9
      vertex -15.7466 62.9158 88.9
    endloop
  endfacet
  facet normal 0 0 1
    outer loop
      vertex -3.81 80.415 88.9
      vertex -16.7835 63.9623 88.9
      vertex -16.321 63.529 88.9
    endloop
  endfacet
  facet normal 0 0 1
    outer loop
      vertex -25.4 86.2 88.9
      vertex -16.7835 63.9623 88.9
      vertex -3.81 80.415 88.9
    endloop
  endfacet
  facet normal 0 0 1
    outer loop
      vertex -25.4 86.2 88.9
      vertex -34.0165 63.9623 88.9
      vertex -16.7835 63.9623 88.9
    endloop
  endfacet
  facet normal -0 0 1
    outer loop
      vertex -50.419 79.4962 88.9
      vertex -34.0165 63.9623 88.9
      vertex -25.4 86.2 88.9
    endloop
  endfacet
  facet normal 0 0 1
    outer loop
      vertex -34.0165 63.9623 88.9
      vertex -50.419 79.4962 88.9
      vertex -34.479 63.529 88.9
    endloop
  endfacet
  facet normal 0 0 1
    outer loop
      vertex -34.479 63.529 88.9
      vertex -50.419 79.4962 88.9
      vertex -35.0534 62.9158 88.9
    endloop
  endfacet
  facet normal 0 0 1
    outer loop
      vertex -35.0534 62.9158 88.9
      vertex -50.419 79.4962 88.9
      vertex -35.5864 62.2663 88.9
    endloop
  endfacet
  facet normal 0 0 1
    outer loop
      vertex -35.5864 62.2663 88.9
      vertex -50.419 79.4962 88.9
      vertex -36.0758 61.5834 88.9
    endloop
  endfacet
  facet normal 0 0 1
    outer loop
      vertex -36.0758 61.5834 88.9
      vertex -50.419 79.4962 88.9
      vertex -36.5195 60.8699 88.9
    endloop
  endfacet
  facet normal 0 0 1
    outer loop
      vertex -36.5195 60.8699 88.9
      vertex -50.419 79.4962 88.9
      vertex -36.9156 60.1289 88.9
    endloop
  endfacet
  facet normal 0 0 1
    outer loop
      vertex -55.499 54.831 88.9
      vertex -36.9156 60.1289 88.9
      vertex -50.419 79.4962 88.9
    endloop
  endfacet
  facet normal 0 0 1
    outer loop
      vertex -36.9156 60.1289 88.9
      vertex -55.499 54.831 88.9
      vertex -37.2623 59.3635 88.9
    endloop
  endfacet
  facet normal 0 0 1
    outer loop
      vertex -37.2623 59.3635 88.9
      vertex -55.499 54.831 88.9
      vertex -37.5583 58.5772 88.9
    endloop
  endfacet
  facet normal 0 0 1
    outer loop
      vertex -37.5583 58.5772 88.9
      vertex -55.499 54.831 88.9
      vertex -37.8022 57.7732 88.9
    endloop
  endfacet
  facet normal 0 0 1
    outer loop
      vertex -37.8022 57.7732 88.9
      vertex -55.499 54.831 88.9
      vertex -37.993 56.9549 88.9
    endloop
  endfacet
  facet normal 0 0 1
    outer loop
      vertex -37.993 56.9549 88.9
      vertex -55.499 54.831 88.9
      vertex -38.1299 56.1259 88.9
    endloop
  endfacet
  facet normal 0 0 1
    outer loop
      vertex -38.1299 56.1259 88.9
      vertex -55.499 54.831 88.9
      vertex -38.2122 55.2898 88.9
    endloop
  endfacet
  facet normal 0 0 1
    outer loop
      vertex -38.2122 55.2898 88.9
      vertex -55.499 54.831 88.9
      vertex -38.2272 54.831 88.9
    endloop
  endfacet
  facet normal 0 0 1
    outer loop
      vertex -55.499 54.831 88.9
      vertex -50.419 79.4962 88.9
      vertex -55.499 92.1962 88.9
    endloop
  endfacet
  facet normal -0.258818 0.965926 0
    outer loop
      vertex -25.4 86.2 1.90735e-07
      vertex -50.419 79.4962 5.81378
      vertex -25.4 86.2 5.81378
    endloop
  endfacet
  facet normal -0.258818 0.965926 0
    outer loop
      vertex -50.419 79.4962 5.81378
      vertex -25.4 86.2 1.90735e-07
      vertex -50.419 79.4962 1.90735e-07
    endloop
  endfacet
  facet normal -0.258818 0.965926 0
    outer loop
      vertex -25.4 86.2 83.0862
      vertex -50.419 79.4962 88.9
      vertex -25.4 86.2 88.9
    endloop
  endfacet
  facet normal -0.258818 0.965926 0
    outer loop
      vertex -50.419 79.4962 88.9
      vertex -25.4 86.2 83.0862
      vertex -50.419 79.4962 83.0862
    endloop
  endfacet
  facet normal -0.258818 0.965926 0
    outer loop
      vertex -25.4 86.2 11.9662
      vertex -50.419 79.4962 76.9338
      vertex -25.4 86.2 76.9338
    endloop
  endfacet
  facet normal -0.258818 0.965926 0
    outer loop
      vertex -50.419 79.4962 76.9338
      vertex -25.4 86.2 11.9662
      vertex -50.419 79.4962 11.9662
    endloop
  endfacet
  facet normal 1 -0 0
    outer loop
      vertex -50.419 79.4962 5.81378
      vertex -50.419 92.1962 1.90735e-07
      vertex -50.419 92.1962 5.81378
    endloop
  endfacet
  facet normal 1 0 0
    outer loop
      vertex -50.419 92.1962 1.90735e-07
      vertex -50.419 79.4962 5.81378
      vertex -50.419 79.4962 1.90735e-07
    endloop
  endfacet
  facet normal 1 -0 0
    outer loop
      vertex -50.419 79.4962 88.9
      vertex -50.419 92.1962 83.0862
      vertex -50.419 92.1962 88.9
    endloop
  endfacet
  facet normal 1 0 0
    outer loop
      vertex -50.419 92.1962 83.0862
      vertex -50.419 79.4962 88.9
      vertex -50.419 79.4962 83.0862
    endloop
  endfacet
  facet normal 1 -0 0
    outer loop
      vertex -50.419 79.4962 76.9338
      vertex -50.419 92.1962 11.9662
      vertex -50.419 92.1962 76.9338
    endloop
  endfacet
  facet normal 1 0 0
    outer loop
      vertex -50.419 92.1962 11.9662
      vertex -50.419 79.4962 76.9338
      vertex -50.419 79.4962 11.9662
    endloop
  endfacet
  facet normal 0 1 -0
    outer loop
      vertex -50.419 92.1962 1.90735e-07
      vertex -55.499 92.1962 5.81378
      vertex -50.419 92.1962 5.81378
    endloop
  endfacet
  facet normal 0 1 0
    outer loop
      vertex -55.499 92.1962 5.81378
      vertex -50.419 92.1962 1.90735e-07
      vertex -55.499 92.1962 1.90735e-07
    endloop
  endfacet
  facet normal 0 1 -0
    outer loop
      vertex -50.419 92.1962 83.0862
      vertex -55.499 92.1962 88.9
      vertex -50.419 92.1962 88.9
    endloop
  endfacet
  facet normal 0 1 0
    outer loop
      vertex -55.499 92.1962 88.9
      vertex -50.419 92.1962 83.0862
      vertex -55.499 92.1962 83.0862
    endloop
  endfacet
  facet normal 0 1 -0
    outer loop
      vertex -50.419 92.1962 11.9662
      vertex -55.499 92.1962 76.9338
      vertex -50.419 92.1962 76.9338
    endloop
  endfacet
  facet normal 0 1 0
    outer loop
      vertex -55.499 92.1962 76.9338
      vertex -50.419 92.1962 11.9662
      vertex -55.499 92.1962 11.9662
    endloop
  endfacet
  facet normal -1 0 0
    outer loop
      vertex -55.499 54.831 1.90735e-07
      vertex -55.499 92.1962 5.81378
      vertex -55.499 92.1962 1.90735e-07
    endloop
  endfacet
  facet normal -1 -0 0
    outer loop
      vertex -55.499 92.1962 5.81378
      vertex -55.499 54.831 1.90735e-07
      vertex -55.499 54.831 5.81378
    endloop
  endfacet
  facet normal -1 0 0
    outer loop
      vertex -55.499 54.831 83.0862
      vertex -55.499 92.1962 88.9
      vertex -55.499 92.1962 83.0862
    endloop
  endfacet
  facet normal -1 -0 0
    outer loop
      vertex -55.499 92.1962 88.9
      vertex -55.499 54.831 83.0862
      vertex -55.499 54.831 88.9
    endloop
  endfacet
  facet normal -1 0 0
    outer loop
      vertex -55.499 54.831 11.9662
      vertex -55.499 92.1962 76.9338
      vertex -55.499 92.1962 11.9662
    endloop
  endfacet
  facet normal -1 -0 0
    outer loop
      vertex -55.499 92.1962 76.9338
      vertex -55.499 54.831 11.9662
      vertex -55.499 54.831 76.9338
    endloop
  endfacet
  facet normal 1 -0 0
    outer loop
      vertex -3.81 54.831 5.81378
      vertex -3.81 80.415 1.90735e-07
      vertex -3.81 80.415 5.81378
    endloop
  endfacet
  facet normal 1 0 0
    outer loop
      vertex -3.81 80.415 1.90735e-07
      vertex -3.81 54.831 5.81378
      vertex -3.81 54.831 1.90735e-07
    endloop
  endfacet
  facet normal 1 -0 0
    outer loop
      vertex -3.81 54.831 88.9
      vertex -3.81 80.415 83.0862
      vertex -3.81 80.415 88.9
    endloop
  endfacet
  facet normal 1 0 0
    outer loop
      vertex -3.81 80.415 83.0862
      vertex -3.81 54.831 88.9
      vertex -3.81 54.831 83.0862
    endloop
  endfacet
  facet normal 1 -0 0
    outer loop
      vertex -3.81 54.831 76.9338
      vertex -3.81 80.415 11.9662
      vertex -3.81 80.415 76.9338
    endloop
  endfacet
  facet normal 1 0 0
    outer loop
      vertex -3.81 80.415 11.9662
      vertex -3.81 54.831 76.9338
      vertex -3.81 54.831 11.9662
    endloop
  endfacet
  facet normal 0.258818 0.965926 -0
    outer loop
      vertex -3.81 80.415 1.90735e-07
      vertex -25.4 86.2 5.81378
      vertex -3.81 80.415 5.81378
    endloop
  endfacet
  facet normal 0.258818 0.965926 0
    outer loop
      vertex -25.4 86.2 5.81378
      vertex -3.81 80.415 1.90735e-07
      vertex -25.4 86.2 1.90735e-07
    endloop
  endfacet
  facet normal 0.258818 0.965926 -0
    outer loop
      vertex -3.81 80.415 83.0862
      vertex -25.4 86.2 88.9
      vertex -3.81 80.415 88.9
    endloop
  endfacet
  facet normal 0.258818 0.965926 0
    outer loop
      vertex -25.4 86.2 88.9
      vertex -3.81 80.415 83.0862
      vertex -25.4 86.2 83.0862
    endloop
  endfacet
  facet normal 0.258818 0.965926 -0
    outer loop
      vertex -3.81 80.415 11.9662
      vertex -25.4 86.2 76.9338
      vertex -3.81 80.415 76.9338
    endloop
  endfacet
  facet normal 0.258818 0.965926 0
    outer loop
      vertex -25.4 86.2 76.9338
      vertex -3.81 80.415 11.9662
      vertex -25.4 86.2 11.9662
    endloop
  endfacet
  facet normal 0 -1 0
    outer loop
      vertex -55.499 54.831 76.9338
      vertex -55.499 54.831 11.9662
      vertex -55.2732 54.831 76.9338
    endloop
  endfacet
  facet normal 0 -1 0
    outer loop
      vertex -55.2732 54.831 77.1596
      vertex -55.2732 54.831 76.9338
      vertex -55.0474 54.831 77.1596
    endloop
  endfacet
  facet normal 0 -1 0
    outer loop
      vertex -55.0474 54.831 77.3853
      vertex -55.0474 54.831 77.1596
      vertex -54.8217 54.831 77.3853
    endloop
  endfacet
  facet normal 0 -1 0
    outer loop
      vertex -54.8217 54.831 77.6111
      vertex -54.8217 54.831 77.3853
      vertex -54.5959 54.831 77.6111
    endloop
  endfacet
  facet normal 0 -1 0
    outer loop
      vertex -54.5959 54.831 77.8369
      vertex -54.5959 54.831 77.6111
      vertex -54.3701 54.831 77.8369
    endloop
  endfacet
  facet normal 0 -1 0
    outer loop
      vertex -54.3701 54.831 78.0627
      vertex -54.3701 54.831 77.8369
      vertex -54.1443 54.831 78.0627
    endloop
  endfacet
  facet normal 0 -1 0
    outer loop
      vertex -54.1443 54.831 78.2884
      vertex -54.1443 54.831 78.0627
      vertex -53.9185 54.831 78.2884
    endloop
  endfacet
  facet normal 0 -1 0
    outer loop
      vertex -53.9185 54.831 78.5142
      vertex -53.9185 54.831 78.2884
      vertex -53.6928 54.831 78.5142
    endloop
  endfacet
  facet normal 0 -1 0
    outer loop
      vertex -53.6928 54.831 78.74
      vertex -53.6928 54.831 78.5142
      vertex -53.467 54.831 78.74
    endloop
  endfacet
  facet normal 0 -1 0
    outer loop
      vertex -55.499 54.831 1.90735e-07
      vertex -55.2732 54.831 5.81378
      vertex -55.499 54.831 5.81378
    endloop
  endfacet
  facet normal 0 -1 0
    outer loop
      vertex -55.2732 54.831 5.81378
      vertex -45.8035 54.831 5.68417
      vertex -45.8436 54.831 5.79073
    endloop
  endfacet
  facet normal 0 -1 0
    outer loop
      vertex -55.2732 54.831 5.81378
      vertex -45.7565 54.831 5.58046
      vertex -45.8035 54.831 5.68417
    endloop
  endfacet
  facet normal 0 -1 0
    outer loop
      vertex -55.2732 54.831 5.81378
      vertex -45.7028 54.831 5.48005
      vertex -45.7565 54.831 5.58046
    endloop
  endfacet
  facet normal 0 -1 -0
    outer loop
      vertex -55.2732 54.831 5.81378
      vertex -55.499 54.831 1.90735e-07
      vertex -45.7028 54.831 5.48005
    endloop
  endfacet
  facet normal 0 -1 -0
    outer loop
      vertex -45.7028 54.831 5.48005
      vertex -55.499 54.831 1.90735e-07
      vertex -45.6427 54.831 5.38336
    endloop
  endfacet
  facet normal 0 -1 -0
    outer loop
      vertex -45.6427 54.831 5.38336
      vertex -55.499 54.831 1.90735e-07
      vertex -45.5764 54.831 5.29082
    endloop
  endfacet
  facet normal 0 -1 -0
    outer loop
      vertex -45.5764 54.831 5.29082
      vertex -55.499 54.831 1.90735e-07
      vertex -45.5041 54.831 5.2028
    endloop
  endfacet
  facet normal 0 -1 -0
    outer loop
      vertex -45.5041 54.831 5.2028
      vertex -55.499 54.831 1.90735e-07
      vertex -45.4263 54.831 5.11971
    endloop
  endfacet
  facet normal 0 -1 -0
    outer loop
      vertex -45.4263 54.831 5.11971
      vertex -55.499 54.831 1.90735e-07
      vertex -45.3432 54.831 5.04187
    endloop
  endfacet
  facet normal 0 -1 -0
    outer loop
      vertex -45.3432 54.831 5.04187
      vertex -55.499 54.831 1.90735e-07
      vertex -45.2552 54.831 4.96964
    endloop
  endfacet
  facet normal 0 -1 -0
    outer loop
      vertex -45.2552 54.831 4.96964
      vertex -55.499 54.831 1.90735e-07
      vertex -45.1626 54.831 4.90333
    endloop
  endfacet
  facet normal 0 -1 -0
    outer loop
      vertex -45.1626 54.831 4.90333
      vertex -55.499 54.831 1.90735e-07
      vertex -45.0659 54.831 4.8432
    endloop
  endfacet
  facet normal 0 -1 -0
    outer loop
      vertex -45.0659 54.831 4.8432
      vertex -55.499 54.831 1.90735e-07
      vertex -44.9655 54.831 4.78953
    endloop
  endfacet
  facet normal 0 -1 -0
    outer loop
      vertex -44.9655 54.831 4.78953
      vertex -55.499 54.831 1.90735e-07
      vertex -44.8618 54.831 4.74254
    endloop
  endfacet
  facet normal 0 -1 -0
    outer loop
      vertex -44.8618 54.831 4.74254
      vertex -55.499 54.831 1.90735e-07
      vertex -44.7553 54.831 4.70244
    endloop
  endfacet
  facet normal 0 -1 -0
    outer loop
      vertex -44.7553 54.831 4.70244
      vertex -55.499 54.831 1.90735e-07
      vertex -44.6463 54.831 4.66939
    endloop
  endfacet
  facet normal 0 -1 -0
    outer loop
      vertex -44.6463 54.831 4.66939
      vertex -55.499 54.831 1.90735e-07
      vertex -44.5354 54.831 4.64353
    endloop
  endfacet
  facet normal 0 -1 0
    outer loop
      vertex -44.4231 54.831 4.62499
      vertex -38.2272 54.831 1.90735e-07
      vertex -44.3098 54.831 4.61383
    endloop
  endfacet
  facet normal 0 -1 0
    outer loop
      vertex -44.5354 54.831 4.64353
      vertex -38.2272 54.831 1.90735e-07
      vertex -44.4231 54.831 4.62499
    endloop
  endfacet
  facet normal 0 -1 0
    outer loop
      vertex -38.2272 54.831 1.90735e-07
      vertex -44.5354 54.831 4.64353
      vertex -55.499 54.831 1.90735e-07
    endloop
  endfacet
  facet normal 0 -1 0
    outer loop
      vertex -55.2732 54.831 5.81378
      vertex -55.0474 54.831 6.03956
      vertex -55.2732 54.831 6.03956
    endloop
  endfacet
  facet normal 0 -1 0
    outer loop
      vertex -45.8436 54.831 5.79073
      vertex -55.0474 54.831 6.03956
      vertex -55.2732 54.831 5.81378
    endloop
  endfacet
  facet normal 0 -1 0
    outer loop
      vertex -55.0474 54.831 6.03956
      vertex -45.8766 54.831 5.89968
      vertex -45.9025 54.831 6.01056
    endloop
  endfacet
  facet normal 0 -1 0
    outer loop
      vertex -55.0474 54.831 6.03956
      vertex -45.8436 54.831 5.79073
      vertex -45.8766 54.831 5.89968
    endloop
  endfacet
  facet normal 0 -1 0
    outer loop
      vertex -55.0474 54.831 6.03956
      vertex -54.8217 54.831 6.26533
      vertex -55.0474 54.831 6.26533
    endloop
  endfacet
  facet normal 0 -1 0
    outer loop
      vertex -45.9025 54.831 6.01056
      vertex -54.8217 54.831 6.26533
      vertex -55.0474 54.831 6.03956
    endloop
  endfacet
  facet normal 0 -1 0
    outer loop
      vertex -54.8217 54.831 6.26533
      vertex -45.921 54.831 6.1229
      vertex -45.9322 54.831 6.23621
    endloop
  endfacet
  facet normal 0 -1 0
    outer loop
      vertex -54.8217 54.831 6.26533
      vertex -45.9025 54.831 6.01056
      vertex -45.921 54.831 6.1229
    endloop
  endfacet
  facet normal 0 -1 0
    outer loop
      vertex -54.8217 54.831 6.26533
      vertex -54.5959 54.831 6.49111
      vertex -54.8217 54.831 6.49111
    endloop
  endfacet
  facet normal 0 -1 0
    outer loop
      vertex -54.5959 54.831 6.49111
      vertex -45.9359 54.831 6.35
      vertex -45.9322 54.831 6.4638
    endloop
  endfacet
  facet normal 0 -1 0
    outer loop
      vertex -45.9322 54.831 6.23621
      vertex -54.5959 54.831 6.49111
      vertex -54.8217 54.831 6.26533
    endloop
  endfacet
  facet normal 0 -1 0
    outer loop
      vertex -54.5959 54.831 6.49111
      vertex -45.9322 54.831 6.23621
      vertex -45.9359 54.831 6.35
    endloop
  endfacet
  facet normal 0 -1 0
    outer loop
      vertex -54.5959 54.831 6.49111
      vertex -54.3701 54.831 6.71689
      vertex -54.5959 54.831 6.71689
    endloop
  endfacet
  facet normal 0 -1 0
    outer loop
      vertex -54.3701 54.831 6.71689
      vertex -45.921 54.831 6.5771
      vertex -45.9025 54.831 6.68944
    endloop
  endfacet
  facet normal 0 -1 -0
    outer loop
      vertex -54.3701 54.831 6.71689
      vertex -54.5959 54.831 6.49111
      vertex -45.9322 54.831 6.4638
    endloop
  endfacet
  facet normal 0 -1 0
    outer loop
      vertex -54.3701 54.831 6.71689
      vertex -45.9322 54.831 6.4638
      vertex -45.921 54.831 6.5771
    endloop
  endfacet
  facet normal 0 -1 0
    outer loop
      vertex -54.3701 54.831 6.71689
      vertex -54.1443 54.831 6.94267
      vertex -54.3701 54.831 6.94267
    endloop
  endfacet
  facet normal 0 -1 0
    outer loop
      vertex -54.1443 54.831 6.94267
      vertex -45.8766 54.831 6.80032
      vertex -45.8436 54.831 6.90927
    endloop
  endfacet
  facet normal 0 -1 -0
    outer loop
      vertex -54.1443 54.831 6.94267
      vertex -54.3701 54.831 6.71689
      vertex -45.9025 54.831 6.68944
    endloop
  endfacet
  facet normal 0 -1 0
    outer loop
      vertex -54.1443 54.831 6.94267
      vertex -45.9025 54.831 6.68944
      vertex -45.8766 54.831 6.80032
    endloop
  endfacet
  facet normal 0 -1 0
    outer loop
      vertex -54.1443 54.831 6.94267
      vertex -53.9185 54.831 7.16844
      vertex -54.1443 54.831 7.16844
    endloop
  endfacet
  facet normal 0 -1 0
    outer loop
      vertex -53.9185 54.831 7.16844
      vertex -45.8035 54.831 7.01583
      vertex -45.7565 54.831 7.11954
    endloop
  endfacet
  facet normal 0 -1 -0
    outer loop
      vertex -53.9185 54.831 7.16844
      vertex -54.1443 54.831 6.94267
      vertex -45.8436 54.831 6.90927
    endloop
  endfacet
  facet normal 0 -1 0
    outer loop
      vertex -53.9185 54.831 7.16844
      vertex -45.8436 54.831 6.90927
      vertex -45.8035 54.831 7.01583
    endloop
  endfacet
  facet normal 0 -1 0
    outer loop
      vertex -53.9185 54.831 7.16844
      vertex -53.6928 54.831 7.39422
      vertex -53.9185 54.831 7.39422
    endloop
  endfacet
  facet normal 0 -1 0
    outer loop
      vertex -53.6928 54.831 7.39422
      vertex -45.7028 54.831 7.21995
      vertex -45.6427 54.831 7.31664
    endloop
  endfacet
  facet normal 0 -1 -0
    outer loop
      vertex -53.6928 54.831 7.39422
      vertex -53.9185 54.831 7.16844
      vertex -45.7565 54.831 7.11954
    endloop
  endfacet
  facet normal 0 -1 0
    outer loop
      vertex -53.6928 54.831 7.39422
      vertex -45.7565 54.831 7.11954
      vertex -45.7028 54.831 7.21995
    endloop
  endfacet
  facet normal 0 -1 0
    outer loop
      vertex -53.6928 54.831 7.39422
      vertex -53.467 54.831 7.62
      vertex -53.6928 54.831 7.62
    endloop
  endfacet
  facet normal 0 -1 0
    outer loop
      vertex -53.467 54.831 7.62
      vertex -45.5041 54.831 7.4972
      vertex -45.4263 54.831 7.5803
    endloop
  endfacet
  facet normal 0 -1 0
    outer loop
      vertex -53.467 54.831 7.62
      vertex -45.5764 54.831 7.40918
      vertex -45.5041 54.831 7.4972
    endloop
  endfacet
  facet normal 0 -1 -0
    outer loop
      vertex -53.467 54.831 7.62
      vertex -53.6928 54.831 7.39422
      vertex -45.6427 54.831 7.31664
    endloop
  endfacet
  facet normal 0 -1 0
    outer loop
      vertex -53.467 54.831 7.62
      vertex -45.6427 54.831 7.31664
      vertex -45.5764 54.831 7.40918
    endloop
  endfacet
  facet normal 0 -1 0
    outer loop
      vertex -55.2732 54.831 11.9662
      vertex -44.3098 54.831 8.08617
      vertex -44.196 54.831 8.0899
    endloop
  endfacet
  facet normal 0 -1 0
    outer loop
      vertex -53.6928 54.831 10.3858
      vertex -44.4231 54.831 8.07502
      vertex -44.3098 54.831 8.08617
    endloop
  endfacet
  facet normal 0 -1 0
    outer loop
      vertex -53.6928 54.831 10.3858
      vertex -44.5354 54.831 8.05647
      vertex -44.4231 54.831 8.07502
    endloop
  endfacet
  facet normal 0 -1 0
    outer loop
      vertex -53.6928 54.831 10.3858
      vertex -44.6463 54.831 8.03061
      vertex -44.5354 54.831 8.05647
    endloop
  endfacet
  facet normal 0 -1 0
    outer loop
      vertex -53.467 54.831 10.16
      vertex -44.7553 54.831 7.99756
      vertex -44.6463 54.831 8.03061
    endloop
  endfacet
  facet normal 0 -1 0
    outer loop
      vertex -53.467 54.831 10.16
      vertex -44.8618 54.831 7.95746
      vertex -44.7553 54.831 7.99756
    endloop
  endfacet
  facet normal 0 -1 0
    outer loop
      vertex -53.467 54.831 10.16
      vertex -44.9655 54.831 7.91047
      vertex -44.8618 54.831 7.95746
    endloop
  endfacet
  facet normal 0 -1 0
    outer loop
      vertex -53.467 54.831 10.16
      vertex -45.0659 54.831 7.8568
      vertex -44.9655 54.831 7.91047
    endloop
  endfacet
  facet normal 0 -1 0
    outer loop
      vertex -53.467 54.831 10.16
      vertex -45.1626 54.831 7.79667
      vertex -45.0659 54.831 7.8568
    endloop
  endfacet
  facet normal 0 -1 0
    outer loop
      vertex -53.467 54.831 10.16
      vertex -45.2552 54.831 7.73036
      vertex -45.1626 54.831 7.79667
    endloop
  endfacet
  facet normal 0 -1 0
    outer loop
      vertex -53.467 54.831 10.16
      vertex -45.3432 54.831 7.65813
      vertex -45.2552 54.831 7.73036
    endloop
  endfacet
  facet normal 0 -1 0
    outer loop
      vertex -45.4263 54.831 7.5803
      vertex -53.467 54.831 10.16
      vertex -53.467 54.831 7.62
    endloop
  endfacet
  facet normal 0 -1 0
    outer loop
      vertex -53.467 54.831 10.16
      vertex -45.4263 54.831 7.5803
      vertex -45.3432 54.831 7.65813
    endloop
  endfacet
  facet normal 0 -1 0
    outer loop
      vertex -44.5354 54.831 84.2565
      vertex -38.2272 54.831 88.9
      vertex -55.499 54.831 88.9
    endloop
  endfacet
  facet normal 0 -1 0
    outer loop
      vertex -38.2272 54.831 88.9
      vertex -44.3098 54.831 84.2862
      vertex -44.196 54.831 84.2899
    endloop
  endfacet
  facet normal 0 -1 0
    outer loop
      vertex -38.2272 54.831 88.9
      vertex -44.4231 54.831 84.275
      vertex -44.3098 54.831 84.2862
    endloop
  endfacet
  facet normal 0 -1 0
    outer loop
      vertex -38.2272 54.831 88.9
      vertex -44.5354 54.831 84.2565
      vertex -44.4231 54.831 84.275
    endloop
  endfacet
  facet normal 0 -1 0
    outer loop
      vertex -55.499 54.831 88.9
      vertex -44.6463 54.831 84.2306
      vertex -44.5354 54.831 84.2565
    endloop
  endfacet
  facet normal 0 -1 0
    outer loop
      vertex -55.499 54.831 88.9
      vertex -44.7553 54.831 84.1976
      vertex -44.6463 54.831 84.2306
    endloop
  endfacet
  facet normal 0 -1 0
    outer loop
      vertex -55.499 54.831 88.9
      vertex -44.8618 54.831 84.1575
      vertex -44.7553 54.831 84.1976
    endloop
  endfacet
  facet normal 0 -1 0
    outer loop
      vertex -55.499 54.831 88.9
      vertex -44.9655 54.831 84.1105
      vertex -44.8618 54.831 84.1575
    endloop
  endfacet
  facet normal 0 -1 0
    outer loop
      vertex -55.499 54.831 88.9
      vertex -45.0659 54.831 84.0568
      vertex -44.9655 54.831 84.1105
    endloop
  endfacet
  facet normal 0 -1 0
    outer loop
      vertex -55.499 54.831 88.9
      vertex -45.1626 54.831 83.9967
      vertex -45.0659 54.831 84.0568
    endloop
  endfacet
  facet normal 0 -1 0
    outer loop
      vertex -55.499 54.831 88.9
      vertex -45.2552 54.831 83.9304
      vertex -45.1626 54.831 83.9967
    endloop
  endfacet
  facet normal 0 -1 0
    outer loop
      vertex -55.499 54.831 88.9
      vertex -45.3432 54.831 83.8581
      vertex -45.2552 54.831 83.9304
    endloop
  endfacet
  facet normal 0 -1 0
    outer loop
      vertex -55.499 54.831 88.9
      vertex -45.4263 54.831 83.7803
      vertex -45.3432 54.831 83.8581
    endloop
  endfacet
  facet normal 0 -1 0
    outer loop
      vertex -55.499 54.831 88.9
      vertex -45.5041 54.831 83.6972
      vertex -45.4263 54.831 83.7803
    endloop
  endfacet
  facet normal 0 -1 0
    outer loop
      vertex -55.499 54.831 88.9
      vertex -45.5764 54.831 83.6092
      vertex -45.5041 54.831 83.6972
    endloop
  endfacet
  facet normal 0 -1 0
    outer loop
      vertex -55.499 54.831 88.9
      vertex -45.6427 54.831 83.5166
      vertex -45.5764 54.831 83.6092
    endloop
  endfacet
  facet normal 0 -1 0
    outer loop
      vertex -55.499 54.831 88.9
      vertex -45.7028 54.831 83.42
      vertex -45.6427 54.831 83.5166
    endloop
  endfacet
  facet normal 0 -1 0
    outer loop
      vertex -54.5959 54.831 82.4089
      vertex -45.7028 54.831 83.42
      vertex -55.499 54.831 88.9
    endloop
  endfacet
  facet normal 0 -1 0
    outer loop
      vertex -54.3701 54.831 82.1831
      vertex -45.7028 54.831 83.42
      vertex -54.5959 54.831 82.4089
    endloop
  endfacet
  facet normal 0 -1 0
    outer loop
      vertex -45.7028 54.831 83.42
      vertex -54.3701 54.831 82.1831
      vertex -45.7565 54.831 83.3195
    endloop
  endfacet
  facet normal 0 -1 0
    outer loop
      vertex -55.2732 54.831 83.0862
      vertex -55.499 54.831 88.9
      vertex -55.499 54.831 83.0862
    endloop
  endfacet
  facet normal 0 -1 0
    outer loop
      vertex -55.0474 54.831 82.8604
      vertex -55.499 54.831 88.9
      vertex -55.2732 54.831 83.0862
    endloop
  endfacet
  facet normal 0 -1 0
    outer loop
      vertex -54.8217 54.831 82.6347
      vertex -55.499 54.831 88.9
      vertex -55.0474 54.831 82.8604
    endloop
  endfacet
  facet normal 0 -1 0
    outer loop
      vertex -54.5959 54.831 82.4089
      vertex -55.499 54.831 88.9
      vertex -54.8217 54.831 82.6347
    endloop
  endfacet
  facet normal 0 -1 0
    outer loop
      vertex -55.0474 54.831 82.8604
      vertex -55.2732 54.831 83.0862
      vertex -55.2732 54.831 82.8604
    endloop
  endfacet
  facet normal 0 -1 0
    outer loop
      vertex -54.1443 54.831 81.9573
      vertex -45.7565 54.831 83.3195
      vertex -54.3701 54.831 82.1831
    endloop
  endfacet
  facet normal 0 -1 0
    outer loop
      vertex -53.9185 54.831 81.7316
      vertex -45.7565 54.831 83.3195
      vertex -54.1443 54.831 81.9573
    endloop
  endfacet
  facet normal 0 -1 0
    outer loop
      vertex -45.7565 54.831 83.3195
      vertex -53.9185 54.831 81.7316
      vertex -45.8035 54.831 83.2158
    endloop
  endfacet
  facet normal 0 -1 0
    outer loop
      vertex -54.8217 54.831 82.6347
      vertex -55.0474 54.831 82.8604
      vertex -55.0474 54.831 82.6347
    endloop
  endfacet
  facet normal 0 -1 0
    outer loop
      vertex -53.6928 54.831 81.5058
      vertex -45.8035 54.831 83.2158
      vertex -53.9185 54.831 81.7316
    endloop
  endfacet
  facet normal 0 -1 0
    outer loop
      vertex -45.8035 54.831 83.2158
      vertex -53.6928 54.831 81.5058
      vertex -45.8436 54.831 83.1093
    endloop
  endfacet
  facet normal 0 -1 0
    outer loop
      vertex -53.467 54.831 81.28
      vertex -45.8436 54.831 83.1093
      vertex -53.6928 54.831 81.5058
    endloop
  endfacet
  facet normal 0 -1 0
    outer loop
      vertex -54.5959 54.831 82.4089
      vertex -54.8217 54.831 82.6347
      vertex -54.8217 54.831 82.4089
    endloop
  endfacet
  facet normal 0 -1 0
    outer loop
      vertex -45.8436 54.831 83.1093
      vertex -53.467 54.831 81.28
      vertex -45.8766 54.831 83.0003
    endloop
  endfacet
  facet normal 0 -1 0
    outer loop
      vertex -45.8766 54.831 83.0003
      vertex -53.467 54.831 81.28
      vertex -45.9025 54.831 82.8894
    endloop
  endfacet
  facet normal 0 -1 0
    outer loop
      vertex -45.9025 54.831 82.8894
      vertex -53.467 54.831 81.28
      vertex -45.921 54.831 82.7771
    endloop
  endfacet
  facet normal 0 -1 0
    outer loop
      vertex -54.3701 54.831 82.1831
      vertex -54.5959 54.831 82.4089
      vertex -54.5959 54.831 82.1831
    endloop
  endfacet
  facet normal 0 -1 0
    outer loop
      vertex -45.921 54.831 82.7771
      vertex -53.467 54.831 81.28
      vertex -45.9322 54.831 82.6638
    endloop
  endfacet
  facet normal 0 -1 0
    outer loop
      vertex -45.9322 54.831 82.6638
      vertex -53.467 54.831 81.28
      vertex -45.9359 54.831 82.55
    endloop
  endfacet
  facet normal 0 -1 -0
    outer loop
      vertex -45.9359 54.831 82.55
      vertex -53.467 54.831 81.28
      vertex -45.9322 54.831 82.4362
    endloop
  endfacet
  facet normal 0 -1 0
    outer loop
      vertex -54.1443 54.831 81.9573
      vertex -54.3701 54.831 82.1831
      vertex -54.3701 54.831 81.9573
    endloop
  endfacet
  facet normal 0 -1 -0
    outer loop
      vertex -45.9322 54.831 82.4362
      vertex -53.467 54.831 81.28
      vertex -45.921 54.831 82.3229
    endloop
  endfacet
  facet normal 0 -1 -0
    outer loop
      vertex -45.921 54.831 82.3229
      vertex -53.467 54.831 81.28
      vertex -45.9025 54.831 82.2106
    endloop
  endfacet
  facet normal 0 -1 -0
    outer loop
      vertex -45.9025 54.831 82.2106
      vertex -53.467 54.831 81.28
      vertex -45.8766 54.831 82.0997
    endloop
  endfacet
  facet normal 0 -1 0
    outer loop
      vertex -53.9185 54.831 81.7316
      vertex -54.1443 54.831 81.9573
      vertex -54.1443 54.831 81.7316
    endloop
  endfacet
  facet normal 0 -1 -0
    outer loop
      vertex -45.8766 54.831 82.0997
      vertex -53.467 54.831 81.28
      vertex -45.8436 54.831 81.9907
    endloop
  endfacet
  facet normal 0 -1 -0
    outer loop
      vertex -45.8436 54.831 81.9907
      vertex -53.467 54.831 81.28
      vertex -45.8035 54.831 81.8842
    endloop
  endfacet
  facet normal 0 -1 -0
    outer loop
      vertex -45.8035 54.831 81.8842
      vertex -53.467 54.831 81.28
      vertex -45.7565 54.831 81.7805
    endloop
  endfacet
  facet normal 0 -1 0
    outer loop
      vertex -53.6928 54.831 81.5058
      vertex -53.9185 54.831 81.7316
      vertex -53.9185 54.831 81.5058
    endloop
  endfacet
  facet normal 0 -1 0
    outer loop
      vertex -53.467 54.831 78.74
      vertex -45.7565 54.831 81.7805
      vertex -53.467 54.831 81.28
    endloop
  endfacet
  facet normal 0 -1 -0
    outer loop
      vertex -45.7565 54.831 81.7805
      vertex -53.467 54.831 78.74
      vertex -45.7028 54.831 81.68
    endloop
  endfacet
  facet normal 0 -1 -0
    outer loop
      vertex -45.7028 54.831 81.68
      vertex -53.467 54.831 78.74
      vertex -45.6427 54.831 81.5834
    endloop
  endfacet
  facet normal 0 -1 -0
    outer loop
      vertex -45.6427 54.831 81.5834
      vertex -53.467 54.831 78.74
      vertex -45.5764 54.831 81.4908
    endloop
  endfacet
  facet normal 0 -1 0
    outer loop
      vertex -53.467 54.831 81.28
      vertex -53.6928 54.831 81.5058
      vertex -53.6928 54.831 81.28
    endloop
  endfacet
  facet normal 0 -1 -0
    outer loop
      vertex -45.5764 54.831 81.4908
      vertex -53.467 54.831 78.74
      vertex -45.5041 54.831 81.4028
    endloop
  endfacet
  facet normal 0 -1 -0
    outer loop
      vertex -45.5041 54.831 81.4028
      vertex -53.467 54.831 78.74
      vertex -45.4263 54.831 81.3197
    endloop
  endfacet
  facet normal 0 -1 -0
    outer loop
      vertex -45.4263 54.831 81.3197
      vertex -53.467 54.831 78.74
      vertex -45.3432 54.831 81.2419
    endloop
  endfacet
  facet normal 0 -1 -0
    outer loop
      vertex -45.3432 54.831 81.2419
      vertex -53.467 54.831 78.74
      vertex -45.2552 54.831 81.1696
    endloop
  endfacet
  facet normal 0 -1 -0
    outer loop
      vertex -45.2552 54.831 81.1696
      vertex -53.467 54.831 78.74
      vertex -45.1626 54.831 81.1033
    endloop
  endfacet
  facet normal 0 -1 -0
    outer loop
      vertex -45.1626 54.831 81.1033
      vertex -53.467 54.831 78.74
      vertex -45.0659 54.831 81.0432
    endloop
  endfacet
  facet normal 0 -1 -0
    outer loop
      vertex -45.0659 54.831 81.0432
      vertex -53.467 54.831 78.74
      vertex -44.9655 54.831 80.9895
    endloop
  endfacet
  facet normal 0 -1 -0
    outer loop
      vertex -44.9655 54.831 80.9895
      vertex -53.467 54.831 78.74
      vertex -44.8618 54.831 80.9425
    endloop
  endfacet
  facet normal 0 -1 -0
    outer loop
      vertex -44.8618 54.831 80.9425
      vertex -53.467 54.831 78.74
      vertex -44.7553 54.831 80.9024
    endloop
  endfacet
  facet normal 0 -1 -0
    outer loop
      vertex -44.7553 54.831 80.9024
      vertex -53.467 54.831 78.74
      vertex -44.6463 54.831 80.8694
    endloop
  endfacet
  facet normal 0 -1 0
    outer loop
      vertex -53.6928 54.831 78.5142
      vertex -44.6463 54.831 80.8694
      vertex -53.467 54.831 78.74
    endloop
  endfacet
  facet normal 0 -1 0
    outer loop
      vertex -53.9185 54.831 78.2884
      vertex -44.6463 54.831 80.8694
      vertex -53.6928 54.831 78.5142
    endloop
  endfacet
  facet normal 0 -1 0
    outer loop
      vertex -54.1443 54.831 78.0627
      vertex -44.5354 54.831 80.8435
      vertex -53.9185 54.831 78.2884
    endloop
  endfacet
  facet normal 0 -1 -0
    outer loop
      vertex -44.6463 54.831 80.8694
      vertex -53.9185 54.831 78.2884
      vertex -44.5354 54.831 80.8435
    endloop
  endfacet
  facet normal 0 -1 0
    outer loop
      vertex -44.0822 54.831 84.2862
      vertex -38.2272 54.831 88.9
      vertex -44.196 54.831 84.2899
    endloop
  endfacet
  facet normal 0 -1 0
    outer loop
      vertex -43.9689 54.831 84.275
      vertex -38.2272 54.831 88.9
      vertex -44.0822 54.831 84.2862
    endloop
  endfacet
  facet normal 0 -1 0
    outer loop
      vertex -43.8566 54.831 84.2565
      vertex -38.2272 54.831 88.9
      vertex -43.9689 54.831 84.275
    endloop
  endfacet
  facet normal 0 -1 0
    outer loop
      vertex -43.7457 54.831 84.2306
      vertex -38.2272 54.831 88.9
      vertex -43.8566 54.831 84.2565
    endloop
  endfacet
  facet normal 0 -1 0
    outer loop
      vertex -43.6367 54.831 84.1976
      vertex -38.2272 54.831 88.9
      vertex -43.7457 54.831 84.2306
    endloop
  endfacet
  facet normal 0 -1 0
    outer loop
      vertex -43.5302 54.831 84.1575
      vertex -38.2272 54.831 88.9
      vertex -43.6367 54.831 84.1976
    endloop
  endfacet
  facet normal 0 -1 0
    outer loop
      vertex -43.4265 54.831 84.1105
      vertex -38.2272 54.831 88.9
      vertex -43.5302 54.831 84.1575
    endloop
  endfacet
  facet normal 0 -1 0
    outer loop
      vertex -43.326 54.831 84.0568
      vertex -38.2272 54.831 88.9
      vertex -43.4265 54.831 84.1105
    endloop
  endfacet
  facet normal 0 -1 0
    outer loop
      vertex -43.2294 54.831 83.9967
      vertex -38.2272 54.831 88.9
      vertex -43.326 54.831 84.0568
    endloop
  endfacet
  facet normal 0 -1 0
    outer loop
      vertex -43.1368 54.831 83.9304
      vertex -38.2272 54.831 88.9
      vertex -43.2294 54.831 83.9967
    endloop
  endfacet
  facet normal 0 -1 0
    outer loop
      vertex -43.0488 54.831 83.8581
      vertex -38.2272 54.831 88.9
      vertex -43.1368 54.831 83.9304
    endloop
  endfacet
  facet normal 0 -1 0
    outer loop
      vertex -42.9657 54.831 83.7803
      vertex -38.2272 54.831 88.9
      vertex -43.0488 54.831 83.8581
    endloop
  endfacet
  facet normal 0 -1 0
    outer loop
      vertex -42.8879 54.831 83.6972
      vertex -38.2272 54.831 88.9
      vertex -42.9657 54.831 83.7803
    endloop
  endfacet
  facet normal 0 -1 0
    outer loop
      vertex -42.8156 54.831 83.6092
      vertex -38.2272 54.831 88.9
      vertex -42.8879 54.831 83.6972
    endloop
  endfacet
  facet normal 0 -1 0
    outer loop
      vertex -42.7493 54.831 83.5166
      vertex -38.2272 54.831 88.9
      vertex -42.8156 54.831 83.6092
    endloop
  endfacet
  facet normal 0 -1 0
    outer loop
      vertex -42.6892 54.831 83.42
      vertex -38.2272 54.831 88.9
      vertex -42.7493 54.831 83.5166
    endloop
  endfacet
  facet normal 0 -1 0
    outer loop
      vertex -42.6355 54.831 83.3195
      vertex -38.2272 54.831 88.9
      vertex -42.6892 54.831 83.42
    endloop
  endfacet
  facet normal 0 -1 0
    outer loop
      vertex -42.5885 54.831 83.2158
      vertex -38.2272 54.831 88.9
      vertex -42.6355 54.831 83.3195
    endloop
  endfacet
  facet normal 0 -1 0
    outer loop
      vertex -42.5484 54.831 83.1093
      vertex -38.2272 54.831 88.9
      vertex -42.5885 54.831 83.2158
    endloop
  endfacet
  facet normal 0 -1 0
    outer loop
      vertex -42.5154 54.831 83.0003
      vertex -38.2272 54.831 88.9
      vertex -42.5484 54.831 83.1093
    endloop
  endfacet
  facet normal 0 -1 0
    outer loop
      vertex -42.4895 54.831 82.8894
      vertex -38.2272 54.831 88.9
      vertex -42.5154 54.831 83.0003
    endloop
  endfacet
  facet normal 0 -1 0
    outer loop
      vertex -42.471 54.831 82.7771
      vertex -38.2272 54.831 88.9
      vertex -42.4895 54.831 82.8894
    endloop
  endfacet
  facet normal 0 -1 0
    outer loop
      vertex -42.4598 54.831 82.6638
      vertex -38.2272 54.831 88.9
      vertex -42.471 54.831 82.7771
    endloop
  endfacet
  facet normal 0 -1 0
    outer loop
      vertex -42.4561 54.831 82.55
      vertex -38.2272 54.831 88.9
      vertex -42.4598 54.831 82.6638
    endloop
  endfacet
  facet normal 0 -1 0
    outer loop
      vertex -42.4598 54.831 82.4362
      vertex -38.2272 54.831 88.9
      vertex -42.4561 54.831 82.55
    endloop
  endfacet
  facet normal 0 -1 0
    outer loop
      vertex -42.471 54.831 82.3229
      vertex -38.2272 54.831 88.9
      vertex -42.4598 54.831 82.4362
    endloop
  endfacet
  facet normal 0 -1 0
    outer loop
      vertex -42.4895 54.831 82.2106
      vertex -38.2272 54.831 88.9
      vertex -42.471 54.831 82.3229
    endloop
  endfacet
  facet normal 0 -1 0
    outer loop
      vertex -42.5154 54.831 82.0997
      vertex -38.2272 54.831 88.9
      vertex -42.4895 54.831 82.2106
    endloop
  endfacet
  facet normal 0 -1 0
    outer loop
      vertex -42.5484 54.831 81.9907
      vertex -38.2272 54.831 88.9
      vertex -42.5154 54.831 82.0997
    endloop
  endfacet
  facet normal 0 -1 0
    outer loop
      vertex -42.5885 54.831 81.8842
      vertex -38.2272 54.831 88.9
      vertex -42.5484 54.831 81.9907
    endloop
  endfacet
  facet normal 0 -1 0
    outer loop
      vertex -42.6355 54.831 81.7805
      vertex -38.2272 54.831 88.9
      vertex -42.5885 54.831 81.8842
    endloop
  endfacet
  facet normal 0 -1 0
    outer loop
      vertex -42.6892 54.831 81.68
      vertex -38.2272 54.831 88.9
      vertex -42.6355 54.831 81.7805
    endloop
  endfacet
  facet normal 0 -1 0
    outer loop
      vertex -54.3701 54.831 77.8369
      vertex -44.5354 54.831 80.8435
      vertex -54.1443 54.831 78.0627
    endloop
  endfacet
  facet normal 0 -1 0
    outer loop
      vertex -54.5959 54.831 77.6111
      vertex -44.5354 54.831 80.8435
      vertex -54.3701 54.831 77.8369
    endloop
  endfacet
  facet normal 0 -1 -0
    outer loop
      vertex -44.5354 54.831 80.8435
      vertex -54.5959 54.831 77.6111
      vertex -44.4231 54.831 80.825
    endloop
  endfacet
  facet normal 0 -1 0
    outer loop
      vertex -54.8217 54.831 77.3853
      vertex -44.4231 54.831 80.825
      vertex -54.5959 54.831 77.6111
    endloop
  endfacet
  facet normal 0 -1 0
    outer loop
      vertex -55.0474 54.831 77.1596
      vertex -44.4231 54.831 80.825
      vertex -54.8217 54.831 77.3853
    endloop
  endfacet
  facet normal 0 -1 0
    outer loop
      vertex -55.2732 54.831 76.9338
      vertex -44.4231 54.831 80.825
      vertex -55.0474 54.831 77.1596
    endloop
  endfacet
  facet normal 0 -1 -0
    outer loop
      vertex -44.4231 54.831 80.825
      vertex -55.2732 54.831 76.9338
      vertex -44.3098 54.831 80.8138
    endloop
  endfacet
  facet normal 0 -1 -0
    outer loop
      vertex -44.3098 54.831 80.8138
      vertex -55.2732 54.831 76.9338
      vertex -44.196 54.831 80.8101
    endloop
  endfacet
  facet normal 0 -1 -0
    outer loop
      vertex -44.196 54.831 80.8101
      vertex -55.2732 54.831 76.9338
      vertex -44.0822 54.831 80.8138
    endloop
  endfacet
  facet normal 0 -1 -0
    outer loop
      vertex -44.0822 54.831 80.8138
      vertex -55.2732 54.831 76.9338
      vertex -43.9689 54.831 80.825
    endloop
  endfacet
  facet normal 0 -1 -0
    outer loop
      vertex -43.9689 54.831 80.825
      vertex -55.2732 54.831 76.9338
      vertex -43.8566 54.831 80.8435
    endloop
  endfacet
  facet normal 0 -1 0
    outer loop
      vertex -55.2732 54.831 11.9662
      vertex -43.8566 54.831 80.8435
      vertex -55.2732 54.831 76.9338
    endloop
  endfacet
  facet normal 0 -1 0
    outer loop
      vertex -43.8566 54.831 8.05647
      vertex -43.8566 54.831 80.8435
      vertex -55.2732 54.831 11.9662
    endloop
  endfacet
  facet normal 0 -1 0
    outer loop
      vertex -55.2732 54.831 11.9662
      vertex -55.2732 54.831 76.9338
      vertex -55.499 54.831 11.9662
    endloop
  endfacet
  facet normal 0 -1 0
    outer loop
      vertex -43.8566 54.831 80.8435
      vertex -43.8566 54.831 8.05647
      vertex -43.7457 54.831 80.8694
    endloop
  endfacet
  facet normal 0 -1 0
    outer loop
      vertex -43.7457 54.831 8.03061
      vertex -43.7457 54.831 80.8694
      vertex -43.8566 54.831 8.05647
    endloop
  endfacet
  facet normal 0 -1 0
    outer loop
      vertex -43.7457 54.831 80.8694
      vertex -43.7457 54.831 8.03061
      vertex -43.6367 54.831 80.9024
    endloop
  endfacet
  facet normal 0 -1 0
    outer loop
      vertex -43.6367 54.831 7.99756
      vertex -43.6367 54.831 80.9024
      vertex -43.7457 54.831 8.03061
    endloop
  endfacet
  facet normal 0 -1 0
    outer loop
      vertex -43.6367 54.831 80.9024
      vertex -43.6367 54.831 7.99756
      vertex -43.5302 54.831 80.9425
    endloop
  endfacet
  facet normal 0 -1 0
    outer loop
      vertex -43.5302 54.831 7.95746
      vertex -43.5302 54.831 80.9425
      vertex -43.6367 54.831 7.99756
    endloop
  endfacet
  facet normal 0 -1 0
    outer loop
      vertex -43.5302 54.831 80.9425
      vertex -43.5302 54.831 7.95746
      vertex -43.4265 54.831 80.9895
    endloop
  endfacet
  facet normal 0 -1 0
    outer loop
      vertex -43.4265 54.831 7.91047
      vertex -43.4265 54.831 80.9895
      vertex -43.5302 54.831 7.95746
    endloop
  endfacet
  facet normal 0 -1 0
    outer loop
      vertex -43.4265 54.831 80.9895
      vertex -43.4265 54.831 7.91047
      vertex -43.326 54.831 81.0432
    endloop
  endfacet
  facet normal 0 -1 0
    outer loop
      vertex -43.326 54.831 7.8568
      vertex -43.326 54.831 81.0432
      vertex -43.4265 54.831 7.91047
    endloop
  endfacet
  facet normal 0 -1 0
    outer loop
      vertex -43.326 54.831 81.0432
      vertex -43.326 54.831 7.8568
      vertex -43.2294 54.831 81.1033
    endloop
  endfacet
  facet normal 0 -1 0
    outer loop
      vertex -43.2294 54.831 7.79667
      vertex -43.2294 54.831 81.1033
      vertex -43.326 54.831 7.8568
    endloop
  endfacet
  facet normal 0 -1 0
    outer loop
      vertex -43.2294 54.831 81.1033
      vertex -43.2294 54.831 7.79667
      vertex -43.1368 54.831 81.1696
    endloop
  endfacet
  facet normal 0 -1 0
    outer loop
      vertex -55.0474 54.831 11.7404
      vertex -55.2732 54.831 11.9662
      vertex -55.2732 54.831 11.7404
    endloop
  endfacet
  facet normal 0 -1 0
    outer loop
      vertex -44.3098 54.831 8.08617
      vertex -55.2732 54.831 11.9662
      vertex -55.0474 54.831 11.7404
    endloop
  endfacet
  facet normal 0 -1 0
    outer loop
      vertex -54.8217 54.831 11.5147
      vertex -55.0474 54.831 11.7404
      vertex -55.0474 54.831 11.5147
    endloop
  endfacet
  facet normal 0 -1 0
    outer loop
      vertex -44.3098 54.831 8.08617
      vertex -55.0474 54.831 11.7404
      vertex -54.8217 54.831 11.5147
    endloop
  endfacet
  facet normal 0 -1 0
    outer loop
      vertex -54.5959 54.831 11.2889
      vertex -54.8217 54.831 11.5147
      vertex -54.8217 54.831 11.2889
    endloop
  endfacet
  facet normal 0 -1 0
    outer loop
      vertex -44.3098 54.831 8.08617
      vertex -54.8217 54.831 11.5147
      vertex -54.5959 54.831 11.2889
    endloop
  endfacet
  facet normal 0 -1 0
    outer loop
      vertex -54.3701 54.831 11.0631
      vertex -54.5959 54.831 11.2889
      vertex -54.5959 54.831 11.0631
    endloop
  endfacet
  facet normal 0 -1 0
    outer loop
      vertex -44.3098 54.831 8.08617
      vertex -54.5959 54.831 11.2889
      vertex -54.3701 54.831 11.0631
    endloop
  endfacet
  facet normal 0 -1 0
    outer loop
      vertex -54.1443 54.831 10.8373
      vertex -54.3701 54.831 11.0631
      vertex -54.3701 54.831 10.8373
    endloop
  endfacet
  facet normal 0 -1 0
    outer loop
      vertex -44.3098 54.831 8.08617
      vertex -54.3701 54.831 11.0631
      vertex -54.1443 54.831 10.8373
    endloop
  endfacet
  facet normal 0 -1 0
    outer loop
      vertex -53.9185 54.831 10.6116
      vertex -54.1443 54.831 10.8373
      vertex -54.1443 54.831 10.6116
    endloop
  endfacet
  facet normal 0 -1 0
    outer loop
      vertex -44.3098 54.831 8.08617
      vertex -54.1443 54.831 10.8373
      vertex -53.9185 54.831 10.6116
    endloop
  endfacet
  facet normal 0 -1 0
    outer loop
      vertex -53.6928 54.831 10.3858
      vertex -53.9185 54.831 10.6116
      vertex -53.9185 54.831 10.3858
    endloop
  endfacet
  facet normal 0 -1 0
    outer loop
      vertex -44.3098 54.831 8.08617
      vertex -53.9185 54.831 10.6116
      vertex -53.6928 54.831 10.3858
    endloop
  endfacet
  facet normal 0 -1 0
    outer loop
      vertex -53.467 54.831 10.16
      vertex -53.6928 54.831 10.3858
      vertex -53.6928 54.831 10.16
    endloop
  endfacet
  facet normal 0 -1 0
    outer loop
      vertex -44.6463 54.831 8.03061
      vertex -53.6928 54.831 10.3858
      vertex -53.467 54.831 10.16
    endloop
  endfacet
  facet normal 0 -1 0
    outer loop
      vertex -55.2732 54.831 11.9662
      vertex -44.196 54.831 8.0899
      vertex -44.0822 54.831 8.08617
    endloop
  endfacet
  facet normal 0 -1 0
    outer loop
      vertex -55.2732 54.831 11.9662
      vertex -44.0822 54.831 8.08617
      vertex -43.9689 54.831 8.07502
    endloop
  endfacet
  facet normal 0 -1 0
    outer loop
      vertex -55.2732 54.831 11.9662
      vertex -43.9689 54.831 8.07502
      vertex -43.8566 54.831 8.05647
    endloop
  endfacet
  facet normal 0 -1 0
    outer loop
      vertex -43.1368 54.831 7.73036
      vertex -43.1368 54.831 81.1696
      vertex -43.2294 54.831 7.79667
    endloop
  endfacet
  facet normal 0 -1 0
    outer loop
      vertex -43.1368 54.831 81.1696
      vertex -43.1368 54.831 7.73036
      vertex -43.0488 54.831 81.2419
    endloop
  endfacet
  facet normal 0 -1 0
    outer loop
      vertex -43.0488 54.831 7.65813
      vertex -43.0488 54.831 81.2419
      vertex -43.1368 54.831 7.73036
    endloop
  endfacet
  facet normal 0 -1 0
    outer loop
      vertex -43.0488 54.831 81.2419
      vertex -43.0488 54.831 7.65813
      vertex -42.9657 54.831 81.3197
    endloop
  endfacet
  facet normal 0 -1 0
    outer loop
      vertex -42.9657 54.831 7.5803
      vertex -42.9657 54.831 81.3197
      vertex -43.0488 54.831 7.65813
    endloop
  endfacet
  facet normal 0 -1 0
    outer loop
      vertex -42.9657 54.831 81.3197
      vertex -42.9657 54.831 7.5803
      vertex -42.8879 54.831 81.4028
    endloop
  endfacet
  facet normal 0 -1 0
    outer loop
      vertex -42.8879 54.831 7.4972
      vertex -42.8879 54.831 81.4028
      vertex -42.9657 54.831 7.5803
    endloop
  endfacet
  facet normal 0 -1 0
    outer loop
      vertex -42.8879 54.831 81.4028
      vertex -42.8879 54.831 7.4972
      vertex -42.8156 54.831 81.4908
    endloop
  endfacet
  facet normal 0 -1 0
    outer loop
      vertex -42.8156 54.831 7.40918
      vertex -42.8156 54.831 81.4908
      vertex -42.8879 54.831 7.4972
    endloop
  endfacet
  facet normal 0 -1 0
    outer loop
      vertex -42.8156 54.831 81.4908
      vertex -42.8156 54.831 7.40918
      vertex -42.7493 54.831 81.5834
    endloop
  endfacet
  facet normal 0 -1 0
    outer loop
      vertex -42.7493 54.831 7.31664
      vertex -42.7493 54.831 81.5834
      vertex -42.8156 54.831 7.40918
    endloop
  endfacet
  facet normal 0 -1 0
    outer loop
      vertex -42.7493 54.831 81.5834
      vertex -42.7493 54.831 7.31664
      vertex -42.6892 54.831 81.68
    endloop
  endfacet
  facet normal 0 -1 0
    outer loop
      vertex -42.6892 54.831 7.21995
      vertex -42.6892 54.831 81.68
      vertex -42.7493 54.831 7.31664
    endloop
  endfacet
  facet normal 0 -1 0
    outer loop
      vertex -42.6892 54.831 81.68
      vertex -42.6892 54.831 7.21995
      vertex -38.2272 54.831 88.9
    endloop
  endfacet
  facet normal 0 -1 0
    outer loop
      vertex -42.6355 54.831 7.11954
      vertex -38.2272 54.831 88.9
      vertex -42.6892 54.831 7.21995
    endloop
  endfacet
  facet normal 0 -1 0
    outer loop
      vertex -38.2272 54.831 1.90735e-07
      vertex -42.6355 54.831 7.11954
      vertex -42.5885 54.831 7.01583
    endloop
  endfacet
  facet normal 0 -1 0
    outer loop
      vertex -38.2272 54.831 1.90735e-07
      vertex -42.5885 54.831 7.01583
      vertex -42.5484 54.831 6.90927
    endloop
  endfacet
  facet normal 0 -1 0
    outer loop
      vertex -38.2272 54.831 1.90735e-07
      vertex -42.5484 54.831 6.90927
      vertex -42.5154 54.831 6.80032
    endloop
  endfacet
  facet normal 0 -1 0
    outer loop
      vertex -38.2272 54.831 1.90735e-07
      vertex -42.5154 54.831 6.80032
      vertex -42.4895 54.831 6.68944
    endloop
  endfacet
  facet normal 0 -1 0
    outer loop
      vertex -38.2272 54.831 1.90735e-07
      vertex -42.4895 54.831 6.68944
      vertex -42.471 54.831 6.5771
    endloop
  endfacet
  facet normal 0 -1 0
    outer loop
      vertex -38.2272 54.831 1.90735e-07
      vertex -42.471 54.831 6.5771
      vertex -42.4598 54.831 6.4638
    endloop
  endfacet
  facet normal 0 -1 0
    outer loop
      vertex -38.2272 54.831 1.90735e-07
      vertex -42.4598 54.831 6.4638
      vertex -42.4561 54.831 6.35
    endloop
  endfacet
  facet normal 0 -1 0
    outer loop
      vertex -38.2272 54.831 1.90735e-07
      vertex -42.4561 54.831 6.35
      vertex -42.4598 54.831 6.23621
    endloop
  endfacet
  facet normal 0 -1 0
    outer loop
      vertex -44.3098 54.831 4.61383
      vertex -38.2272 54.831 1.90735e-07
      vertex -44.196 54.831 4.6101
    endloop
  endfacet
  facet normal 0 -1 0
    outer loop
      vertex -44.196 54.831 4.6101
      vertex -38.2272 54.831 1.90735e-07
      vertex -44.0822 54.831 4.61383
    endloop
  endfacet
  facet normal 0 -1 0
    outer loop
      vertex -44.0822 54.831 4.61383
      vertex -38.2272 54.831 1.90735e-07
      vertex -43.9689 54.831 4.62499
    endloop
  endfacet
  facet normal 0 -1 0
    outer loop
      vertex -43.9689 54.831 4.62499
      vertex -38.2272 54.831 1.90735e-07
      vertex -43.8566 54.831 4.64353
    endloop
  endfacet
  facet normal 0 -1 0
    outer loop
      vertex -43.8566 54.831 4.64353
      vertex -38.2272 54.831 1.90735e-07
      vertex -43.7457 54.831 4.66939
    endloop
  endfacet
  facet normal 0 -1 0
    outer loop
      vertex -43.7457 54.831 4.66939
      vertex -38.2272 54.831 1.90735e-07
      vertex -43.6367 54.831 4.70244
    endloop
  endfacet
  facet normal 0 -1 0
    outer loop
      vertex -42.6355 54.831 7.11954
      vertex -38.2272 54.831 1.90735e-07
      vertex -38.2272 54.831 88.9
    endloop
  endfacet
  facet normal 0 -1 0
    outer loop
      vertex -42.471 54.831 6.1229
      vertex -38.2272 54.831 1.90735e-07
      vertex -42.4598 54.831 6.23621
    endloop
  endfacet
  facet normal 0 -1 0
    outer loop
      vertex -42.4895 54.831 6.01056
      vertex -38.2272 54.831 1.90735e-07
      vertex -42.471 54.831 6.1229
    endloop
  endfacet
  facet normal 0 -1 0
    outer loop
      vertex -42.5154 54.831 5.89968
      vertex -38.2272 54.831 1.90735e-07
      vertex -42.4895 54.831 6.01056
    endloop
  endfacet
  facet normal 0 -1 0
    outer loop
      vertex -42.5484 54.831 5.79073
      vertex -38.2272 54.831 1.90735e-07
      vertex -42.5154 54.831 5.89968
    endloop
  endfacet
  facet normal 0 -1 0
    outer loop
      vertex -42.5885 54.831 5.68417
      vertex -38.2272 54.831 1.90735e-07
      vertex -42.5484 54.831 5.79073
    endloop
  endfacet
  facet normal 0 -1 0
    outer loop
      vertex -42.6355 54.831 5.58046
      vertex -38.2272 54.831 1.90735e-07
      vertex -42.5885 54.831 5.68417
    endloop
  endfacet
  facet normal 0 -1 0
    outer loop
      vertex -42.6892 54.831 5.48005
      vertex -38.2272 54.831 1.90735e-07
      vertex -42.6355 54.831 5.58046
    endloop
  endfacet
  facet normal 0 -1 0
    outer loop
      vertex -42.7493 54.831 5.38336
      vertex -38.2272 54.831 1.90735e-07
      vertex -42.6892 54.831 5.48005
    endloop
  endfacet
  facet normal 0 -1 0
    outer loop
      vertex -42.8156 54.831 5.29082
      vertex -38.2272 54.831 1.90735e-07
      vertex -42.7493 54.831 5.38336
    endloop
  endfacet
  facet normal 0 -1 0
    outer loop
      vertex -42.8879 54.831 5.2028
      vertex -38.2272 54.831 1.90735e-07
      vertex -42.8156 54.831 5.29082
    endloop
  endfacet
  facet normal 0 -1 0
    outer loop
      vertex -42.9657 54.831 5.11971
      vertex -38.2272 54.831 1.90735e-07
      vertex -42.8879 54.831 5.2028
    endloop
  endfacet
  facet normal 0 -1 0
    outer loop
      vertex -43.0488 54.831 5.04187
      vertex -38.2272 54.831 1.90735e-07
      vertex -42.9657 54.831 5.11971
    endloop
  endfacet
  facet normal 0 -1 0
    outer loop
      vertex -43.1368 54.831 4.96964
      vertex -38.2272 54.831 1.90735e-07
      vertex -43.0488 54.831 5.04187
    endloop
  endfacet
  facet normal 0 -1 0
    outer loop
      vertex -43.2294 54.831 4.90333
      vertex -38.2272 54.831 1.90735e-07
      vertex -43.1368 54.831 4.96964
    endloop
  endfacet
  facet normal 0 -1 0
    outer loop
      vertex -43.326 54.831 4.8432
      vertex -38.2272 54.831 1.90735e-07
      vertex -43.2294 54.831 4.90333
    endloop
  endfacet
  facet normal 0 -1 0
    outer loop
      vertex -43.4265 54.831 4.78953
      vertex -38.2272 54.831 1.90735e-07
      vertex -43.326 54.831 4.8432
    endloop
  endfacet
  facet normal 0 -1 0
    outer loop
      vertex -43.5302 54.831 4.74254
      vertex -38.2272 54.831 1.90735e-07
      vertex -43.4265 54.831 4.78953
    endloop
  endfacet
  facet normal 0 -1 0
    outer loop
      vertex -43.6367 54.831 4.70244
      vertex -38.2272 54.831 1.90735e-07
      vertex -43.5302 54.831 4.74254
    endloop
  endfacet
  facet normal 0 -1 0
    outer loop
      vertex -4.48734 54.831 82.6347
      vertex -3.81 54.831 88.9
      vertex -12.5728 54.831 88.9
    endloop
  endfacet
  facet normal 0 -1 0
    outer loop
      vertex -3.81 54.831 88.9
      vertex -4.26155 54.831 82.8604
      vertex -4.03578 54.831 83.0862
    endloop
  endfacet
  facet normal 0 -1 0
    outer loop
      vertex -3.81 54.831 88.9
      vertex -4.48734 54.831 82.6347
      vertex -4.26155 54.831 82.8604
    endloop
  endfacet
  facet normal 0 -1 0
    outer loop
      vertex -12.5728 54.831 88.9
      vertex -4.7131 54.831 82.4089
      vertex -4.48734 54.831 82.6347
    endloop
  endfacet
  facet normal 0 -1 0
    outer loop
      vertex -12.5728 54.831 88.9
      vertex -4.93889 54.831 82.1831
      vertex -4.7131 54.831 82.4089
    endloop
  endfacet
  facet normal 0 -1 0
    outer loop
      vertex -12.5728 54.831 88.9
      vertex -5.16466 54.831 81.9573
      vertex -4.93889 54.831 82.1831
    endloop
  endfacet
  facet normal 0 -1 0
    outer loop
      vertex -12.5728 54.831 88.9
      vertex -5.39044 54.831 81.7316
      vertex -5.16466 54.831 81.9573
    endloop
  endfacet
  facet normal 0 -1 0
    outer loop
      vertex -12.5728 54.831 88.9
      vertex -5.61623 54.831 81.5058
      vertex -5.39044 54.831 81.7316
    endloop
  endfacet
  facet normal 0 -1 0
    outer loop
      vertex -12.5728 54.831 88.9
      vertex -5.842 54.831 81.28
      vertex -5.61623 54.831 81.5058
    endloop
  endfacet
  facet normal 0 -1 0
    outer loop
      vertex -12.5728 54.831 88.9
      vertex -5.842 54.831 78.74
      vertex -5.842 54.831 81.28
    endloop
  endfacet
  facet normal 0 -1 0
    outer loop
      vertex -5.842 54.831 78.74
      vertex -5.61623 54.831 78.5142
      vertex -5.61623 54.831 78.74
    endloop
  endfacet
  facet normal 0 -1 0
    outer loop
      vertex -5.61623 54.831 78.5142
      vertex -5.39044 54.831 78.2884
      vertex -5.39044 54.831 78.5142
    endloop
  endfacet
  facet normal 0 -1 0
    outer loop
      vertex -5.39044 54.831 78.2884
      vertex -5.16466 54.831 78.0627
      vertex -5.16466 54.831 78.2884
    endloop
  endfacet
  facet normal 0 1 0
    outer loop
      vertex -5.61623 54.831 78.5142
      vertex -5.16466 54.831 78.0627
      vertex -5.39044 54.831 78.2884
    endloop
  endfacet
  facet normal 0 -1 0
    outer loop
      vertex -5.16466 54.831 78.0627
      vertex -4.93889 54.831 77.8369
      vertex -4.93889 54.831 78.0627
    endloop
  endfacet
  facet normal 0 -1 0
    outer loop
      vertex -5.16466 54.831 10.8373
      vertex -5.16466 54.831 78.0627
      vertex -5.61623 54.831 78.5142
    endloop
  endfacet
  facet normal 0 -1 0
    outer loop
      vertex -4.93889 54.831 77.8369
      vertex -4.7131 54.831 77.6111
      vertex -4.7131 54.831 77.8369
    endloop
  endfacet
  facet normal 0 -1 0
    outer loop
      vertex -4.7131 54.831 77.6111
      vertex -4.48734 54.831 77.3853
      vertex -4.48734 54.831 77.6111
    endloop
  endfacet
  facet normal 0 -1 0
    outer loop
      vertex -4.93889 54.831 77.8369
      vertex -4.48734 54.831 77.3853
      vertex -4.7131 54.831 77.6111
    endloop
  endfacet
  facet normal 0 -1 0
    outer loop
      vertex -5.16466 54.831 78.0627
      vertex -4.93889 54.831 11.0631
      vertex -4.93889 54.831 77.8369
    endloop
  endfacet
  facet normal 0 -1 0
    outer loop
      vertex -4.48734 54.831 77.3853
      vertex -4.26155 54.831 77.1596
      vertex -4.26155 54.831 77.3853
    endloop
  endfacet
  facet normal 0 -1 0
    outer loop
      vertex -4.26155 54.831 77.1596
      vertex -4.03578 54.831 76.9338
      vertex -4.03578 54.831 77.1596
    endloop
  endfacet
  facet normal 0 -1 0
    outer loop
      vertex -4.48734 54.831 77.3853
      vertex -4.03578 54.831 76.9338
      vertex -4.26155 54.831 77.1596
    endloop
  endfacet
  facet normal 0 -1 0
    outer loop
      vertex -4.93889 54.831 77.8369
      vertex -4.7131 54.831 11.2889
      vertex -4.48734 54.831 77.3853
    endloop
  endfacet
  facet normal 0 -1 0
    outer loop
      vertex -4.03578 54.831 76.9338
      vertex -4.03578 54.831 11.9662
      vertex -3.81 54.831 76.9338
    endloop
  endfacet
  facet normal 0 -1 0
    outer loop
      vertex -4.48734 54.831 77.3853
      vertex -4.48734 54.831 11.5147
      vertex -4.03578 54.831 76.9338
    endloop
  endfacet
  facet normal 0 -1 0
    outer loop
      vertex -5.39044 54.831 10.6116
      vertex -5.61623 54.831 78.5142
      vertex -5.842 54.831 78.74
    endloop
  endfacet
  facet normal 0 -1 0
    outer loop
      vertex -5.842 54.831 10.16
      vertex -5.842 54.831 78.74
      vertex -12.5728 54.831 88.9
    endloop
  endfacet
  facet normal 0 -1 -0
    outer loop
      vertex -4.03578 54.831 76.9338
      vertex -4.26155 54.831 11.7404
      vertex -4.03578 54.831 11.9662
    endloop
  endfacet
  facet normal 0 -1 0
    outer loop
      vertex -4.03578 54.831 76.9338
      vertex -4.48734 54.831 11.5147
      vertex -4.26155 54.831 11.7404
    endloop
  endfacet
  facet normal 0 -1 -0
    outer loop
      vertex -4.48734 54.831 77.3853
      vertex -4.7131 54.831 11.2889
      vertex -4.48734 54.831 11.5147
    endloop
  endfacet
  facet normal 0 -1 0
    outer loop
      vertex -4.93889 54.831 77.8369
      vertex -4.93889 54.831 11.0631
      vertex -4.7131 54.831 11.2889
    endloop
  endfacet
  facet normal 0 -1 0
    outer loop
      vertex -5.16466 54.831 78.0627
      vertex -5.16466 54.831 10.8373
      vertex -4.93889 54.831 11.0631
    endloop
  endfacet
  facet normal 0 -1 0
    outer loop
      vertex -5.61623 54.831 78.5142
      vertex -5.39044 54.831 10.6116
      vertex -5.16466 54.831 10.8373
    endloop
  endfacet
  facet normal 0 -1 0
    outer loop
      vertex -5.842 54.831 78.74
      vertex -5.61623 54.831 10.3858
      vertex -5.39044 54.831 10.6116
    endloop
  endfacet
  facet normal 0 -1 0
    outer loop
      vertex -5.842 54.831 78.74
      vertex -5.842 54.831 10.16
      vertex -5.61623 54.831 10.3858
    endloop
  endfacet
  facet normal 0 -1 0
    outer loop
      vertex -12.5728 54.831 1.90735e-07
      vertex -5.842 54.831 10.16
      vertex -12.5728 54.831 88.9
    endloop
  endfacet
  facet normal 0 -1 0
    outer loop
      vertex -5.842 54.831 7.62
      vertex -5.61623 54.831 7.39422
      vertex -5.61623 54.831 7.62
    endloop
  endfacet
  facet normal 0 -1 0
    outer loop
      vertex -5.61623 54.831 7.39422
      vertex -5.39044 54.831 7.16844
      vertex -5.39044 54.831 7.39422
    endloop
  endfacet
  facet normal 0 -1 0
    outer loop
      vertex -5.39044 54.831 7.16844
      vertex -5.16466 54.831 6.94267
      vertex -5.16466 54.831 7.16844
    endloop
  endfacet
  facet normal 0 -1 0
    outer loop
      vertex -12.5728 54.831 1.90735e-07
      vertex -5.39044 54.831 7.16844
      vertex -5.61623 54.831 7.39422
    endloop
  endfacet
  facet normal 0 -1 0
    outer loop
      vertex -5.16466 54.831 6.94267
      vertex -4.93889 54.831 6.71689
      vertex -4.93889 54.831 6.94267
    endloop
  endfacet
  facet normal 0 -1 -0
    outer loop
      vertex -5.39044 54.831 7.16844
      vertex -12.5728 54.831 1.90735e-07
      vertex -5.16466 54.831 6.94267
    endloop
  endfacet
  facet normal 0 -1 0
    outer loop
      vertex -4.93889 54.831 6.71689
      vertex -4.7131 54.831 6.49111
      vertex -4.7131 54.831 6.71689
    endloop
  endfacet
  facet normal 0 -1 0
    outer loop
      vertex -4.7131 54.831 6.49111
      vertex -4.48734 54.831 6.26533
      vertex -4.48734 54.831 6.49111
    endloop
  endfacet
  facet normal 0 -1 0
    outer loop
      vertex -12.5728 54.831 1.90735e-07
      vertex -4.7131 54.831 6.49111
      vertex -4.93889 54.831 6.71689
    endloop
  endfacet
  facet normal 0 -1 -0
    outer loop
      vertex -5.16466 54.831 6.94267
      vertex -12.5728 54.831 1.90735e-07
      vertex -4.93889 54.831 6.71689
    endloop
  endfacet
  facet normal 0 -1 0
    outer loop
      vertex -4.48734 54.831 6.26533
      vertex -4.26155 54.831 6.03956
      vertex -4.26155 54.831 6.26533
    endloop
  endfacet
  facet normal 0 -1 0
    outer loop
      vertex -4.26155 54.831 6.03956
      vertex -4.03578 54.831 5.81378
      vertex -4.03578 54.831 6.03956
    endloop
  endfacet
  facet normal 0 -1 0
    outer loop
      vertex -3.81 54.831 1.90735e-07
      vertex -4.26155 54.831 6.03956
      vertex -4.48734 54.831 6.26533
    endloop
  endfacet
  facet normal 0 -1 -0
    outer loop
      vertex -4.7131 54.831 6.49111
      vertex -12.5728 54.831 1.90735e-07
      vertex -4.48734 54.831 6.26533
    endloop
  endfacet
  facet normal 0 -1 -0
    outer loop
      vertex -5.842 54.831 10.16
      vertex -12.5728 54.831 1.90735e-07
      vertex -5.842 54.831 7.62
    endloop
  endfacet
  facet normal 0 -1 0
    outer loop
      vertex -12.5728 54.831 1.90735e-07
      vertex -5.61623 54.831 7.39422
      vertex -5.842 54.831 7.62
    endloop
  endfacet
  facet normal 0 -1 0
    outer loop
      vertex -3.81 54.831 1.90735e-07
      vertex -4.48734 54.831 6.26533
      vertex -12.5728 54.831 1.90735e-07
    endloop
  endfacet
  facet normal 0 -1 0
    outer loop
      vertex -4.26155 54.831 6.03956
      vertex -3.81 54.831 1.90735e-07
      vertex -4.03578 54.831 5.81378
    endloop
  endfacet
  facet normal 0 -1 0
    outer loop
      vertex -4.03578 54.831 5.81378
      vertex -3.81 54.831 1.90735e-07
      vertex -3.81 54.831 5.81378
    endloop
  endfacet
  facet normal 0 -1 -0
    outer loop
      vertex -3.81 54.831 88.9
      vertex -4.03578 54.831 83.0862
      vertex -3.81 54.831 83.0862
    endloop
  endfacet
  facet normal 0 -1 -0
    outer loop
      vertex -4.03578 54.831 83.0862
      vertex -4.26155 54.831 82.8604
      vertex -4.03578 54.831 82.8604
    endloop
  endfacet
  facet normal 0 -1 -0
    outer loop
      vertex -4.26155 54.831 82.8604
      vertex -4.48734 54.831 82.6347
      vertex -4.26155 54.831 82.6347
    endloop
  endfacet
  facet normal 0 -1 -0
    outer loop
      vertex -4.48734 54.831 82.6347
      vertex -4.7131 54.831 82.4089
      vertex -4.48734 54.831 82.4089
    endloop
  endfacet
  facet normal 0 -1 -0
    outer loop
      vertex -4.7131 54.831 82.4089
      vertex -4.93889 54.831 82.1831
      vertex -4.7131 54.831 82.1831
    endloop
  endfacet
  facet normal 0 -1 -0
    outer loop
      vertex -4.93889 54.831 82.1831
      vertex -5.16466 54.831 81.9573
      vertex -4.93889 54.831 81.9573
    endloop
  endfacet
  facet normal 0 -1 -0
    outer loop
      vertex -5.16466 54.831 81.9573
      vertex -5.39044 54.831 81.7316
      vertex -5.16466 54.831 81.7316
    endloop
  endfacet
  facet normal 0 -1 -0
    outer loop
      vertex -5.39044 54.831 81.7316
      vertex -5.61623 54.831 81.5058
      vertex -5.39044 54.831 81.5058
    endloop
  endfacet
  facet normal 0 -1 -0
    outer loop
      vertex -5.61623 54.831 81.5058
      vertex -5.842 54.831 81.28
      vertex -5.61623 54.831 81.28
    endloop
  endfacet
  facet normal 0 -1 -0
    outer loop
      vertex -3.81 54.831 76.9338
      vertex -4.03578 54.831 11.9662
      vertex -3.81 54.831 11.9662
    endloop
  endfacet
  facet normal 0 -1 -0
    outer loop
      vertex -4.03578 54.831 11.9662
      vertex -4.26155 54.831 11.7404
      vertex -4.03578 54.831 11.7404
    endloop
  endfacet
  facet normal 0 -1 -0
    outer loop
      vertex -4.26155 54.831 11.7404
      vertex -4.48734 54.831 11.5147
      vertex -4.26155 54.831 11.5147
    endloop
  endfacet
  facet normal 0 -1 -0
    outer loop
      vertex -4.48734 54.831 11.5147
      vertex -4.7131 54.831 11.2889
      vertex -4.48734 54.831 11.2889
    endloop
  endfacet
  facet normal 0 -1 -0
    outer loop
      vertex -4.7131 54.831 11.2889
      vertex -4.93889 54.831 11.0631
      vertex -4.7131 54.831 11.0631
    endloop
  endfacet
  facet normal 0 -1 -0
    outer loop
      vertex -4.93889 54.831 11.0631
      vertex -5.16466 54.831 10.8373
      vertex -4.93889 54.831 10.8373
    endloop
  endfacet
  facet normal 0 -1 -0
    outer loop
      vertex -5.16466 54.831 10.8373
      vertex -5.39044 54.831 10.6116
      vertex -5.16466 54.831 10.6116
    endloop
  endfacet
  facet normal 0 -1 -0
    outer loop
      vertex -5.39044 54.831 10.6116
      vertex -5.61623 54.831 10.3858
      vertex -5.39044 54.831 10.3858
    endloop
  endfacet
  facet normal 0 -1 -0
    outer loop
      vertex -5.61623 54.831 10.3858
      vertex -5.842 54.831 10.16
      vertex -5.61623 54.831 10.16
    endloop
  endfacet
  facet normal 0.0979382 0 -0.995192
    outer loop
      vertex -44.4231 54.831 8.07502
      vertex -44.3098 61.29 8.08617
      vertex -44.3098 54.831 8.08617
    endloop
  endfacet
  facet normal 0.0979382 0 -0.995192
    outer loop
      vertex -44.3098 61.29 8.08617
      vertex -44.4231 54.831 8.07502
      vertex -44.4231 61.29 8.07502
    endloop
  endfacet
  facet normal -0.0979382 0 -0.995192
    outer loop
      vertex -44.0822 54.831 8.08617
      vertex -43.9689 61.29 8.07502
      vertex -43.9689 54.831 8.07502
    endloop
  endfacet
  facet normal -0.0979382 0 -0.995192
    outer loop
      vertex -43.9689 61.29 8.07502
      vertex -44.0822 54.831 8.08617
      vertex -44.0822 61.29 8.08617
    endloop
  endfacet
  facet normal -0.0327592 0 -0.999463
    outer loop
      vertex -44.196 54.831 8.0899
      vertex -44.0822 61.29 8.08617
      vertex -44.0822 54.831 8.08617
    endloop
  endfacet
  facet normal -0.0327592 0 -0.999463
    outer loop
      vertex -44.0822 61.29 8.08617
      vertex -44.196 54.831 8.0899
      vertex -44.196 61.29 8.0899
    endloop
  endfacet
  facet normal -0.162974 0 -0.98663
    outer loop
      vertex -43.9689 54.831 8.07502
      vertex -43.8566 61.29 8.05647
      vertex -43.8566 54.831 8.05647
    endloop
  endfacet
  facet normal -0.162974 0 -0.98663
    outer loop
      vertex -43.8566 61.29 8.05647
      vertex -43.9689 54.831 8.07502
      vertex -43.9689 61.29 8.07502
    endloop
  endfacet
  facet normal 0.634447 0 0.772966
    outer loop
      vertex -45.3432 61.29 5.04187
      vertex -45.2552 54.831 4.96964
      vertex -45.2552 61.29 4.96964
    endloop
  endfacet
  facet normal 0.634447 0 0.772966
    outer loop
      vertex -45.2552 54.831 4.96964
      vertex -45.3432 61.29 5.04187
      vertex -45.3432 54.831 5.04187
    endloop
  endfacet
  facet normal -0.957061 0 -0.289885
    outer loop
      vertex -42.5154 54.831 6.80032
      vertex -42.5484 61.29 6.90927
      vertex -42.5154 61.29 6.80032
    endloop
  endfacet
  facet normal -0.957061 -0 -0.289885
    outer loop
      vertex -42.5484 61.29 6.90927
      vertex -42.5154 54.831 6.80032
      vertex -42.5484 54.831 6.90927
    endloop
  endfacet
  facet normal 0.812902 0 -0.582401
    outer loop
      vertex -45.5764 54.831 7.40918
      vertex -45.6427 61.29 7.31664
      vertex -45.5764 61.29 7.40918
    endloop
  endfacet
  facet normal 0.812902 0 -0.582401
    outer loop
      vertex -45.6427 61.29 7.31664
      vertex -45.5764 54.831 7.40918
      vertex -45.6427 54.831 7.31664
    endloop
  endfacet
  facet normal -0.412737 0 0.91085
    outer loop
      vertex -43.5302 61.29 4.74254
      vertex -43.4265 54.831 4.78953
      vertex -43.4265 61.29 4.78953
    endloop
  endfacet
  facet normal -0.412737 0 0.91085
    outer loop
      vertex -43.4265 54.831 4.78953
      vertex -43.5302 61.29 4.74254
      vertex -43.5302 54.831 4.74254
    endloop
  endfacet
  facet normal -0.58221 0 -0.813039
    outer loop
      vertex -43.2294 54.831 7.79667
      vertex -43.1368 61.29 7.73036
      vertex -43.1368 54.831 7.73036
    endloop
  endfacet
  facet normal -0.58221 0 -0.813039
    outer loop
      vertex -43.1368 61.29 7.73036
      vertex -43.2294 54.831 7.79667
      vertex -43.2294 61.29 7.79667
    endloop
  endfacet
  facet normal 0.634447 0 -0.772966
    outer loop
      vertex -45.3432 54.831 7.65813
      vertex -45.2552 61.29 7.73036
      vertex -45.2552 54.831 7.73036
    endloop
  endfacet
  facet normal 0.634447 0 -0.772966
    outer loop
      vertex -45.2552 61.29 7.73036
      vertex -45.3432 54.831 7.65813
      vertex -45.3432 61.29 7.65813
    endloop
  endfacet
  facet normal 0.957061 0 -0.289885
    outer loop
      vertex -45.8436 54.831 6.90927
      vertex -45.8766 61.29 6.80032
      vertex -45.8436 61.29 6.90927
    endloop
  endfacet
  facet normal 0.957061 0 -0.289885
    outer loop
      vertex -45.8766 61.29 6.80032
      vertex -45.8436 54.831 6.90927
      vertex -45.8766 54.831 6.80032
    endloop
  endfacet
  facet normal -0.957061 0 0.289885
    outer loop
      vertex -42.5484 54.831 5.79073
      vertex -42.5154 61.29 5.89968
      vertex -42.5484 61.29 5.79073
    endloop
  endfacet
  facet normal -0.957061 0 0.289885
    outer loop
      vertex -42.5154 61.29 5.89968
      vertex -42.5484 54.831 5.79073
      vertex -42.5154 54.831 5.89968
    endloop
  endfacet
  facet normal -0.227091 0 -0.973874
    outer loop
      vertex -43.8566 54.831 8.05647
      vertex -43.7457 61.29 8.03061
      vertex -43.7457 54.831 8.03061
    endloop
  endfacet
  facet normal -0.227091 0 -0.973874
    outer loop
      vertex -43.7457 61.29 8.03061
      vertex -43.8566 54.831 8.05647
      vertex -43.8566 61.29 8.05647
    endloop
  endfacet
  facet normal 0.162889 0 0.986644
    outer loop
      vertex -44.5354 61.29 4.64353
      vertex -44.4231 54.831 4.62499
      vertex -44.4231 61.29 4.62499
    endloop
  endfacet
  facet normal 0.162889 0 0.986644
    outer loop
      vertex -44.4231 54.831 4.62499
      vertex -44.5354 61.29 4.64353
      vertex -44.5354 54.831 4.64353
    endloop
  endfacet
  facet normal 0.58221 0 0.813039
    outer loop
      vertex -45.2552 61.29 4.96964
      vertex -45.1626 54.831 4.90333
      vertex -45.1626 61.29 4.90333
    endloop
  endfacet
  facet normal 0.58221 0 0.813039
    outer loop
      vertex -45.1626 54.831 4.90333
      vertex -45.2552 61.29 4.96964
      vertex -45.2552 54.831 4.96964
    endloop
  endfacet
  facet normal 0.227091 0 0.973874
    outer loop
      vertex -44.6463 61.29 4.66939
      vertex -44.5354 54.831 4.64353
      vertex -44.5354 61.29 4.64353
    endloop
  endfacet
  facet normal 0.227091 0 0.973874
    outer loop
      vertex -44.5354 54.831 4.64353
      vertex -44.6463 61.29 4.66939
      vertex -44.6463 54.831 4.66939
    endloop
  endfacet
  facet normal -0.812902 0 0.582401
    outer loop
      vertex -42.8156 54.831 5.29082
      vertex -42.7493 61.29 5.38336
      vertex -42.8156 61.29 5.29082
    endloop
  endfacet
  facet normal -0.812902 0 0.582401
    outer loop
      vertex -42.7493 61.29 5.38336
      vertex -42.8156 54.831 5.29082
      vertex -42.7493 54.831 5.38336
    endloop
  endfacet
  facet normal 0.910832 0 -0.412777
    outer loop
      vertex -45.7565 54.831 7.11954
      vertex -45.8035 61.29 7.01583
      vertex -45.7565 61.29 7.11954
    endloop
  endfacet
  facet normal 0.910832 0 -0.412777
    outer loop
      vertex -45.8035 61.29 7.01583
      vertex -45.7565 54.831 7.11954
      vertex -45.8035 54.831 7.01583
    endloop
  endfacet
  facet normal -0.352375 0 0.935859
    outer loop
      vertex -43.6367 61.29 4.70244
      vertex -43.5302 54.831 4.74254
      vertex -43.5302 61.29 4.74254
    endloop
  endfacet
  facet normal -0.352375 0 0.935859
    outer loop
      vertex -43.5302 54.831 4.74254
      vertex -43.6367 61.29 4.70244
      vertex -43.6367 54.831 4.70244
    endloop
  endfacet
  facet normal -0.290166 0 -0.956976
    outer loop
      vertex -43.7457 54.831 8.03061
      vertex -43.6367 61.29 7.99756
      vertex -43.6367 54.831 7.99756
    endloop
  endfacet
  facet normal -0.290166 0 -0.956976
    outer loop
      vertex -43.6367 61.29 7.99756
      vertex -43.7457 54.831 8.03061
      vertex -43.7457 61.29 8.03061
    endloop
  endfacet
  facet normal 0 -1 0
    outer loop
      vertex -44.3098 61.29 8.08617
      vertex -44.0822 61.29 8.08617
      vertex -44.196 61.29 8.0899
    endloop
  endfacet
  facet normal 0 -1 0
    outer loop
      vertex -44.4231 61.29 8.07502
      vertex -44.0822 61.29 8.08617
      vertex -44.3098 61.29 8.08617
    endloop
  endfacet
  facet normal 0 -1 0
    outer loop
      vertex -44.4231 61.29 8.07502
      vertex -43.9689 61.29 8.07502
      vertex -44.0822 61.29 8.08617
    endloop
  endfacet
  facet normal 0 -1 0
    outer loop
      vertex -44.5354 61.29 8.05647
      vertex -43.9689 61.29 8.07502
      vertex -44.4231 61.29 8.07502
    endloop
  endfacet
  facet normal 0 -1 0
    outer loop
      vertex -44.5354 61.29 8.05647
      vertex -43.8566 61.29 8.05647
      vertex -43.9689 61.29 8.07502
    endloop
  endfacet
  facet normal 0 -1 0
    outer loop
      vertex -44.6463 61.29 8.03061
      vertex -43.8566 61.29 8.05647
      vertex -44.5354 61.29 8.05647
    endloop
  endfacet
  facet normal 0 -1 0
    outer loop
      vertex -44.6463 61.29 8.03061
      vertex -43.7457 61.29 8.03061
      vertex -43.8566 61.29 8.05647
    endloop
  endfacet
  facet normal 0 -1 0
    outer loop
      vertex -44.7553 61.29 7.99756
      vertex -43.7457 61.29 8.03061
      vertex -44.6463 61.29 8.03061
    endloop
  endfacet
  facet normal 0 -1 0
    outer loop
      vertex -44.7553 61.29 7.99756
      vertex -43.6367 61.29 7.99756
      vertex -43.7457 61.29 8.03061
    endloop
  endfacet
  facet normal 0 -1 0
    outer loop
      vertex -44.8618 61.29 7.95746
      vertex -43.6367 61.29 7.99756
      vertex -44.7553 61.29 7.99756
    endloop
  endfacet
  facet normal 0 -1 0
    outer loop
      vertex -44.8618 61.29 7.95746
      vertex -43.5302 61.29 7.95746
      vertex -43.6367 61.29 7.99756
    endloop
  endfacet
  facet normal 0 -1 0
    outer loop
      vertex -44.9655 61.29 7.91047
      vertex -43.5302 61.29 7.95746
      vertex -44.8618 61.29 7.95746
    endloop
  endfacet
  facet normal 0 -1 0
    outer loop
      vertex -44.9655 61.29 7.91047
      vertex -43.4265 61.29 7.91047
      vertex -43.5302 61.29 7.95746
    endloop
  endfacet
  facet normal 0 -1 0
    outer loop
      vertex -45.0659 61.29 7.8568
      vertex -43.4265 61.29 7.91047
      vertex -44.9655 61.29 7.91047
    endloop
  endfacet
  facet normal 0 -1 0
    outer loop
      vertex -45.0659 61.29 7.8568
      vertex -43.326 61.29 7.8568
      vertex -43.4265 61.29 7.91047
    endloop
  endfacet
  facet normal 0 -1 0
    outer loop
      vertex -45.1626 61.29 7.79667
      vertex -43.326 61.29 7.8568
      vertex -45.0659 61.29 7.8568
    endloop
  endfacet
  facet normal 0 -1 0
    outer loop
      vertex -45.1626 61.29 7.79667
      vertex -43.2294 61.29 7.79667
      vertex -43.326 61.29 7.8568
    endloop
  endfacet
  facet normal 0 -1 0
    outer loop
      vertex -45.2552 61.29 7.73036
      vertex -43.2294 61.29 7.79667
      vertex -45.1626 61.29 7.79667
    endloop
  endfacet
  facet normal 0 -1 0
    outer loop
      vertex -45.2552 61.29 7.73036
      vertex -43.1368 61.29 7.73036
      vertex -43.2294 61.29 7.79667
    endloop
  endfacet
  facet normal 0 -1 0
    outer loop
      vertex -45.3432 61.29 7.65813
      vertex -43.1368 61.29 7.73036
      vertex -45.2552 61.29 7.73036
    endloop
  endfacet
  facet normal 0 -1 0
    outer loop
      vertex -45.3432 61.29 7.65813
      vertex -43.0488 61.29 7.65813
      vertex -43.1368 61.29 7.73036
    endloop
  endfacet
  facet normal 0 -1 0
    outer loop
      vertex -45.4263 61.29 7.5803
      vertex -43.0488 61.29 7.65813
      vertex -45.3432 61.29 7.65813
    endloop
  endfacet
  facet normal 0 -1 0
    outer loop
      vertex -45.4263 61.29 7.5803
      vertex -42.9657 61.29 7.5803
      vertex -43.0488 61.29 7.65813
    endloop
  endfacet
  facet normal 0 -1 0
    outer loop
      vertex -45.5041 61.29 7.4972
      vertex -42.9657 61.29 7.5803
      vertex -45.4263 61.29 7.5803
    endloop
  endfacet
  facet normal 0 -1 0
    outer loop
      vertex -45.5041 61.29 7.4972
      vertex -42.8879 61.29 7.4972
      vertex -42.9657 61.29 7.5803
    endloop
  endfacet
  facet normal 0 -1 0
    outer loop
      vertex -45.5764 61.29 7.40918
      vertex -42.8879 61.29 7.4972
      vertex -45.5041 61.29 7.4972
    endloop
  endfacet
  facet normal 0 -1 0
    outer loop
      vertex -45.5764 61.29 7.40918
      vertex -42.8156 61.29 7.40918
      vertex -42.8879 61.29 7.4972
    endloop
  endfacet
  facet normal 0 -1 0
    outer loop
      vertex -45.6427 61.29 7.31664
      vertex -42.8156 61.29 7.40918
      vertex -45.5764 61.29 7.40918
    endloop
  endfacet
  facet normal 0 -1 0
    outer loop
      vertex -45.6427 61.29 7.31664
      vertex -42.7493 61.29 7.31664
      vertex -42.8156 61.29 7.40918
    endloop
  endfacet
  facet normal 0 -1 0
    outer loop
      vertex -45.7028 61.29 7.21995
      vertex -42.7493 61.29 7.31664
      vertex -45.6427 61.29 7.31664
    endloop
  endfacet
  facet normal 0 -1 0
    outer loop
      vertex -45.7028 61.29 7.21995
      vertex -42.6892 61.29 7.21995
      vertex -42.7493 61.29 7.31664
    endloop
  endfacet
  facet normal 0 -1 0
    outer loop
      vertex -45.7565 61.29 7.11954
      vertex -42.6892 61.29 7.21995
      vertex -45.7028 61.29 7.21995
    endloop
  endfacet
  facet normal 0 -1 0
    outer loop
      vertex -45.7565 61.29 7.11954
      vertex -42.6355 61.29 7.11954
      vertex -42.6892 61.29 7.21995
    endloop
  endfacet
  facet normal 0 -1 0
    outer loop
      vertex -45.8035 61.29 7.01583
      vertex -42.6355 61.29 7.11954
      vertex -45.7565 61.29 7.11954
    endloop
  endfacet
  facet normal 0 -1 0
    outer loop
      vertex -45.8035 61.29 7.01583
      vertex -42.5885 61.29 7.01583
      vertex -42.6355 61.29 7.11954
    endloop
  endfacet
  facet normal 0 -1 0
    outer loop
      vertex -45.8436 61.29 6.90927
      vertex -42.5885 61.29 7.01583
      vertex -45.8035 61.29 7.01583
    endloop
  endfacet
  facet normal 0 -1 0
    outer loop
      vertex -45.8436 61.29 6.90927
      vertex -42.5484 61.29 6.90927
      vertex -42.5885 61.29 7.01583
    endloop
  endfacet
  facet normal 0 -1 0
    outer loop
      vertex -45.8766 61.29 6.80032
      vertex -42.5484 61.29 6.90927
      vertex -45.8436 61.29 6.90927
    endloop
  endfacet
  facet normal 0 -1 0
    outer loop
      vertex -45.8766 61.29 6.80032
      vertex -42.5154 61.29 6.80032
      vertex -42.5484 61.29 6.90927
    endloop
  endfacet
  facet normal 0 -1 0
    outer loop
      vertex -45.9025 61.29 6.68944
      vertex -42.5154 61.29 6.80032
      vertex -45.8766 61.29 6.80032
    endloop
  endfacet
  facet normal 0 -1 0
    outer loop
      vertex -45.9025 61.29 6.68944
      vertex -42.4895 61.29 6.68944
      vertex -42.5154 61.29 6.80032
    endloop
  endfacet
  facet normal 0 -1 0
    outer loop
      vertex -45.921 61.29 6.5771
      vertex -42.4895 61.29 6.68944
      vertex -45.9025 61.29 6.68944
    endloop
  endfacet
  facet normal 0 -1 0
    outer loop
      vertex -45.921 61.29 6.5771
      vertex -42.471 61.29 6.5771
      vertex -42.4895 61.29 6.68944
    endloop
  endfacet
  facet normal 0 -1 0
    outer loop
      vertex -45.9322 61.29 6.4638
      vertex -42.471 61.29 6.5771
      vertex -45.921 61.29 6.5771
    endloop
  endfacet
  facet normal 0 -1 0
    outer loop
      vertex -45.9322 61.29 6.4638
      vertex -42.4598 61.29 6.4638
      vertex -42.471 61.29 6.5771
    endloop
  endfacet
  facet normal 0 -1 0
    outer loop
      vertex -45.9359 61.29 6.35
      vertex -42.4598 61.29 6.4638
      vertex -45.9322 61.29 6.4638
    endloop
  endfacet
  facet normal 0 -1 0
    outer loop
      vertex -45.9359 61.29 6.35
      vertex -42.4561 61.29 6.35
      vertex -42.4598 61.29 6.4638
    endloop
  endfacet
  facet normal 0 -1 0
    outer loop
      vertex -45.9322 61.29 6.23621
      vertex -42.4561 61.29 6.35
      vertex -45.9359 61.29 6.35
    endloop
  endfacet
  facet normal 0 -1 0
    outer loop
      vertex -45.9322 61.29 6.23621
      vertex -42.4598 61.29 6.23621
      vertex -42.4561 61.29 6.35
    endloop
  endfacet
  facet normal 0 -1 0
    outer loop
      vertex -45.921 61.29 6.1229
      vertex -42.4598 61.29 6.23621
      vertex -45.9322 61.29 6.23621
    endloop
  endfacet
  facet normal 0 -1 0
    outer loop
      vertex -45.921 61.29 6.1229
      vertex -42.471 61.29 6.1229
      vertex -42.4598 61.29 6.23621
    endloop
  endfacet
  facet normal 0 -1 0
    outer loop
      vertex -45.9025 61.29 6.01056
      vertex -42.471 61.29 6.1229
      vertex -45.921 61.29 6.1229
    endloop
  endfacet
  facet normal 0 -1 0
    outer loop
      vertex -45.9025 61.29 6.01056
      vertex -42.4895 61.29 6.01056
      vertex -42.471 61.29 6.1229
    endloop
  endfacet
  facet normal 0 -1 0
    outer loop
      vertex -45.8766 61.29 5.89968
      vertex -42.4895 61.29 6.01056
      vertex -45.9025 61.29 6.01056
    endloop
  endfacet
  facet normal 0 -1 0
    outer loop
      vertex -45.8766 61.29 5.89968
      vertex -42.5154 61.29 5.89968
      vertex -42.4895 61.29 6.01056
    endloop
  endfacet
  facet normal 0 -1 0
    outer loop
      vertex -45.8436 61.29 5.79073
      vertex -42.5154 61.29 5.89968
      vertex -45.8766 61.29 5.89968
    endloop
  endfacet
  facet normal 0 -1 0
    outer loop
      vertex -45.8436 61.29 5.79073
      vertex -42.5484 61.29 5.79073
      vertex -42.5154 61.29 5.89968
    endloop
  endfacet
  facet normal 0 -1 0
    outer loop
      vertex -45.8035 61.29 5.68417
      vertex -42.5484 61.29 5.79073
      vertex -45.8436 61.29 5.79073
    endloop
  endfacet
  facet normal 0 -1 0
    outer loop
      vertex -45.8035 61.29 5.68417
      vertex -42.5885 61.29 5.68417
      vertex -42.5484 61.29 5.79073
    endloop
  endfacet
  facet normal 0 -1 0
    outer loop
      vertex -45.7565 61.29 5.58046
      vertex -42.5885 61.29 5.68417
      vertex -45.8035 61.29 5.68417
    endloop
  endfacet
  facet normal 0 -1 0
    outer loop
      vertex -45.7565 61.29 5.58046
      vertex -42.6355 61.29 5.58046
      vertex -42.5885 61.29 5.68417
    endloop
  endfacet
  facet normal 0 -1 0
    outer loop
      vertex -45.7028 61.29 5.48005
      vertex -42.6355 61.29 5.58046
      vertex -45.7565 61.29 5.58046
    endloop
  endfacet
  facet normal 0 -1 0
    outer loop
      vertex -45.7028 61.29 5.48005
      vertex -42.6892 61.29 5.48005
      vertex -42.6355 61.29 5.58046
    endloop
  endfacet
  facet normal 0 -1 0
    outer loop
      vertex -45.6427 61.29 5.38336
      vertex -42.6892 61.29 5.48005
      vertex -45.7028 61.29 5.48005
    endloop
  endfacet
  facet normal 0 -1 0
    outer loop
      vertex -45.6427 61.29 5.38336
      vertex -42.7493 61.29 5.38336
      vertex -42.6892 61.29 5.48005
    endloop
  endfacet
  facet normal 0 -1 0
    outer loop
      vertex -45.5764 61.29 5.29082
      vertex -42.7493 61.29 5.38336
      vertex -45.6427 61.29 5.38336
    endloop
  endfacet
  facet normal 0 -1 0
    outer loop
      vertex -45.5764 61.29 5.29082
      vertex -42.8156 61.29 5.29082
      vertex -42.7493 61.29 5.38336
    endloop
  endfacet
  facet normal 0 -1 0
    outer loop
      vertex -45.5041 61.29 5.2028
      vertex -42.8156 61.29 5.29082
      vertex -45.5764 61.29 5.29082
    endloop
  endfacet
  facet normal 0 -1 0
    outer loop
      vertex -45.5041 61.29 5.2028
      vertex -42.8879 61.29 5.2028
      vertex -42.8156 61.29 5.29082
    endloop
  endfacet
  facet normal 0 -1 0
    outer loop
      vertex -45.4263 61.29 5.11971
      vertex -42.8879 61.29 5.2028
      vertex -45.5041 61.29 5.2028
    endloop
  endfacet
  facet normal 0 -1 0
    outer loop
      vertex -45.4263 61.29 5.11971
      vertex -42.9657 61.29 5.11971
      vertex -42.8879 61.29 5.2028
    endloop
  endfacet
  facet normal 0 -1 0
    outer loop
      vertex -45.3432 61.29 5.04187
      vertex -42.9657 61.29 5.11971
      vertex -45.4263 61.29 5.11971
    endloop
  endfacet
  facet normal 0 -1 0
    outer loop
      vertex -45.3432 61.29 5.04187
      vertex -43.0488 61.29 5.04187
      vertex -42.9657 61.29 5.11971
    endloop
  endfacet
  facet normal 0 -1 0
    outer loop
      vertex -45.2552 61.29 4.96964
      vertex -43.0488 61.29 5.04187
      vertex -45.3432 61.29 5.04187
    endloop
  endfacet
  facet normal 0 -1 0
    outer loop
      vertex -45.2552 61.29 4.96964
      vertex -43.1368 61.29 4.96964
      vertex -43.0488 61.29 5.04187
    endloop
  endfacet
  facet normal 0 -1 0
    outer loop
      vertex -45.1626 61.29 4.90333
      vertex -43.1368 61.29 4.96964
      vertex -45.2552 61.29 4.96964
    endloop
  endfacet
  facet normal 0 -1 0
    outer loop
      vertex -45.1626 61.29 4.90333
      vertex -43.2294 61.29 4.90333
      vertex -43.1368 61.29 4.96964
    endloop
  endfacet
  facet normal 0 -1 0
    outer loop
      vertex -45.0659 61.29 4.8432
      vertex -43.2294 61.29 4.90333
      vertex -45.1626 61.29 4.90333
    endloop
  endfacet
  facet normal 0 -1 0
    outer loop
      vertex -45.0659 61.29 4.8432
      vertex -43.326 61.29 4.8432
      vertex -43.2294 61.29 4.90333
    endloop
  endfacet
  facet normal 0 -1 0
    outer loop
      vertex -44.9655 61.29 4.78953
      vertex -43.326 61.29 4.8432
      vertex -45.0659 61.29 4.8432
    endloop
  endfacet
  facet normal 0 -1 0
    outer loop
      vertex -44.9655 61.29 4.78953
      vertex -43.4265 61.29 4.78953
      vertex -43.326 61.29 4.8432
    endloop
  endfacet
  facet normal 0 -1 0
    outer loop
      vertex -44.8618 61.29 4.74254
      vertex -43.4265 61.29 4.78953
      vertex -44.9655 61.29 4.78953
    endloop
  endfacet
  facet normal 0 -1 0
    outer loop
      vertex -44.8618 61.29 4.74254
      vertex -43.5302 61.29 4.74254
      vertex -43.4265 61.29 4.78953
    endloop
  endfacet
  facet normal 0 -1 0
    outer loop
      vertex -44.7553 61.29 4.70244
      vertex -43.5302 61.29 4.74254
      vertex -44.8618 61.29 4.74254
    endloop
  endfacet
  facet normal 0 -1 0
    outer loop
      vertex -44.7553 61.29 4.70244
      vertex -43.6367 61.29 4.70244
      vertex -43.5302 61.29 4.74254
    endloop
  endfacet
  facet normal 0 -1 0
    outer loop
      vertex -44.6463 61.29 4.66939
      vertex -43.6367 61.29 4.70244
      vertex -44.7553 61.29 4.70244
    endloop
  endfacet
  facet normal 0 -1 0
    outer loop
      vertex -44.6463 61.29 4.66939
      vertex -43.7457 61.29 4.66939
      vertex -43.6367 61.29 4.70244
    endloop
  endfacet
  facet normal 0 -1 0
    outer loop
      vertex -44.5354 61.29 4.64353
      vertex -43.7457 61.29 4.66939
      vertex -44.6463 61.29 4.66939
    endloop
  endfacet
  facet normal 0 -1 0
    outer loop
      vertex -44.5354 61.29 4.64353
      vertex -43.8566 61.29 4.64353
      vertex -43.7457 61.29 4.66939
    endloop
  endfacet
  facet normal 0 -1 0
    outer loop
      vertex -44.4231 61.29 4.62499
      vertex -43.8566 61.29 4.64353
      vertex -44.5354 61.29 4.64353
    endloop
  endfacet
  facet normal 0 -1 0
    outer loop
      vertex -44.4231 61.29 4.62499
      vertex -43.9689 61.29 4.62499
      vertex -43.8566 61.29 4.64353
    endloop
  endfacet
  facet normal 0 -1 0
    outer loop
      vertex -44.3098 61.29 4.61383
      vertex -43.9689 61.29 4.62499
      vertex -44.4231 61.29 4.62499
    endloop
  endfacet
  facet normal 0 -1 0
    outer loop
      vertex -44.3098 61.29 4.61383
      vertex -44.0822 61.29 4.61383
      vertex -43.9689 61.29 4.62499
    endloop
  endfacet
  facet normal -0 -1 0
    outer loop
      vertex -44.0822 61.29 4.61383
      vertex -44.3098 61.29 4.61383
      vertex -44.196 61.29 4.6101
    endloop
  endfacet
  facet normal -0.910832 0 -0.412777
    outer loop
      vertex -42.5885 54.831 7.01583
      vertex -42.6355 61.29 7.11954
      vertex -42.5885 61.29 7.01583
    endloop
  endfacet
  facet normal -0.910832 -0 -0.412777
    outer loop
      vertex -42.6355 61.29 7.11954
      vertex -42.5885 54.831 7.01583
      vertex -42.6355 54.831 7.11954
    endloop
  endfacet
  facet normal -0.0327592 0 0.999463
    outer loop
      vertex -44.196 61.29 4.6101
      vertex -44.0822 54.831 4.61383
      vertex -44.0822 61.29 4.61383
    endloop
  endfacet
  facet normal -0.0327592 0 0.999463
    outer loop
      vertex -44.0822 54.831 4.61383
      vertex -44.196 61.29 4.6101
      vertex -44.196 54.831 4.6101
    endloop
  endfacet
  facet normal 0.471431 0 0.881903
    outer loop
      vertex -45.0659 61.29 4.8432
      vertex -44.9655 54.831 4.78953
      vertex -44.9655 61.29 4.78953
    endloop
  endfacet
  facet normal 0.471431 0 0.881903
    outer loop
      vertex -44.9655 54.831 4.78953
      vertex -45.0659 61.29 4.8432
      vertex -45.0659 54.831 4.8432
    endloop
  endfacet
  facet normal 0.999472 0 -0.032496
    outer loop
      vertex -45.9322 54.831 6.4638
      vertex -45.9359 61.29 6.35
      vertex -45.9322 61.29 6.4638
    endloop
  endfacet
  facet normal 0.999472 0 -0.032496
    outer loop
      vertex -45.9359 61.29 6.35
      vertex -45.9322 54.831 6.4638
      vertex -45.9359 54.831 6.35
    endloop
  endfacet
  facet normal -0.471067 0 -0.882098
    outer loop
      vertex -43.4265 54.831 7.91047
      vertex -43.326 61.29 7.8568
      vertex -43.326 54.831 7.8568
    endloop
  endfacet
  facet normal -0.471067 0 -0.882098
    outer loop
      vertex -43.326 61.29 7.8568
      vertex -43.4265 54.831 7.91047
      vertex -43.4265 61.29 7.91047
    endloop
  endfacet
  facet normal 0.0327592 0 -0.999463
    outer loop
      vertex -44.3098 54.831 8.08617
      vertex -44.196 61.29 8.0899
      vertex -44.196 54.831 8.0899
    endloop
  endfacet
  facet normal 0.0327592 0 -0.999463
    outer loop
      vertex -44.196 61.29 8.0899
      vertex -44.3098 54.831 8.08617
      vertex -44.3098 61.29 8.08617
    endloop
  endfacet
  facet normal 0.412737 0 -0.91085
    outer loop
      vertex -44.9655 54.831 7.91047
      vertex -44.8618 61.29 7.95746
      vertex -44.8618 54.831 7.95746
    endloop
  endfacet
  facet normal 0.412737 0 -0.91085
    outer loop
      vertex -44.8618 61.29 7.95746
      vertex -44.9655 54.831 7.91047
      vertex -44.9655 61.29 7.91047
    endloop
  endfacet
  facet normal 0.412737 0 0.91085
    outer loop
      vertex -44.9655 61.29 4.78953
      vertex -44.8618 54.831 4.74254
      vertex -44.8618 61.29 4.74254
    endloop
  endfacet
  facet normal 0.412737 0 0.91085
    outer loop
      vertex -44.8618 54.831 4.74254
      vertex -44.9655 61.29 4.78953
      vertex -44.9655 54.831 4.78953
    endloop
  endfacet
  facet normal 0.973787 0 -0.227463
    outer loop
      vertex -45.8766 54.831 6.80032
      vertex -45.9025 61.29 6.68944
      vertex -45.8766 61.29 6.80032
    endloop
  endfacet
  facet normal 0.973787 0 -0.227463
    outer loop
      vertex -45.9025 61.29 6.68944
      vertex -45.8766 54.831 6.80032
      vertex -45.9025 54.831 6.68944
    endloop
  endfacet
  facet normal 0.849303 0 -0.527905
    outer loop
      vertex -45.6427 54.831 7.31664
      vertex -45.7028 61.29 7.21995
      vertex -45.6427 61.29 7.31664
    endloop
  endfacet
  facet normal 0.849303 0 -0.527905
    outer loop
      vertex -45.7028 61.29 7.21995
      vertex -45.6427 54.831 7.31664
      vertex -45.7028 54.831 7.21995
    endloop
  endfacet
  facet normal 0.0980252 0 0.995184
    outer loop
      vertex -44.4231 61.29 4.62499
      vertex -44.3098 54.831 4.61383
      vertex -44.3098 61.29 4.61383
    endloop
  endfacet
  facet normal 0.0980252 0 0.995184
    outer loop
      vertex -44.3098 54.831 4.61383
      vertex -44.4231 61.29 4.62499
      vertex -44.4231 54.831 4.62499
    endloop
  endfacet
  facet normal -0.999472 0 0.0324989
    outer loop
      vertex -42.4598 54.831 6.23621
      vertex -42.4561 61.29 6.35
      vertex -42.4598 61.29 6.23621
    endloop
  endfacet
  facet normal -0.999472 0 0.0324989
    outer loop
      vertex -42.4561 61.29 6.35
      vertex -42.4598 54.831 6.23621
      vertex -42.4561 54.831 6.35
    endloop
  endfacet
  facet normal -0.52845 0 0.848965
    outer loop
      vertex -43.326 61.29 4.8432
      vertex -43.2294 54.831 4.90333
      vertex -43.2294 61.29 4.90333
    endloop
  endfacet
  facet normal -0.52845 0 0.848965
    outer loop
      vertex -43.2294 54.831 4.90333
      vertex -43.326 61.29 4.8432
      vertex -43.326 54.831 4.8432
    endloop
  endfacet
  facet normal -0.849303 0 -0.527905
    outer loop
      vertex -42.6892 54.831 7.21995
      vertex -42.7493 61.29 7.31664
      vertex -42.6892 61.29 7.21995
    endloop
  endfacet
  facet normal -0.849303 -0 -0.527905
    outer loop
      vertex -42.7493 61.29 7.31664
      vertex -42.6892 54.831 7.21995
      vertex -42.7493 54.831 7.31664
    endloop
  endfacet
  facet normal 0.98671 0 -0.16249
    outer loop
      vertex -45.9025 54.831 6.68944
      vertex -45.921 61.29 6.5771
      vertex -45.9025 61.29 6.68944
    endloop
  endfacet
  facet normal 0.98671 0 -0.16249
    outer loop
      vertex -45.921 61.29 6.5771
      vertex -45.9025 54.831 6.68944
      vertex -45.921 54.831 6.5771
    endloop
  endfacet
  facet normal 0.528056 0 -0.84921
    outer loop
      vertex -45.1626 54.831 7.79667
      vertex -45.0659 61.29 7.8568
      vertex -45.0659 54.831 7.8568
    endloop
  endfacet
  facet normal 0.528056 0 -0.84921
    outer loop
      vertex -45.0659 61.29 7.8568
      vertex -45.1626 54.831 7.79667
      vertex -45.1626 61.29 7.79667
    endloop
  endfacet
  facet normal -0.0980252 0 0.995184
    outer loop
      vertex -44.0822 61.29 4.61383
      vertex -43.9689 54.831 4.62499
      vertex -43.9689 61.29 4.62499
    endloop
  endfacet
  facet normal -0.0980252 0 0.995184
    outer loop
      vertex -43.9689 54.831 4.62499
      vertex -44.0822 61.29 4.61383
      vertex -44.0822 54.831 4.61383
    endloop
  endfacet
  facet normal 0.98671 -0 0.16249
    outer loop
      vertex -45.921 54.831 6.1229
      vertex -45.9025 61.29 6.01056
      vertex -45.921 61.29 6.1229
    endloop
  endfacet
  facet normal 0.98671 0 0.16249
    outer loop
      vertex -45.9025 61.29 6.01056
      vertex -45.921 54.831 6.1229
      vertex -45.9025 54.831 6.01056
    endloop
  endfacet
  facet normal -0.881813 0 0.4716
    outer loop
      vertex -42.6892 54.831 5.48005
      vertex -42.6355 61.29 5.58046
      vertex -42.6892 61.29 5.48005
    endloop
  endfacet
  facet normal -0.881813 0 0.4716
    outer loop
      vertex -42.6355 61.29 5.58046
      vertex -42.6892 54.831 5.48005
      vertex -42.6355 54.831 5.58046
    endloop
  endfacet
  facet normal -0.910832 0 0.412777
    outer loop
      vertex -42.6355 54.831 5.58046
      vertex -42.5885 61.29 5.68417
      vertex -42.6355 61.29 5.58046
    endloop
  endfacet
  facet normal -0.910832 0 0.412777
    outer loop
      vertex -42.5885 61.29 5.68417
      vertex -42.6355 54.831 5.58046
      vertex -42.5885 54.831 5.68417
    endloop
  endfacet
  facet normal -0.881813 0 -0.4716
    outer loop
      vertex -42.6355 54.831 7.11954
      vertex -42.6892 61.29 7.21995
      vertex -42.6355 61.29 7.11954
    endloop
  endfacet
  facet normal -0.881813 -0 -0.4716
    outer loop
      vertex -42.6892 61.29 7.21995
      vertex -42.6355 54.831 7.11954
      vertex -42.6892 54.831 7.21995
    endloop
  endfacet
  facet normal -0.772735 0 -0.634728
    outer loop
      vertex -42.8156 54.831 7.40918
      vertex -42.8879 61.29 7.4972
      vertex -42.8156 61.29 7.40918
    endloop
  endfacet
  facet normal -0.772735 -0 -0.634728
    outer loop
      vertex -42.8879 61.29 7.4972
      vertex -42.8156 54.831 7.40918
      vertex -42.8879 54.831 7.4972
    endloop
  endfacet
  facet normal -0.52845 0 -0.848965
    outer loop
      vertex -43.326 54.831 7.8568
      vertex -43.2294 61.29 7.79667
      vertex -43.2294 54.831 7.79667
    endloop
  endfacet
  facet normal -0.52845 0 -0.848965
    outer loop
      vertex -43.2294 61.29 7.79667
      vertex -43.326 54.831 7.8568
      vertex -43.326 61.29 7.8568
    endloop
  endfacet
  facet normal 0.99515 -0 0.0983645
    outer loop
      vertex -45.9322 54.831 6.23621
      vertex -45.921 61.29 6.1229
      vertex -45.9322 61.29 6.23621
    endloop
  endfacet
  facet normal 0.99515 0 0.0983645
    outer loop
      vertex -45.921 61.29 6.1229
      vertex -45.9322 54.831 6.23621
      vertex -45.921 54.831 6.1229
    endloop
  endfacet
  facet normal -0.634447 0 -0.772966
    outer loop
      vertex -43.1368 54.831 7.73036
      vertex -43.0488 61.29 7.65813
      vertex -43.0488 54.831 7.65813
    endloop
  endfacet
  facet normal -0.634447 0 -0.772966
    outer loop
      vertex -43.0488 61.29 7.65813
      vertex -43.1368 54.831 7.73036
      vertex -43.1368 61.29 7.73036
    endloop
  endfacet
  facet normal 0.957061 -0 0.289885
    outer loop
      vertex -45.8766 54.831 5.89968
      vertex -45.8436 61.29 5.79073
      vertex -45.8766 61.29 5.89968
    endloop
  endfacet
  facet normal 0.957061 0 0.289885
    outer loop
      vertex -45.8436 61.29 5.79073
      vertex -45.8766 54.831 5.89968
      vertex -45.8436 54.831 5.79073
    endloop
  endfacet
  facet normal 0.99515 0 -0.0983731
    outer loop
      vertex -45.921 54.831 6.5771
      vertex -45.9322 61.29 6.4638
      vertex -45.921 61.29 6.5771
    endloop
  endfacet
  facet normal 0.99515 0 -0.0983731
    outer loop
      vertex -45.9322 61.29 6.4638
      vertex -45.921 54.831 6.5771
      vertex -45.9322 54.831 6.4638
    endloop
  endfacet
  facet normal 0.683631 0 0.729827
    outer loop
      vertex -45.4263 61.29 5.11971
      vertex -45.3432 54.831 5.04187
      vertex -45.3432 61.29 5.04187
    endloop
  endfacet
  facet normal 0.683631 0 0.729827
    outer loop
      vertex -45.3432 54.831 5.04187
      vertex -45.4263 61.29 5.11971
      vertex -45.4263 54.831 5.11971
    endloop
  endfacet
  facet normal -0.58221 0 0.813039
    outer loop
      vertex -43.2294 61.29 4.90333
      vertex -43.1368 54.831 4.96964
      vertex -43.1368 61.29 4.96964
    endloop
  endfacet
  facet normal -0.58221 0 0.813039
    outer loop
      vertex -43.1368 54.831 4.96964
      vertex -43.2294 61.29 4.90333
      vertex -43.2294 54.831 4.90333
    endloop
  endfacet
  facet normal 0.290166 0 -0.956976
    outer loop
      vertex -44.7553 54.831 7.99756
      vertex -44.6463 61.29 8.03061
      vertex -44.6463 54.831 8.03061
    endloop
  endfacet
  facet normal 0.290166 0 -0.956976
    outer loop
      vertex -44.6463 61.29 8.03061
      vertex -44.7553 54.831 7.99756
      vertex -44.7553 61.29 7.99756
    endloop
  endfacet
  facet normal 0.730003 0 -0.683444
    outer loop
      vertex -45.4263 54.831 7.5803
      vertex -45.5041 61.29 7.4972
      vertex -45.4263 61.29 7.5803
    endloop
  endfacet
  facet normal 0.730003 0 -0.683444
    outer loop
      vertex -45.5041 61.29 7.4972
      vertex -45.4263 54.831 7.5803
      vertex -45.5041 54.831 7.4972
    endloop
  endfacet
  facet normal -0.162889 0 0.986644
    outer loop
      vertex -43.9689 61.29 4.62499
      vertex -43.8566 54.831 4.64353
      vertex -43.8566 61.29 4.64353
    endloop
  endfacet
  facet normal -0.162889 0 0.986644
    outer loop
      vertex -43.8566 54.831 4.64353
      vertex -43.9689 61.29 4.62499
      vertex -43.9689 54.831 4.62499
    endloop
  endfacet
  facet normal 0.528056 0 0.84921
    outer loop
      vertex -45.1626 61.29 4.90333
      vertex -45.0659 54.831 4.8432
      vertex -45.0659 61.29 4.8432
    endloop
  endfacet
  facet normal 0.528056 0 0.84921
    outer loop
      vertex -45.0659 54.831 4.8432
      vertex -45.1626 61.29 4.90333
      vertex -45.1626 54.831 4.90333
    endloop
  endfacet
  facet normal -0.412737 0 -0.91085
    outer loop
      vertex -43.5302 54.831 7.95746
      vertex -43.4265 61.29 7.91047
      vertex -43.4265 54.831 7.91047
    endloop
  endfacet
  facet normal -0.412737 0 -0.91085
    outer loop
      vertex -43.4265 61.29 7.91047
      vertex -43.5302 54.831 7.95746
      vertex -43.5302 61.29 7.95746
    endloop
  endfacet
  facet normal 0.227091 0 -0.973874
    outer loop
      vertex -44.6463 54.831 8.03061
      vertex -44.5354 61.29 8.05647
      vertex -44.5354 54.831 8.05647
    endloop
  endfacet
  facet normal 0.227091 0 -0.973874
    outer loop
      vertex -44.5354 61.29 8.05647
      vertex -44.6463 54.831 8.03061
      vertex -44.6463 61.29 8.03061
    endloop
  endfacet
  facet normal -0.471067 0 0.882098
    outer loop
      vertex -43.4265 61.29 4.78953
      vertex -43.326 54.831 4.8432
      vertex -43.326 61.29 4.8432
    endloop
  endfacet
  facet normal -0.471067 0 0.882098
    outer loop
      vertex -43.326 54.831 4.8432
      vertex -43.4265 61.29 4.78953
      vertex -43.4265 54.831 4.78953
    endloop
  endfacet
  facet normal 0.935924 0 -0.352201
    outer loop
      vertex -45.8035 54.831 7.01583
      vertex -45.8436 61.29 6.90927
      vertex -45.8035 61.29 7.01583
    endloop
  endfacet
  facet normal 0.935924 0 -0.352201
    outer loop
      vertex -45.8436 61.29 6.90927
      vertex -45.8035 54.831 7.01583
      vertex -45.8436 54.831 6.90927
    endloop
  endfacet
  facet normal -0.99515 0 -0.0983731
    outer loop
      vertex -42.4598 54.831 6.4638
      vertex -42.471 61.29 6.5771
      vertex -42.4598 61.29 6.4638
    endloop
  endfacet
  facet normal -0.99515 -0 -0.0983731
    outer loop
      vertex -42.471 61.29 6.5771
      vertex -42.4598 54.831 6.4638
      vertex -42.471 54.831 6.5771
    endloop
  endfacet
  facet normal -0.634447 0 0.772966
    outer loop
      vertex -43.1368 61.29 4.96964
      vertex -43.0488 54.831 5.04187
      vertex -43.0488 61.29 5.04187
    endloop
  endfacet
  facet normal -0.634447 0 0.772966
    outer loop
      vertex -43.0488 54.831 5.04187
      vertex -43.1368 61.29 4.96964
      vertex -43.1368 54.831 4.96964
    endloop
  endfacet
  facet normal -0.683631 0 0.729827
    outer loop
      vertex -43.0488 61.29 5.04187
      vertex -42.9657 54.831 5.11971
      vertex -42.9657 61.29 5.11971
    endloop
  endfacet
  facet normal -0.683631 0 0.729827
    outer loop
      vertex -42.9657 54.831 5.11971
      vertex -43.0488 61.29 5.04187
      vertex -43.0488 54.831 5.04187
    endloop
  endfacet
  facet normal 0.881813 0 -0.4716
    outer loop
      vertex -45.7028 54.831 7.21995
      vertex -45.7565 61.29 7.11954
      vertex -45.7028 61.29 7.21995
    endloop
  endfacet
  facet normal 0.881813 0 -0.4716
    outer loop
      vertex -45.7565 61.29 7.11954
      vertex -45.7028 54.831 7.21995
      vertex -45.7565 54.831 7.11954
    endloop
  endfacet
  facet normal -0.812902 0 -0.582401
    outer loop
      vertex -42.7493 54.831 7.31664
      vertex -42.8156 61.29 7.40918
      vertex -42.7493 61.29 7.31664
    endloop
  endfacet
  facet normal -0.812902 -0 -0.582401
    outer loop
      vertex -42.8156 61.29 7.40918
      vertex -42.7493 54.831 7.31664
      vertex -42.8156 54.831 7.40918
    endloop
  endfacet
  facet normal -0.935924 0 -0.352201
    outer loop
      vertex -42.5484 54.831 6.90927
      vertex -42.5885 61.29 7.01583
      vertex -42.5484 61.29 6.90927
    endloop
  endfacet
  facet normal -0.935924 -0 -0.352201
    outer loop
      vertex -42.5885 61.29 7.01583
      vertex -42.5484 54.831 6.90927
      vertex -42.5885 54.831 7.01583
    endloop
  endfacet
  facet normal 0.162974 0 -0.98663
    outer loop
      vertex -44.5354 54.831 8.05647
      vertex -44.4231 61.29 8.07502
      vertex -44.4231 54.831 8.07502
    endloop
  endfacet
  facet normal 0.162974 0 -0.98663
    outer loop
      vertex -44.4231 61.29 8.07502
      vertex -44.5354 54.831 8.05647
      vertex -44.5354 61.29 8.05647
    endloop
  endfacet
  facet normal -0.99515 0 0.0983645
    outer loop
      vertex -42.471 54.831 6.1229
      vertex -42.4598 61.29 6.23621
      vertex -42.471 61.29 6.1229
    endloop
  endfacet
  facet normal -0.99515 0 0.0983645
    outer loop
      vertex -42.4598 61.29 6.23621
      vertex -42.471 54.831 6.1229
      vertex -42.4598 54.831 6.23621
    endloop
  endfacet
  facet normal 0.772735 -0 0.634728
    outer loop
      vertex -45.5764 54.831 5.29082
      vertex -45.5041 61.29 5.2028
      vertex -45.5764 61.29 5.29082
    endloop
  endfacet
  facet normal 0.772735 0 0.634728
    outer loop
      vertex -45.5041 61.29 5.2028
      vertex -45.5764 54.831 5.29082
      vertex -45.5041 54.831 5.2028
    endloop
  endfacet
  facet normal 0.471431 0 -0.881903
    outer loop
      vertex -45.0659 54.831 7.8568
      vertex -44.9655 61.29 7.91047
      vertex -44.9655 54.831 7.91047
    endloop
  endfacet
  facet normal 0.471431 0 -0.881903
    outer loop
      vertex -44.9655 61.29 7.91047
      vertex -45.0659 54.831 7.8568
      vertex -45.0659 61.29 7.8568
    endloop
  endfacet
  facet normal -0.227091 0 0.973874
    outer loop
      vertex -43.8566 61.29 4.64353
      vertex -43.7457 54.831 4.66939
      vertex -43.7457 61.29 4.66939
    endloop
  endfacet
  facet normal -0.227091 0 0.973874
    outer loop
      vertex -43.7457 54.831 4.66939
      vertex -43.8566 61.29 4.64353
      vertex -43.8566 54.831 4.64353
    endloop
  endfacet
  facet normal 0.772735 0 -0.634728
    outer loop
      vertex -45.5041 54.831 7.4972
      vertex -45.5764 61.29 7.40918
      vertex -45.5041 61.29 7.4972
    endloop
  endfacet
  facet normal 0.772735 0 -0.634728
    outer loop
      vertex -45.5764 61.29 7.40918
      vertex -45.5041 54.831 7.4972
      vertex -45.5764 54.831 7.40918
    endloop
  endfacet
  facet normal -0.290166 0 0.956976
    outer loop
      vertex -43.7457 61.29 4.66939
      vertex -43.6367 54.831 4.70244
      vertex -43.6367 61.29 4.70244
    endloop
  endfacet
  facet normal -0.290166 0 0.956976
    outer loop
      vertex -43.6367 54.831 4.70244
      vertex -43.7457 61.29 4.66939
      vertex -43.7457 54.831 4.66939
    endloop
  endfacet
  facet normal 0.683585 0 -0.729871
    outer loop
      vertex -45.4263 54.831 7.5803
      vertex -45.3432 61.29 7.65813
      vertex -45.3432 54.831 7.65813
    endloop
  endfacet
  facet normal 0.683585 0 -0.729871
    outer loop
      vertex -45.3432 61.29 7.65813
      vertex -45.4263 54.831 7.5803
      vertex -45.4263 61.29 7.5803
    endloop
  endfacet
  facet normal 0.812902 -0 0.582401
    outer loop
      vertex -45.6427 54.831 5.38336
      vertex -45.5764 61.29 5.29082
      vertex -45.6427 61.29 5.38336
    endloop
  endfacet
  facet normal 0.812902 0 0.582401
    outer loop
      vertex -45.5764 61.29 5.29082
      vertex -45.6427 54.831 5.38336
      vertex -45.5764 54.831 5.29082
    endloop
  endfacet
  facet normal 0.352375 0 0.935859
    outer loop
      vertex -44.8618 61.29 4.74254
      vertex -44.7553 54.831 4.70244
      vertex -44.7553 61.29 4.70244
    endloop
  endfacet
  facet normal 0.352375 0 0.935859
    outer loop
      vertex -44.7553 54.831 4.70244
      vertex -44.8618 61.29 4.74254
      vertex -44.8618 54.831 4.74254
    endloop
  endfacet
  facet normal -0.98671 0 0.16249
    outer loop
      vertex -42.4895 54.831 6.01056
      vertex -42.471 61.29 6.1229
      vertex -42.4895 61.29 6.01056
    endloop
  endfacet
  facet normal -0.98671 0 0.16249
    outer loop
      vertex -42.471 61.29 6.1229
      vertex -42.4895 54.831 6.01056
      vertex -42.471 54.831 6.1229
    endloop
  endfacet
  facet normal 0.352375 0 -0.935859
    outer loop
      vertex -44.8618 54.831 7.95746
      vertex -44.7553 61.29 7.99756
      vertex -44.7553 54.831 7.99756
    endloop
  endfacet
  facet normal 0.352375 0 -0.935859
    outer loop
      vertex -44.7553 61.29 7.99756
      vertex -44.8618 54.831 7.95746
      vertex -44.8618 61.29 7.95746
    endloop
  endfacet
  facet normal -0.935924 0 0.352201
    outer loop
      vertex -42.5885 54.831 5.68417
      vertex -42.5484 61.29 5.79073
      vertex -42.5885 61.29 5.68417
    endloop
  endfacet
  facet normal -0.935924 0 0.352201
    outer loop
      vertex -42.5484 61.29 5.79073
      vertex -42.5885 54.831 5.68417
      vertex -42.5484 54.831 5.79073
    endloop
  endfacet
  facet normal -0.352375 0 -0.935859
    outer loop
      vertex -43.6367 54.831 7.99756
      vertex -43.5302 61.29 7.95746
      vertex -43.5302 54.831 7.95746
    endloop
  endfacet
  facet normal -0.352375 0 -0.935859
    outer loop
      vertex -43.5302 61.29 7.95746
      vertex -43.6367 54.831 7.99756
      vertex -43.6367 61.29 7.99756
    endloop
  endfacet
  facet normal -0.730003 0 -0.683444
    outer loop
      vertex -42.8879 54.831 7.4972
      vertex -42.9657 61.29 7.5803
      vertex -42.8879 61.29 7.4972
    endloop
  endfacet
  facet normal -0.730003 -0 -0.683444
    outer loop
      vertex -42.9657 61.29 7.5803
      vertex -42.8879 54.831 7.4972
      vertex -42.9657 54.831 7.5803
    endloop
  endfacet
  facet normal -0.772735 0 0.634728
    outer loop
      vertex -42.8879 54.831 5.2028
      vertex -42.8156 61.29 5.29082
      vertex -42.8879 61.29 5.2028
    endloop
  endfacet
  facet normal -0.772735 0 0.634728
    outer loop
      vertex -42.8156 61.29 5.29082
      vertex -42.8879 54.831 5.2028
      vertex -42.8156 54.831 5.29082
    endloop
  endfacet
  facet normal 0.729962 -0 0.683488
    outer loop
      vertex -45.5041 54.831 5.2028
      vertex -45.4263 61.29 5.11971
      vertex -45.5041 61.29 5.2028
    endloop
  endfacet
  facet normal 0.729962 0 0.683488
    outer loop
      vertex -45.4263 61.29 5.11971
      vertex -45.5041 54.831 5.2028
      vertex -45.4263 54.831 5.11971
    endloop
  endfacet
  facet normal 0.881813 -0 0.4716
    outer loop
      vertex -45.7565 54.831 5.58046
      vertex -45.7028 61.29 5.48005
      vertex -45.7565 61.29 5.58046
    endloop
  endfacet
  facet normal 0.881813 0 0.4716
    outer loop
      vertex -45.7028 61.29 5.48005
      vertex -45.7565 54.831 5.58046
      vertex -45.7028 54.831 5.48005
    endloop
  endfacet
  facet normal 0.910832 -0 0.412777
    outer loop
      vertex -45.8035 54.831 5.68417
      vertex -45.7565 61.29 5.58046
      vertex -45.8035 61.29 5.68417
    endloop
  endfacet
  facet normal 0.910832 0 0.412777
    outer loop
      vertex -45.7565 61.29 5.58046
      vertex -45.8035 54.831 5.68417
      vertex -45.7565 54.831 5.58046
    endloop
  endfacet
  facet normal -0.999472 0 -0.032496
    outer loop
      vertex -42.4561 54.831 6.35
      vertex -42.4598 61.29 6.4638
      vertex -42.4561 61.29 6.35
    endloop
  endfacet
  facet normal -0.999472 -0 -0.032496
    outer loop
      vertex -42.4598 61.29 6.4638
      vertex -42.4561 54.831 6.35
      vertex -42.4598 54.831 6.4638
    endloop
  endfacet
  facet normal -0.973787 0 0.227463
    outer loop
      vertex -42.5154 54.831 5.89968
      vertex -42.4895 61.29 6.01056
      vertex -42.5154 61.29 5.89968
    endloop
  endfacet
  facet normal -0.973787 0 0.227463
    outer loop
      vertex -42.4895 61.29 6.01056
      vertex -42.5154 54.831 5.89968
      vertex -42.4895 54.831 6.01056
    endloop
  endfacet
  facet normal -0.98671 0 -0.16249
    outer loop
      vertex -42.471 54.831 6.5771
      vertex -42.4895 61.29 6.68944
      vertex -42.471 61.29 6.5771
    endloop
  endfacet
  facet normal -0.98671 -0 -0.16249
    outer loop
      vertex -42.4895 61.29 6.68944
      vertex -42.471 54.831 6.5771
      vertex -42.4895 54.831 6.68944
    endloop
  endfacet
  facet normal 0.290166 0 0.956976
    outer loop
      vertex -44.7553 61.29 4.70244
      vertex -44.6463 54.831 4.66939
      vertex -44.6463 61.29 4.66939
    endloop
  endfacet
  facet normal 0.290166 0 0.956976
    outer loop
      vertex -44.6463 54.831 4.66939
      vertex -44.7553 61.29 4.70244
      vertex -44.7553 54.831 4.70244
    endloop
  endfacet
  facet normal 0.58221 0 -0.813039
    outer loop
      vertex -45.2552 54.831 7.73036
      vertex -45.1626 61.29 7.79667
      vertex -45.1626 54.831 7.79667
    endloop
  endfacet
  facet normal 0.58221 0 -0.813039
    outer loop
      vertex -45.1626 61.29 7.79667
      vertex -45.2552 54.831 7.73036
      vertex -45.2552 61.29 7.73036
    endloop
  endfacet
  facet normal 0.999472 -0 0.0324989
    outer loop
      vertex -45.9359 54.831 6.35
      vertex -45.9322 61.29 6.23621
      vertex -45.9359 61.29 6.35
    endloop
  endfacet
  facet normal 0.999472 0 0.0324989
    outer loop
      vertex -45.9322 61.29 6.23621
      vertex -45.9359 54.831 6.35
      vertex -45.9322 54.831 6.23621
    endloop
  endfacet
  facet normal -0.683585 0 -0.729871
    outer loop
      vertex -43.0488 54.831 7.65813
      vertex -42.9657 61.29 7.5803
      vertex -42.9657 54.831 7.5803
    endloop
  endfacet
  facet normal -0.683585 0 -0.729871
    outer loop
      vertex -42.9657 61.29 7.5803
      vertex -43.0488 54.831 7.65813
      vertex -43.0488 61.29 7.65813
    endloop
  endfacet
  facet normal -0.729962 0 0.683488
    outer loop
      vertex -42.9657 54.831 5.11971
      vertex -42.8879 61.29 5.2028
      vertex -42.9657 61.29 5.11971
    endloop
  endfacet
  facet normal -0.729962 0 0.683488
    outer loop
      vertex -42.8879 61.29 5.2028
      vertex -42.9657 54.831 5.11971
      vertex -42.8879 54.831 5.2028
    endloop
  endfacet
  facet normal -0.849303 0 0.527905
    outer loop
      vertex -42.7493 54.831 5.38336
      vertex -42.6892 61.29 5.48005
      vertex -42.7493 61.29 5.38336
    endloop
  endfacet
  facet normal -0.849303 0 0.527905
    outer loop
      vertex -42.6892 61.29 5.48005
      vertex -42.7493 54.831 5.38336
      vertex -42.6892 54.831 5.48005
    endloop
  endfacet
  facet normal 0.973787 -0 0.227463
    outer loop
      vertex -45.9025 54.831 6.01056
      vertex -45.8766 61.29 5.89968
      vertex -45.9025 61.29 6.01056
    endloop
  endfacet
  facet normal 0.973787 0 0.227463
    outer loop
      vertex -45.8766 61.29 5.89968
      vertex -45.9025 54.831 6.01056
      vertex -45.8766 54.831 5.89968
    endloop
  endfacet
  facet normal 0.0327592 0 0.999463
    outer loop
      vertex -44.3098 61.29 4.61383
      vertex -44.196 54.831 4.6101
      vertex -44.196 61.29 4.6101
    endloop
  endfacet
  facet normal 0.0327592 0 0.999463
    outer loop
      vertex -44.196 54.831 4.6101
      vertex -44.3098 61.29 4.61383
      vertex -44.3098 54.831 4.61383
    endloop
  endfacet
  facet normal -0.973787 0 -0.227463
    outer loop
      vertex -42.4895 54.831 6.68944
      vertex -42.5154 61.29 6.80032
      vertex -42.4895 61.29 6.68944
    endloop
  endfacet
  facet normal -0.973787 -0 -0.227463
    outer loop
      vertex -42.5154 61.29 6.80032
      vertex -42.4895 54.831 6.68944
      vertex -42.5154 54.831 6.80032
    endloop
  endfacet
  facet normal 0.849303 -0 0.527905
    outer loop
      vertex -45.7028 54.831 5.48005
      vertex -45.6427 61.29 5.38336
      vertex -45.7028 61.29 5.48005
    endloop
  endfacet
  facet normal 0.849303 0 0.527905
    outer loop
      vertex -45.6427 61.29 5.38336
      vertex -45.7028 54.831 5.48005
      vertex -45.6427 54.831 5.38336
    endloop
  endfacet
  facet normal 0.935924 -0 0.352201
    outer loop
      vertex -45.8436 54.831 5.79073
      vertex -45.8035 61.29 5.68417
      vertex -45.8436 61.29 5.79073
    endloop
  endfacet
  facet normal 0.935924 0 0.352201
    outer loop
      vertex -45.8035 61.29 5.68417
      vertex -45.8436 54.831 5.79073
      vertex -45.8035 54.831 5.68417
    endloop
  endfacet
  facet normal 0.0983731 0 -0.99515
    outer loop
      vertex -44.4231 54.831 84.275
      vertex -44.3098 61.29 84.2862
      vertex -44.3098 54.831 84.2862
    endloop
  endfacet
  facet normal 0.0983731 0 -0.99515
    outer loop
      vertex -44.3098 61.29 84.2862
      vertex -44.4231 54.831 84.275
      vertex -44.4231 61.29 84.275
    endloop
  endfacet
  facet normal -0.0983731 0 -0.99515
    outer loop
      vertex -44.0822 54.831 84.2862
      vertex -43.9689 61.29 84.275
      vertex -43.9689 54.831 84.275
    endloop
  endfacet
  facet normal -0.0983731 0 -0.99515
    outer loop
      vertex -43.9689 61.29 84.275
      vertex -44.0822 54.831 84.2862
      vertex -44.0822 61.29 84.2862
    endloop
  endfacet
  facet normal -0.032496 0 -0.999472
    outer loop
      vertex -44.196 54.831 84.2899
      vertex -44.0822 61.29 84.2862
      vertex -44.0822 54.831 84.2862
    endloop
  endfacet
  facet normal -0.032496 0 -0.999472
    outer loop
      vertex -44.0822 61.29 84.2862
      vertex -44.196 54.831 84.2899
      vertex -44.196 61.29 84.2899
    endloop
  endfacet
  facet normal -0.162546 0 -0.986701
    outer loop
      vertex -43.9689 54.831 84.275
      vertex -43.8566 61.29 84.2565
      vertex -43.8566 54.831 84.2565
    endloop
  endfacet
  facet normal -0.162546 0 -0.986701
    outer loop
      vertex -43.8566 61.29 84.2565
      vertex -43.9689 54.831 84.275
      vertex -43.9689 61.29 84.275
    endloop
  endfacet
  facet normal 0.634814 0 0.772665
    outer loop
      vertex -45.3432 61.29 81.2419
      vertex -45.2552 54.831 81.1696
      vertex -45.2552 61.29 81.1696
    endloop
  endfacet
  facet normal 0.634814 0 0.772665
    outer loop
      vertex -45.2552 54.831 81.1696
      vertex -45.3432 61.29 81.2419
      vertex -45.3432 54.831 81.2419
    endloop
  endfacet
  facet normal -0.957098 0 -0.289764
    outer loop
      vertex -42.5154 54.831 83.0003
      vertex -42.5484 61.29 83.1093
      vertex -42.5154 61.29 83.0003
    endloop
  endfacet
  facet normal -0.957098 -0 -0.289764
    outer loop
      vertex -42.5484 61.29 83.1093
      vertex -42.5154 54.831 83.0003
      vertex -42.5484 54.831 83.1093
    endloop
  endfacet
  facet normal 0.81308 0 -0.582151
    outer loop
      vertex -45.5764 54.831 83.6092
      vertex -45.6427 61.29 83.5166
      vertex -45.5764 61.29 83.6092
    endloop
  endfacet
  facet normal 0.81308 0 -0.582151
    outer loop
      vertex -45.6427 61.29 83.5166
      vertex -45.5764 54.831 83.6092
      vertex -45.6427 54.831 83.5166
    endloop
  endfacet
  facet normal -0.41281 0 0.910817
    outer loop
      vertex -43.5302 61.29 80.9425
      vertex -43.4265 54.831 80.9895
      vertex -43.4265 61.29 80.9895
    endloop
  endfacet
  facet normal -0.41281 0 0.910817
    outer loop
      vertex -43.4265 54.831 80.9895
      vertex -43.5302 61.29 80.9425
      vertex -43.5302 54.831 80.9425
    endloop
  endfacet
  facet normal -0.582151 0 -0.81308
    outer loop
      vertex -43.2294 54.831 83.9967
      vertex -43.1368 61.29 83.9304
      vertex -43.1368 54.831 83.9304
    endloop
  endfacet
  facet normal -0.582151 0 -0.81308
    outer loop
      vertex -43.1368 61.29 83.9304
      vertex -43.2294 54.831 83.9967
      vertex -43.2294 61.29 83.9967
    endloop
  endfacet
  facet normal 0.634814 0 -0.772665
    outer loop
      vertex -45.3432 54.831 83.8581
      vertex -45.2552 61.29 83.9304
      vertex -45.2552 54.831 83.9304
    endloop
  endfacet
  facet normal 0.634814 0 -0.772665
    outer loop
      vertex -45.2552 61.29 83.9304
      vertex -45.3432 54.831 83.8581
      vertex -45.3432 61.29 83.8581
    endloop
  endfacet
  facet normal 0.957098 0 -0.289764
    outer loop
      vertex -45.8436 54.831 83.1093
      vertex -45.8766 61.29 83.0003
      vertex -45.8436 61.29 83.1093
    endloop
  endfacet
  facet normal 0.957098 0 -0.289764
    outer loop
      vertex -45.8766 61.29 83.0003
      vertex -45.8436 54.831 83.1093
      vertex -45.8766 54.831 83.0003
    endloop
  endfacet
  facet normal -0.957098 0 0.289764
    outer loop
      vertex -42.5484 54.831 81.9907
      vertex -42.5154 61.29 82.0997
      vertex -42.5484 61.29 81.9907
    endloop
  endfacet
  facet normal -0.957098 0 0.289764
    outer loop
      vertex -42.5154 61.29 82.0997
      vertex -42.5484 54.831 81.9907
      vertex -42.5154 54.831 82.0997
    endloop
  endfacet
  facet normal -0.227424 0 -0.973796
    outer loop
      vertex -43.8566 54.831 84.2565
      vertex -43.7457 61.29 84.2306
      vertex -43.7457 54.831 84.2306
    endloop
  endfacet
  facet normal -0.227424 0 -0.973796
    outer loop
      vertex -43.7457 61.29 84.2306
      vertex -43.8566 54.831 84.2565
      vertex -43.8566 61.29 84.2565
    endloop
  endfacet
  facet normal 0.162546 0 0.986701
    outer loop
      vertex -44.5354 61.29 80.8435
      vertex -44.4231 54.831 80.825
      vertex -44.4231 61.29 80.825
    endloop
  endfacet
  facet normal 0.162546 0 0.986701
    outer loop
      vertex -44.4231 54.831 80.825
      vertex -44.5354 61.29 80.8435
      vertex -44.5354 54.831 80.8435
    endloop
  endfacet
  facet normal 0.582151 0 0.81308
    outer loop
      vertex -45.2552 61.29 81.1696
      vertex -45.1626 54.831 81.1033
      vertex -45.1626 61.29 81.1033
    endloop
  endfacet
  facet normal 0.582151 0 0.81308
    outer loop
      vertex -45.1626 54.831 81.1033
      vertex -45.2552 61.29 81.1696
      vertex -45.2552 54.831 81.1696
    endloop
  endfacet
  facet normal 0.227424 0 0.973796
    outer loop
      vertex -44.6463 61.29 80.8694
      vertex -44.5354 54.831 80.8435
      vertex -44.5354 61.29 80.8435
    endloop
  endfacet
  facet normal 0.227424 0 0.973796
    outer loop
      vertex -44.5354 54.831 80.8435
      vertex -44.6463 61.29 80.8694
      vertex -44.6463 54.831 80.8694
    endloop
  endfacet
  facet normal -0.81308 0 0.582151
    outer loop
      vertex -42.8156 54.831 81.4908
      vertex -42.7493 61.29 81.5834
      vertex -42.8156 61.29 81.4908
    endloop
  endfacet
  facet normal -0.81308 0 0.582151
    outer loop
      vertex -42.7493 61.29 81.5834
      vertex -42.8156 54.831 81.4908
      vertex -42.7493 54.831 81.5834
    endloop
  endfacet
  facet normal 0.910817 0 -0.41281
    outer loop
      vertex -45.7565 54.831 83.3195
      vertex -45.8035 61.29 83.2158
      vertex -45.7565 61.29 83.3195
    endloop
  endfacet
  facet normal 0.910817 0 -0.41281
    outer loop
      vertex -45.8035 61.29 83.2158
      vertex -45.7565 54.831 83.3195
      vertex -45.8035 54.831 83.2158
    endloop
  endfacet
  facet normal -0.352375 0 0.935859
    outer loop
      vertex -43.6367 61.29 80.9024
      vertex -43.5302 54.831 80.9425
      vertex -43.5302 61.29 80.9425
    endloop
  endfacet
  facet normal -0.352375 0 0.935859
    outer loop
      vertex -43.5302 54.831 80.9425
      vertex -43.6367 61.29 80.9024
      vertex -43.6367 54.831 80.9024
    endloop
  endfacet
  facet normal -0.289764 0 -0.957098
    outer loop
      vertex -43.7457 54.831 84.2306
      vertex -43.6367 61.29 84.1976
      vertex -43.6367 54.831 84.1976
    endloop
  endfacet
  facet normal -0.289764 0 -0.957098
    outer loop
      vertex -43.6367 61.29 84.1976
      vertex -43.7457 54.831 84.2306
      vertex -43.7457 61.29 84.2306
    endloop
  endfacet
  facet normal 0 -1 0
    outer loop
      vertex -44.3098 61.29 84.2862
      vertex -44.0822 61.29 84.2862
      vertex -44.196 61.29 84.2899
    endloop
  endfacet
  facet normal 0 -1 0
    outer loop
      vertex -44.4231 61.29 84.275
      vertex -44.0822 61.29 84.2862
      vertex -44.3098 61.29 84.2862
    endloop
  endfacet
  facet normal 0 -1 0
    outer loop
      vertex -44.4231 61.29 84.275
      vertex -43.9689 61.29 84.275
      vertex -44.0822 61.29 84.2862
    endloop
  endfacet
  facet normal 0 -1 0
    outer loop
      vertex -44.5354 61.29 84.2565
      vertex -43.9689 61.29 84.275
      vertex -44.4231 61.29 84.275
    endloop
  endfacet
  facet normal 0 -1 0
    outer loop
      vertex -44.5354 61.29 84.2565
      vertex -43.8566 61.29 84.2565
      vertex -43.9689 61.29 84.275
    endloop
  endfacet
  facet normal 0 -1 0
    outer loop
      vertex -44.6463 61.29 84.2306
      vertex -43.8566 61.29 84.2565
      vertex -44.5354 61.29 84.2565
    endloop
  endfacet
  facet normal 0 -1 0
    outer loop
      vertex -44.6463 61.29 84.2306
      vertex -43.7457 61.29 84.2306
      vertex -43.8566 61.29 84.2565
    endloop
  endfacet
  facet normal 0 -1 0
    outer loop
      vertex -44.7553 61.29 84.1976
      vertex -43.7457 61.29 84.2306
      vertex -44.6463 61.29 84.2306
    endloop
  endfacet
  facet normal 0 -1 0
    outer loop
      vertex -44.7553 61.29 84.1976
      vertex -43.6367 61.29 84.1976
      vertex -43.7457 61.29 84.2306
    endloop
  endfacet
  facet normal 0 -1 0
    outer loop
      vertex -44.8618 61.29 84.1575
      vertex -43.6367 61.29 84.1976
      vertex -44.7553 61.29 84.1976
    endloop
  endfacet
  facet normal 0 -1 0
    outer loop
      vertex -44.8618 61.29 84.1575
      vertex -43.5302 61.29 84.1575
      vertex -43.6367 61.29 84.1976
    endloop
  endfacet
  facet normal 0 -1 0
    outer loop
      vertex -44.9655 61.29 84.1105
      vertex -43.5302 61.29 84.1575
      vertex -44.8618 61.29 84.1575
    endloop
  endfacet
  facet normal 0 -1 0
    outer loop
      vertex -44.9655 61.29 84.1105
      vertex -43.4265 61.29 84.1105
      vertex -43.5302 61.29 84.1575
    endloop
  endfacet
  facet normal 0 -1 0
    outer loop
      vertex -45.0659 61.29 84.0568
      vertex -43.4265 61.29 84.1105
      vertex -44.9655 61.29 84.1105
    endloop
  endfacet
  facet normal 0 -1 0
    outer loop
      vertex -45.0659 61.29 84.0568
      vertex -43.326 61.29 84.0568
      vertex -43.4265 61.29 84.1105
    endloop
  endfacet
  facet normal 0 -1 0
    outer loop
      vertex -45.1626 61.29 83.9967
      vertex -43.326 61.29 84.0568
      vertex -45.0659 61.29 84.0568
    endloop
  endfacet
  facet normal 0 -1 0
    outer loop
      vertex -45.1626 61.29 83.9967
      vertex -43.2294 61.29 83.9967
      vertex -43.326 61.29 84.0568
    endloop
  endfacet
  facet normal 0 -1 0
    outer loop
      vertex -45.2552 61.29 83.9304
      vertex -43.2294 61.29 83.9967
      vertex -45.1626 61.29 83.9967
    endloop
  endfacet
  facet normal 0 -1 0
    outer loop
      vertex -45.2552 61.29 83.9304
      vertex -43.1368 61.29 83.9304
      vertex -43.2294 61.29 83.9967
    endloop
  endfacet
  facet normal 0 -1 0
    outer loop
      vertex -45.3432 61.29 83.8581
      vertex -43.1368 61.29 83.9304
      vertex -45.2552 61.29 83.9304
    endloop
  endfacet
  facet normal 0 -1 0
    outer loop
      vertex -45.3432 61.29 83.8581
      vertex -43.0488 61.29 83.8581
      vertex -43.1368 61.29 83.9304
    endloop
  endfacet
  facet normal 0 -1 0
    outer loop
      vertex -45.4263 61.29 83.7803
      vertex -43.0488 61.29 83.8581
      vertex -45.3432 61.29 83.8581
    endloop
  endfacet
  facet normal 0 -1 0
    outer loop
      vertex -45.4263 61.29 83.7803
      vertex -42.9657 61.29 83.7803
      vertex -43.0488 61.29 83.8581
    endloop
  endfacet
  facet normal 0 -1 0
    outer loop
      vertex -45.5041 61.29 83.6972
      vertex -42.9657 61.29 83.7803
      vertex -45.4263 61.29 83.7803
    endloop
  endfacet
  facet normal 0 -1 0
    outer loop
      vertex -45.5041 61.29 83.6972
      vertex -42.8879 61.29 83.6972
      vertex -42.9657 61.29 83.7803
    endloop
  endfacet
  facet normal 0 -1 0
    outer loop
      vertex -45.5764 61.29 83.6092
      vertex -42.8879 61.29 83.6972
      vertex -45.5041 61.29 83.6972
    endloop
  endfacet
  facet normal 0 -1 0
    outer loop
      vertex -45.5764 61.29 83.6092
      vertex -42.8156 61.29 83.6092
      vertex -42.8879 61.29 83.6972
    endloop
  endfacet
  facet normal 0 -1 0
    outer loop
      vertex -45.6427 61.29 83.5166
      vertex -42.8156 61.29 83.6092
      vertex -45.5764 61.29 83.6092
    endloop
  endfacet
  facet normal 0 -1 0
    outer loop
      vertex -45.6427 61.29 83.5166
      vertex -42.7493 61.29 83.5166
      vertex -42.8156 61.29 83.6092
    endloop
  endfacet
  facet normal 0 -1 0
    outer loop
      vertex -45.7028 61.29 83.42
      vertex -42.7493 61.29 83.5166
      vertex -45.6427 61.29 83.5166
    endloop
  endfacet
  facet normal 0 -1 0
    outer loop
      vertex -45.7028 61.29 83.42
      vertex -42.6892 61.29 83.42
      vertex -42.7493 61.29 83.5166
    endloop
  endfacet
  facet normal 0 -1 0
    outer loop
      vertex -45.7565 61.29 83.3195
      vertex -42.6892 61.29 83.42
      vertex -45.7028 61.29 83.42
    endloop
  endfacet
  facet normal 0 -1 0
    outer loop
      vertex -45.7565 61.29 83.3195
      vertex -42.6355 61.29 83.3195
      vertex -42.6892 61.29 83.42
    endloop
  endfacet
  facet normal 0 -1 0
    outer loop
      vertex -45.8035 61.29 83.2158
      vertex -42.6355 61.29 83.3195
      vertex -45.7565 61.29 83.3195
    endloop
  endfacet
  facet normal 0 -1 0
    outer loop
      vertex -45.8035 61.29 83.2158
      vertex -42.5885 61.29 83.2158
      vertex -42.6355 61.29 83.3195
    endloop
  endfacet
  facet normal 0 -1 0
    outer loop
      vertex -45.8436 61.29 83.1093
      vertex -42.5885 61.29 83.2158
      vertex -45.8035 61.29 83.2158
    endloop
  endfacet
  facet normal 0 -1 0
    outer loop
      vertex -45.8436 61.29 83.1093
      vertex -42.5484 61.29 83.1093
      vertex -42.5885 61.29 83.2158
    endloop
  endfacet
  facet normal 0 -1 0
    outer loop
      vertex -45.8766 61.29 83.0003
      vertex -42.5484 61.29 83.1093
      vertex -45.8436 61.29 83.1093
    endloop
  endfacet
  facet normal 0 -1 0
    outer loop
      vertex -45.8766 61.29 83.0003
      vertex -42.5154 61.29 83.0003
      vertex -42.5484 61.29 83.1093
    endloop
  endfacet
  facet normal 0 -1 0
    outer loop
      vertex -45.9025 61.29 82.8894
      vertex -42.5154 61.29 83.0003
      vertex -45.8766 61.29 83.0003
    endloop
  endfacet
  facet normal 0 -1 0
    outer loop
      vertex -45.9025 61.29 82.8894
      vertex -42.4895 61.29 82.8894
      vertex -42.5154 61.29 83.0003
    endloop
  endfacet
  facet normal 0 -1 0
    outer loop
      vertex -45.921 61.29 82.7771
      vertex -42.4895 61.29 82.8894
      vertex -45.9025 61.29 82.8894
    endloop
  endfacet
  facet normal 0 -1 0
    outer loop
      vertex -45.921 61.29 82.7771
      vertex -42.471 61.29 82.7771
      vertex -42.4895 61.29 82.8894
    endloop
  endfacet
  facet normal 0 -1 0
    outer loop
      vertex -45.9322 61.29 82.6638
      vertex -42.471 61.29 82.7771
      vertex -45.921 61.29 82.7771
    endloop
  endfacet
  facet normal 0 -1 0
    outer loop
      vertex -45.9322 61.29 82.6638
      vertex -42.4598 61.29 82.6638
      vertex -42.471 61.29 82.7771
    endloop
  endfacet
  facet normal 0 -1 0
    outer loop
      vertex -45.9359 61.29 82.55
      vertex -42.4598 61.29 82.6638
      vertex -45.9322 61.29 82.6638
    endloop
  endfacet
  facet normal 0 -1 0
    outer loop
      vertex -45.9359 61.29 82.55
      vertex -42.4561 61.29 82.55
      vertex -42.4598 61.29 82.6638
    endloop
  endfacet
  facet normal 0 -1 0
    outer loop
      vertex -45.9322 61.29 82.4362
      vertex -42.4561 61.29 82.55
      vertex -45.9359 61.29 82.55
    endloop
  endfacet
  facet normal 0 -1 0
    outer loop
      vertex -45.9322 61.29 82.4362
      vertex -42.4598 61.29 82.4362
      vertex -42.4561 61.29 82.55
    endloop
  endfacet
  facet normal 0 -1 0
    outer loop
      vertex -45.921 61.29 82.3229
      vertex -42.4598 61.29 82.4362
      vertex -45.9322 61.29 82.4362
    endloop
  endfacet
  facet normal 0 -1 0
    outer loop
      vertex -45.921 61.29 82.3229
      vertex -42.471 61.29 82.3229
      vertex -42.4598 61.29 82.4362
    endloop
  endfacet
  facet normal 0 -1 0
    outer loop
      vertex -45.9025 61.29 82.2106
      vertex -42.471 61.29 82.3229
      vertex -45.921 61.29 82.3229
    endloop
  endfacet
  facet normal 0 -1 0
    outer loop
      vertex -45.9025 61.29 82.2106
      vertex -42.4895 61.29 82.2106
      vertex -42.471 61.29 82.3229
    endloop
  endfacet
  facet normal 0 -1 0
    outer loop
      vertex -45.8766 61.29 82.0997
      vertex -42.4895 61.29 82.2106
      vertex -45.9025 61.29 82.2106
    endloop
  endfacet
  facet normal 0 -1 0
    outer loop
      vertex -45.8766 61.29 82.0997
      vertex -42.5154 61.29 82.0997
      vertex -42.4895 61.29 82.2106
    endloop
  endfacet
  facet normal 0 -1 0
    outer loop
      vertex -45.8436 61.29 81.9907
      vertex -42.5154 61.29 82.0997
      vertex -45.8766 61.29 82.0997
    endloop
  endfacet
  facet normal 0 -1 0
    outer loop
      vertex -45.8436 61.29 81.9907
      vertex -42.5484 61.29 81.9907
      vertex -42.5154 61.29 82.0997
    endloop
  endfacet
  facet normal 0 -1 0
    outer loop
      vertex -45.8035 61.29 81.8842
      vertex -42.5484 61.29 81.9907
      vertex -45.8436 61.29 81.9907
    endloop
  endfacet
  facet normal 0 -1 0
    outer loop
      vertex -45.8035 61.29 81.8842
      vertex -42.5885 61.29 81.8842
      vertex -42.5484 61.29 81.9907
    endloop
  endfacet
  facet normal 0 -1 0
    outer loop
      vertex -45.7565 61.29 81.7805
      vertex -42.5885 61.29 81.8842
      vertex -45.8035 61.29 81.8842
    endloop
  endfacet
  facet normal 0 -1 0
    outer loop
      vertex -45.7565 61.29 81.7805
      vertex -42.6355 61.29 81.7805
      vertex -42.5885 61.29 81.8842
    endloop
  endfacet
  facet normal 0 -1 0
    outer loop
      vertex -45.7028 61.29 81.68
      vertex -42.6355 61.29 81.7805
      vertex -45.7565 61.29 81.7805
    endloop
  endfacet
  facet normal 0 -1 0
    outer loop
      vertex -45.7028 61.29 81.68
      vertex -42.6892 61.29 81.68
      vertex -42.6355 61.29 81.7805
    endloop
  endfacet
  facet normal 0 -1 0
    outer loop
      vertex -45.6427 61.29 81.5834
      vertex -42.6892 61.29 81.68
      vertex -45.7028 61.29 81.68
    endloop
  endfacet
  facet normal 0 -1 0
    outer loop
      vertex -45.6427 61.29 81.5834
      vertex -42.7493 61.29 81.5834
      vertex -42.6892 61.29 81.68
    endloop
  endfacet
  facet normal 0 -1 0
    outer loop
      vertex -45.5764 61.29 81.4908
      vertex -42.7493 61.29 81.5834
      vertex -45.6427 61.29 81.5834
    endloop
  endfacet
  facet normal 0 -1 0
    outer loop
      vertex -45.5764 61.29 81.4908
      vertex -42.8156 61.29 81.4908
      vertex -42.7493 61.29 81.5834
    endloop
  endfacet
  facet normal 0 -1 0
    outer loop
      vertex -45.5041 61.29 81.4028
      vertex -42.8156 61.29 81.4908
      vertex -45.5764 61.29 81.4908
    endloop
  endfacet
  facet normal 0 -1 0
    outer loop
      vertex -45.5041 61.29 81.4028
      vertex -42.8879 61.29 81.4028
      vertex -42.8156 61.29 81.4908
    endloop
  endfacet
  facet normal 0 -1 0
    outer loop
      vertex -45.4263 61.29 81.3197
      vertex -42.8879 61.29 81.4028
      vertex -45.5041 61.29 81.4028
    endloop
  endfacet
  facet normal 0 -1 0
    outer loop
      vertex -45.4263 61.29 81.3197
      vertex -42.9657 61.29 81.3197
      vertex -42.8879 61.29 81.4028
    endloop
  endfacet
  facet normal 0 -1 0
    outer loop
      vertex -45.3432 61.29 81.2419
      vertex -42.9657 61.29 81.3197
      vertex -45.4263 61.29 81.3197
    endloop
  endfacet
  facet normal 0 -1 0
    outer loop
      vertex -45.3432 61.29 81.2419
      vertex -43.0488 61.29 81.2419
      vertex -42.9657 61.29 81.3197
    endloop
  endfacet
  facet normal 0 -1 0
    outer loop
      vertex -45.2552 61.29 81.1696
      vertex -43.0488 61.29 81.2419
      vertex -45.3432 61.29 81.2419
    endloop
  endfacet
  facet normal 0 -1 0
    outer loop
      vertex -45.2552 61.29 81.1696
      vertex -43.1368 61.29 81.1696
      vertex -43.0488 61.29 81.2419
    endloop
  endfacet
  facet normal 0 -1 0
    outer loop
      vertex -45.1626 61.29 81.1033
      vertex -43.1368 61.29 81.1696
      vertex -45.2552 61.29 81.1696
    endloop
  endfacet
  facet normal 0 -1 0
    outer loop
      vertex -45.1626 61.29 81.1033
      vertex -43.2294 61.29 81.1033
      vertex -43.1368 61.29 81.1696
    endloop
  endfacet
  facet normal 0 -1 0
    outer loop
      vertex -45.0659 61.29 81.0432
      vertex -43.2294 61.29 81.1033
      vertex -45.1626 61.29 81.1033
    endloop
  endfacet
  facet normal 0 -1 0
    outer loop
      vertex -45.0659 61.29 81.0432
      vertex -43.326 61.29 81.0432
      vertex -43.2294 61.29 81.1033
    endloop
  endfacet
  facet normal 0 -1 0
    outer loop
      vertex -44.9655 61.29 80.9895
      vertex -43.326 61.29 81.0432
      vertex -45.0659 61.29 81.0432
    endloop
  endfacet
  facet normal 0 -1 0
    outer loop
      vertex -44.9655 61.29 80.9895
      vertex -43.4265 61.29 80.9895
      vertex -43.326 61.29 81.0432
    endloop
  endfacet
  facet normal 0 -1 0
    outer loop
      vertex -44.8618 61.29 80.9425
      vertex -43.4265 61.29 80.9895
      vertex -44.9655 61.29 80.9895
    endloop
  endfacet
  facet normal 0 -1 0
    outer loop
      vertex -44.8618 61.29 80.9425
      vertex -43.5302 61.29 80.9425
      vertex -43.4265 61.29 80.9895
    endloop
  endfacet
  facet normal 0 -1 0
    outer loop
      vertex -44.7553 61.29 80.9024
      vertex -43.5302 61.29 80.9425
      vertex -44.8618 61.29 80.9425
    endloop
  endfacet
  facet normal 0 -1 0
    outer loop
      vertex -44.7553 61.29 80.9024
      vertex -43.6367 61.29 80.9024
      vertex -43.5302 61.29 80.9425
    endloop
  endfacet
  facet normal 0 -1 0
    outer loop
      vertex -44.6463 61.29 80.8694
      vertex -43.6367 61.29 80.9024
      vertex -44.7553 61.29 80.9024
    endloop
  endfacet
  facet normal 0 -1 0
    outer loop
      vertex -44.6463 61.29 80.8694
      vertex -43.7457 61.29 80.8694
      vertex -43.6367 61.29 80.9024
    endloop
  endfacet
  facet normal 0 -1 0
    outer loop
      vertex -44.5354 61.29 80.8435
      vertex -43.7457 61.29 80.8694
      vertex -44.6463 61.29 80.8694
    endloop
  endfacet
  facet normal 0 -1 0
    outer loop
      vertex -44.5354 61.29 80.8435
      vertex -43.8566 61.29 80.8435
      vertex -43.7457 61.29 80.8694
    endloop
  endfacet
  facet normal 0 -1 0
    outer loop
      vertex -44.4231 61.29 80.825
      vertex -43.8566 61.29 80.8435
      vertex -44.5354 61.29 80.8435
    endloop
  endfacet
  facet normal 0 -1 0
    outer loop
      vertex -44.4231 61.29 80.825
      vertex -43.9689 61.29 80.825
      vertex -43.8566 61.29 80.8435
    endloop
  endfacet
  facet normal 0 -1 0
    outer loop
      vertex -44.3098 61.29 80.8138
      vertex -43.9689 61.29 80.825
      vertex -44.4231 61.29 80.825
    endloop
  endfacet
  facet normal 0 -1 0
    outer loop
      vertex -44.3098 61.29 80.8138
      vertex -44.0822 61.29 80.8138
      vertex -43.9689 61.29 80.825
    endloop
  endfacet
  facet normal -0 -1 0
    outer loop
      vertex -44.0822 61.29 80.8138
      vertex -44.3098 61.29 80.8138
      vertex -44.196 61.29 80.8101
    endloop
  endfacet
  facet normal -0.910817 0 -0.41281
    outer loop
      vertex -42.5885 54.831 83.2158
      vertex -42.6355 61.29 83.3195
      vertex -42.5885 61.29 83.2158
    endloop
  endfacet
  facet normal -0.910817 -0 -0.41281
    outer loop
      vertex -42.6355 61.29 83.3195
      vertex -42.5885 54.831 83.2158
      vertex -42.6355 54.831 83.3195
    endloop
  endfacet
  facet normal -0.032496 0 0.999472
    outer loop
      vertex -44.196 61.29 80.8101
      vertex -44.0822 54.831 80.8138
      vertex -44.0822 61.29 80.8138
    endloop
  endfacet
  facet normal -0.032496 0 0.999472
    outer loop
      vertex -44.0822 54.831 80.8138
      vertex -44.196 61.29 80.8101
      vertex -44.196 54.831 80.8101
    endloop
  endfacet
  facet normal 0.471636 0 0.881793
    outer loop
      vertex -45.0659 61.29 81.0432
      vertex -44.9655 54.831 80.9895
      vertex -44.9655 61.29 80.9895
    endloop
  endfacet
  facet normal 0.471636 0 0.881793
    outer loop
      vertex -44.9655 54.831 80.9895
      vertex -45.0659 61.29 81.0432
      vertex -45.0659 54.831 81.0432
    endloop
  endfacet
  facet normal 0.999472 0 -0.032496
    outer loop
      vertex -45.9322 54.831 82.6638
      vertex -45.9359 61.29 82.55
      vertex -45.9322 61.29 82.6638
    endloop
  endfacet
  facet normal 0.999472 0 -0.032496
    outer loop
      vertex -45.9359 61.29 82.55
      vertex -45.9322 54.831 82.6638
      vertex -45.9359 54.831 82.55
    endloop
  endfacet
  facet normal -0.471271 0 -0.881988
    outer loop
      vertex -43.4265 54.831 84.1105
      vertex -43.326 61.29 84.0568
      vertex -43.326 54.831 84.0568
    endloop
  endfacet
  facet normal -0.471271 0 -0.881988
    outer loop
      vertex -43.326 61.29 84.0568
      vertex -43.4265 54.831 84.1105
      vertex -43.4265 61.29 84.1105
    endloop
  endfacet
  facet normal 0.032496 0 -0.999472
    outer loop
      vertex -44.3098 54.831 84.2862
      vertex -44.196 61.29 84.2899
      vertex -44.196 54.831 84.2899
    endloop
  endfacet
  facet normal 0.032496 0 -0.999472
    outer loop
      vertex -44.196 61.29 84.2899
      vertex -44.3098 54.831 84.2862
      vertex -44.3098 61.29 84.2862
    endloop
  endfacet
  facet normal 0.41281 0 -0.910817
    outer loop
      vertex -44.9655 54.831 84.1105
      vertex -44.8618 61.29 84.1575
      vertex -44.8618 54.831 84.1575
    endloop
  endfacet
  facet normal 0.41281 0 -0.910817
    outer loop
      vertex -44.8618 61.29 84.1575
      vertex -44.9655 54.831 84.1105
      vertex -44.9655 61.29 84.1105
    endloop
  endfacet
  facet normal 0.41281 0 0.910817
    outer loop
      vertex -44.9655 61.29 80.9895
      vertex -44.8618 54.831 80.9425
      vertex -44.8618 61.29 80.9425
    endloop
  endfacet
  facet normal 0.41281 0 0.910817
    outer loop
      vertex -44.8618 54.831 80.9425
      vertex -44.9655 61.29 80.9895
      vertex -44.9655 54.831 80.9895
    endloop
  endfacet
  facet normal 0.973796 0 -0.227424
    outer loop
      vertex -45.8766 54.831 83.0003
      vertex -45.9025 61.29 82.8894
      vertex -45.8766 61.29 83.0003
    endloop
  endfacet
  facet normal 0.973796 0 -0.227424
    outer loop
      vertex -45.9025 61.29 82.8894
      vertex -45.8766 54.831 83.0003
      vertex -45.9025 54.831 82.8894
    endloop
  endfacet
  facet normal 0.0983731 0 0.99515
    outer loop
      vertex -44.4231 61.29 80.825
      vertex -44.3098 54.831 80.8138
      vertex -44.3098 61.29 80.8138
    endloop
  endfacet
  facet normal 0.0983731 0 0.99515
    outer loop
      vertex -44.3098 54.831 80.8138
      vertex -44.4231 61.29 80.825
      vertex -44.4231 54.831 80.825
    endloop
  endfacet
  facet normal -0.999472 0 0.032496
    outer loop
      vertex -42.4598 54.831 82.4362
      vertex -42.4561 61.29 82.55
      vertex -42.4598 61.29 82.4362
    endloop
  endfacet
  facet normal -0.999472 0 0.032496
    outer loop
      vertex -42.4561 61.29 82.55
      vertex -42.4598 54.831 82.4362
      vertex -42.4561 54.831 82.55
    endloop
  endfacet
  facet normal -0.52826 0 0.849083
    outer loop
      vertex -43.326 61.29 81.0432
      vertex -43.2294 54.831 81.1033
      vertex -43.2294 61.29 81.1033
    endloop
  endfacet
  facet normal -0.52826 0 0.849083
    outer loop
      vertex -43.2294 54.831 81.1033
      vertex -43.326 61.29 81.0432
      vertex -43.326 54.831 81.0432
    endloop
  endfacet
  facet normal -0.849083 0 -0.52826
    outer loop
      vertex -42.6892 54.831 83.42
      vertex -42.7493 61.29 83.5166
      vertex -42.6892 61.29 83.42
    endloop
  endfacet
  facet normal -0.849083 -0 -0.52826
    outer loop
      vertex -42.7493 61.29 83.5166
      vertex -42.6892 54.831 83.42
      vertex -42.7493 54.831 83.5166
    endloop
  endfacet
  facet normal 0.986701 0 -0.162546
    outer loop
      vertex -45.9025 54.831 82.8894
      vertex -45.921 61.29 82.7771
      vertex -45.9025 61.29 82.8894
    endloop
  endfacet
  facet normal 0.986701 0 -0.162546
    outer loop
      vertex -45.921 61.29 82.7771
      vertex -45.9025 54.831 82.8894
      vertex -45.921 54.831 82.7771
    endloop
  endfacet
  facet normal 0.527866 0 -0.849328
    outer loop
      vertex -45.1626 54.831 83.9967
      vertex -45.0659 61.29 84.0568
      vertex -45.0659 54.831 84.0568
    endloop
  endfacet
  facet normal 0.527866 0 -0.849328
    outer loop
      vertex -45.0659 61.29 84.0568
      vertex -45.1626 54.831 83.9967
      vertex -45.1626 61.29 83.9967
    endloop
  endfacet
  facet normal -0.0983731 0 0.99515
    outer loop
      vertex -44.0822 61.29 80.8138
      vertex -43.9689 54.831 80.825
      vertex -43.9689 61.29 80.825
    endloop
  endfacet
  facet normal -0.0983731 0 0.99515
    outer loop
      vertex -43.9689 54.831 80.825
      vertex -44.0822 61.29 80.8138
      vertex -44.0822 54.831 80.8138
    endloop
  endfacet
  facet normal 0.986701 -0 0.162546
    outer loop
      vertex -45.921 54.831 82.3229
      vertex -45.9025 61.29 82.2106
      vertex -45.921 61.29 82.3229
    endloop
  endfacet
  facet normal 0.986701 0 0.162546
    outer loop
      vertex -45.9025 61.29 82.2106
      vertex -45.921 54.831 82.3229
      vertex -45.9025 54.831 82.2106
    endloop
  endfacet
  facet normal -0.881988 0 0.471271
    outer loop
      vertex -42.6892 54.831 81.68
      vertex -42.6355 61.29 81.7805
      vertex -42.6892 61.29 81.68
    endloop
  endfacet
  facet normal -0.881988 0 0.471271
    outer loop
      vertex -42.6355 61.29 81.7805
      vertex -42.6892 54.831 81.68
      vertex -42.6355 54.831 81.7805
    endloop
  endfacet
  facet normal -0.910817 0 0.41281
    outer loop
      vertex -42.6355 54.831 81.7805
      vertex -42.5885 61.29 81.8842
      vertex -42.6355 61.29 81.7805
    endloop
  endfacet
  facet normal -0.910817 0 0.41281
    outer loop
      vertex -42.5885 61.29 81.8842
      vertex -42.6355 54.831 81.7805
      vertex -42.5885 54.831 81.8842
    endloop
  endfacet
  facet normal -0.881988 0 -0.471271
    outer loop
      vertex -42.6355 54.831 83.3195
      vertex -42.6892 61.29 83.42
      vertex -42.6355 61.29 83.3195
    endloop
  endfacet
  facet normal -0.881988 -0 -0.471271
    outer loop
      vertex -42.6892 61.29 83.42
      vertex -42.6355 54.831 83.3195
      vertex -42.6892 54.831 83.42
    endloop
  endfacet
  facet normal -0.772665 0 -0.634814
    outer loop
      vertex -42.8156 54.831 83.6092
      vertex -42.8879 61.29 83.6972
      vertex -42.8156 61.29 83.6092
    endloop
  endfacet
  facet normal -0.772665 -0 -0.634814
    outer loop
      vertex -42.8879 61.29 83.6972
      vertex -42.8156 54.831 83.6092
      vertex -42.8879 54.831 83.6972
    endloop
  endfacet
  facet normal -0.52826 0 -0.849083
    outer loop
      vertex -43.326 54.831 84.0568
      vertex -43.2294 61.29 83.9967
      vertex -43.2294 54.831 83.9967
    endloop
  endfacet
  facet normal -0.52826 0 -0.849083
    outer loop
      vertex -43.2294 61.29 83.9967
      vertex -43.326 54.831 84.0568
      vertex -43.326 61.29 84.0568
    endloop
  endfacet
  facet normal 0.99515 -0 0.0983731
    outer loop
      vertex -45.9322 54.831 82.4362
      vertex -45.921 61.29 82.3229
      vertex -45.9322 61.29 82.4362
    endloop
  endfacet
  facet normal 0.99515 0 0.0983731
    outer loop
      vertex -45.921 61.29 82.3229
      vertex -45.9322 54.831 82.4362
      vertex -45.921 54.831 82.3229
    endloop
  endfacet
  facet normal -0.634814 0 -0.772665
    outer loop
      vertex -43.1368 54.831 83.9304
      vertex -43.0488 61.29 83.8581
      vertex -43.0488 54.831 83.8581
    endloop
  endfacet
  facet normal -0.634814 0 -0.772665
    outer loop
      vertex -43.0488 61.29 83.8581
      vertex -43.1368 54.831 83.9304
      vertex -43.1368 61.29 83.9304
    endloop
  endfacet
  facet normal 0.957098 -0 0.289764
    outer loop
      vertex -45.8766 54.831 82.0997
      vertex -45.8436 61.29 81.9907
      vertex -45.8766 61.29 82.0997
    endloop
  endfacet
  facet normal 0.957098 0 0.289764
    outer loop
      vertex -45.8436 61.29 81.9907
      vertex -45.8766 54.831 82.0997
      vertex -45.8436 54.831 81.9907
    endloop
  endfacet
  facet normal 0.99515 0 -0.0983731
    outer loop
      vertex -45.921 54.831 82.7771
      vertex -45.9322 61.29 82.6638
      vertex -45.921 61.29 82.7771
    endloop
  endfacet
  facet normal 0.99515 0 -0.0983731
    outer loop
      vertex -45.9322 61.29 82.6638
      vertex -45.921 54.831 82.7771
      vertex -45.9322 54.831 82.6638
    endloop
  endfacet
  facet normal 0.683444 0 0.730003
    outer loop
      vertex -45.4263 61.29 81.3197
      vertex -45.3432 54.831 81.2419
      vertex -45.3432 61.29 81.2419
    endloop
  endfacet
  facet normal 0.683444 0 0.730003
    outer loop
      vertex -45.3432 54.831 81.2419
      vertex -45.4263 61.29 81.3197
      vertex -45.4263 54.831 81.3197
    endloop
  endfacet
  facet normal -0.582151 0 0.81308
    outer loop
      vertex -43.2294 61.29 81.1033
      vertex -43.1368 54.831 81.1696
      vertex -43.1368 61.29 81.1696
    endloop
  endfacet
  facet normal -0.582151 0 0.81308
    outer loop
      vertex -43.1368 54.831 81.1696
      vertex -43.2294 61.29 81.1033
      vertex -43.2294 54.831 81.1033
    endloop
  endfacet
  facet normal 0.289764 0 -0.957098
    outer loop
      vertex -44.7553 54.831 84.1976
      vertex -44.6463 61.29 84.2306
      vertex -44.6463 54.831 84.2306
    endloop
  endfacet
  facet normal 0.289764 0 -0.957098
    outer loop
      vertex -44.6463 61.29 84.2306
      vertex -44.7553 54.831 84.1976
      vertex -44.7553 61.29 84.1976
    endloop
  endfacet
  facet normal 0.730003 0 -0.683444
    outer loop
      vertex -45.4263 54.831 83.7803
      vertex -45.5041 61.29 83.6972
      vertex -45.4263 61.29 83.7803
    endloop
  endfacet
  facet normal 0.730003 0 -0.683444
    outer loop
      vertex -45.5041 61.29 83.6972
      vertex -45.4263 54.831 83.7803
      vertex -45.5041 54.831 83.6972
    endloop
  endfacet
  facet normal -0.162546 0 0.986701
    outer loop
      vertex -43.9689 61.29 80.825
      vertex -43.8566 54.831 80.8435
      vertex -43.8566 61.29 80.8435
    endloop
  endfacet
  facet normal -0.162546 0 0.986701
    outer loop
      vertex -43.8566 54.831 80.8435
      vertex -43.9689 61.29 80.825
      vertex -43.9689 54.831 80.825
    endloop
  endfacet
  facet normal 0.527866 0 0.849328
    outer loop
      vertex -45.1626 61.29 81.1033
      vertex -45.0659 54.831 81.0432
      vertex -45.0659 61.29 81.0432
    endloop
  endfacet
  facet normal 0.527866 0 0.849328
    outer loop
      vertex -45.0659 54.831 81.0432
      vertex -45.1626 61.29 81.1033
      vertex -45.1626 54.831 81.1033
    endloop
  endfacet
  facet normal -0.41281 0 -0.910817
    outer loop
      vertex -43.5302 54.831 84.1575
      vertex -43.4265 61.29 84.1105
      vertex -43.4265 54.831 84.1105
    endloop
  endfacet
  facet normal -0.41281 0 -0.910817
    outer loop
      vertex -43.4265 61.29 84.1105
      vertex -43.5302 54.831 84.1575
      vertex -43.5302 61.29 84.1575
    endloop
  endfacet
  facet normal 0.227424 0 -0.973796
    outer loop
      vertex -44.6463 54.831 84.2306
      vertex -44.5354 61.29 84.2565
      vertex -44.5354 54.831 84.2565
    endloop
  endfacet
  facet normal 0.227424 0 -0.973796
    outer loop
      vertex -44.5354 61.29 84.2565
      vertex -44.6463 54.831 84.2306
      vertex -44.6463 61.29 84.2306
    endloop
  endfacet
  facet normal 0.935859 0 -0.352375
    outer loop
      vertex -45.8035 54.831 83.2158
      vertex -45.8436 61.29 83.1093
      vertex -45.8035 61.29 83.2158
    endloop
  endfacet
  facet normal 0.935859 0 -0.352375
    outer loop
      vertex -45.8436 61.29 83.1093
      vertex -45.8035 54.831 83.2158
      vertex -45.8436 54.831 83.1093
    endloop
  endfacet
  facet normal -0.99515 0 -0.0983731
    outer loop
      vertex -42.4598 54.831 82.6638
      vertex -42.471 61.29 82.7771
      vertex -42.4598 61.29 82.6638
    endloop
  endfacet
  facet normal -0.99515 -0 -0.0983731
    outer loop
      vertex -42.471 61.29 82.7771
      vertex -42.4598 54.831 82.6638
      vertex -42.471 54.831 82.7771
    endloop
  endfacet
  facet normal -0.634814 0 0.772665
    outer loop
      vertex -43.1368 61.29 81.1696
      vertex -43.0488 54.831 81.2419
      vertex -43.0488 61.29 81.2419
    endloop
  endfacet
  facet normal -0.634814 0 0.772665
    outer loop
      vertex -43.0488 54.831 81.2419
      vertex -43.1368 61.29 81.1696
      vertex -43.1368 54.831 81.1696
    endloop
  endfacet
  facet normal -0.683444 0 0.730003
    outer loop
      vertex -43.0488 61.29 81.2419
      vertex -42.9657 54.831 81.3197
      vertex -42.9657 61.29 81.3197
    endloop
  endfacet
  facet normal -0.683444 0 0.730003
    outer loop
      vertex -42.9657 54.831 81.3197
      vertex -43.0488 61.29 81.2419
      vertex -43.0488 54.831 81.2419
    endloop
  endfacet
  facet normal 0.881988 0 -0.471271
    outer loop
      vertex -45.7028 54.831 83.42
      vertex -45.7565 61.29 83.3195
      vertex -45.7028 61.29 83.42
    endloop
  endfacet
  facet normal 0.881988 0 -0.471271
    outer loop
      vertex -45.7565 61.29 83.3195
      vertex -45.7028 54.831 83.42
      vertex -45.7565 54.831 83.3195
    endloop
  endfacet
  facet normal -0.81308 0 -0.582151
    outer loop
      vertex -42.7493 54.831 83.5166
      vertex -42.8156 61.29 83.6092
      vertex -42.7493 61.29 83.5166
    endloop
  endfacet
  facet normal -0.81308 -0 -0.582151
    outer loop
      vertex -42.8156 61.29 83.6092
      vertex -42.7493 54.831 83.5166
      vertex -42.8156 54.831 83.6092
    endloop
  endfacet
  facet normal -0.935859 0 -0.352375
    outer loop
      vertex -42.5484 54.831 83.1093
      vertex -42.5885 61.29 83.2158
      vertex -42.5484 61.29 83.1093
    endloop
  endfacet
  facet normal -0.935859 -0 -0.352375
    outer loop
      vertex -42.5885 61.29 83.2158
      vertex -42.5484 54.831 83.1093
      vertex -42.5885 54.831 83.2158
    endloop
  endfacet
  facet normal 0.999472 -0 0.032496
    outer loop
      vertex -45.9359 54.831 82.55
      vertex -45.9322 61.29 82.4362
      vertex -45.9359 61.29 82.55
    endloop
  endfacet
  facet normal 0.999472 0 0.032496
    outer loop
      vertex -45.9322 61.29 82.4362
      vertex -45.9359 54.831 82.55
      vertex -45.9322 54.831 82.4362
    endloop
  endfacet
  facet normal 0.162546 0 -0.986701
    outer loop
      vertex -44.5354 54.831 84.2565
      vertex -44.4231 61.29 84.275
      vertex -44.4231 54.831 84.275
    endloop
  endfacet
  facet normal 0.162546 0 -0.986701
    outer loop
      vertex -44.4231 61.29 84.275
      vertex -44.5354 54.831 84.2565
      vertex -44.5354 61.29 84.2565
    endloop
  endfacet
  facet normal -0.99515 0 0.0983731
    outer loop
      vertex -42.471 54.831 82.3229
      vertex -42.4598 61.29 82.4362
      vertex -42.471 61.29 82.3229
    endloop
  endfacet
  facet normal -0.99515 0 0.0983731
    outer loop
      vertex -42.4598 61.29 82.4362
      vertex -42.471 54.831 82.3229
      vertex -42.4598 54.831 82.4362
    endloop
  endfacet
  facet normal 0.772665 -0 0.634814
    outer loop
      vertex -45.5764 54.831 81.4908
      vertex -45.5041 61.29 81.4028
      vertex -45.5764 61.29 81.4908
    endloop
  endfacet
  facet normal 0.772665 0 0.634814
    outer loop
      vertex -45.5041 61.29 81.4028
      vertex -45.5764 54.831 81.4908
      vertex -45.5041 54.831 81.4028
    endloop
  endfacet
  facet normal 0.471636 0 -0.881793
    outer loop
      vertex -45.0659 54.831 84.0568
      vertex -44.9655 61.29 84.1105
      vertex -44.9655 54.831 84.1105
    endloop
  endfacet
  facet normal 0.471636 0 -0.881793
    outer loop
      vertex -44.9655 61.29 84.1105
      vertex -45.0659 54.831 84.0568
      vertex -45.0659 61.29 84.0568
    endloop
  endfacet
  facet normal -0.227424 0 0.973796
    outer loop
      vertex -43.8566 61.29 80.8435
      vertex -43.7457 54.831 80.8694
      vertex -43.7457 61.29 80.8694
    endloop
  endfacet
  facet normal -0.227424 0 0.973796
    outer loop
      vertex -43.7457 54.831 80.8694
      vertex -43.8566 61.29 80.8435
      vertex -43.8566 54.831 80.8435
    endloop
  endfacet
  facet normal 0.849083 0 -0.52826
    outer loop
      vertex -45.6427 54.831 83.5166
      vertex -45.7028 61.29 83.42
      vertex -45.6427 61.29 83.5166
    endloop
  endfacet
  facet normal 0.849083 0 -0.52826
    outer loop
      vertex -45.7028 61.29 83.42
      vertex -45.6427 54.831 83.5166
      vertex -45.7028 54.831 83.42
    endloop
  endfacet
  facet normal 0.772665 0 -0.634814
    outer loop
      vertex -45.5041 54.831 83.6972
      vertex -45.5764 61.29 83.6092
      vertex -45.5041 61.29 83.6972
    endloop
  endfacet
  facet normal 0.772665 0 -0.634814
    outer loop
      vertex -45.5764 61.29 83.6092
      vertex -45.5041 54.831 83.6972
      vertex -45.5764 54.831 83.6092
    endloop
  endfacet
  facet normal -0.289764 0 0.957098
    outer loop
      vertex -43.7457 61.29 80.8694
      vertex -43.6367 54.831 80.9024
      vertex -43.6367 61.29 80.9024
    endloop
  endfacet
  facet normal -0.289764 0 0.957098
    outer loop
      vertex -43.6367 54.831 80.9024
      vertex -43.7457 61.29 80.8694
      vertex -43.7457 54.831 80.8694
    endloop
  endfacet
  facet normal 0.683444 0 -0.730003
    outer loop
      vertex -45.4263 54.831 83.7803
      vertex -45.3432 61.29 83.8581
      vertex -45.3432 54.831 83.8581
    endloop
  endfacet
  facet normal 0.683444 0 -0.730003
    outer loop
      vertex -45.3432 61.29 83.8581
      vertex -45.4263 54.831 83.7803
      vertex -45.4263 61.29 83.7803
    endloop
  endfacet
  facet normal 0.81308 -0 0.582151
    outer loop
      vertex -45.6427 54.831 81.5834
      vertex -45.5764 61.29 81.4908
      vertex -45.6427 61.29 81.5834
    endloop
  endfacet
  facet normal 0.81308 0 0.582151
    outer loop
      vertex -45.5764 61.29 81.4908
      vertex -45.6427 54.831 81.5834
      vertex -45.5764 54.831 81.4908
    endloop
  endfacet
  facet normal 0.352375 0 0.935859
    outer loop
      vertex -44.8618 61.29 80.9425
      vertex -44.7553 54.831 80.9024
      vertex -44.7553 61.29 80.9024
    endloop
  endfacet
  facet normal 0.352375 0 0.935859
    outer loop
      vertex -44.7553 54.831 80.9024
      vertex -44.8618 61.29 80.9425
      vertex -44.8618 54.831 80.9425
    endloop
  endfacet
  facet normal -0.986701 0 0.162546
    outer loop
      vertex -42.4895 54.831 82.2106
      vertex -42.471 61.29 82.3229
      vertex -42.4895 61.29 82.2106
    endloop
  endfacet
  facet normal -0.986701 0 0.162546
    outer loop
      vertex -42.471 61.29 82.3229
      vertex -42.4895 54.831 82.2106
      vertex -42.471 54.831 82.3229
    endloop
  endfacet
  facet normal 0.352375 0 -0.935859
    outer loop
      vertex -44.8618 54.831 84.1575
      vertex -44.7553 61.29 84.1976
      vertex -44.7553 54.831 84.1976
    endloop
  endfacet
  facet normal 0.352375 0 -0.935859
    outer loop
      vertex -44.7553 61.29 84.1976
      vertex -44.8618 54.831 84.1575
      vertex -44.8618 61.29 84.1575
    endloop
  endfacet
  facet normal -0.935859 0 0.352375
    outer loop
      vertex -42.5885 54.831 81.8842
      vertex -42.5484 61.29 81.9907
      vertex -42.5885 61.29 81.8842
    endloop
  endfacet
  facet normal -0.935859 0 0.352375
    outer loop
      vertex -42.5484 61.29 81.9907
      vertex -42.5885 54.831 81.8842
      vertex -42.5484 54.831 81.9907
    endloop
  endfacet
  facet normal -0.352375 0 -0.935859
    outer loop
      vertex -43.6367 54.831 84.1976
      vertex -43.5302 61.29 84.1575
      vertex -43.5302 54.831 84.1575
    endloop
  endfacet
  facet normal -0.352375 0 -0.935859
    outer loop
      vertex -43.5302 61.29 84.1575
      vertex -43.6367 54.831 84.1976
      vertex -43.6367 61.29 84.1976
    endloop
  endfacet
  facet normal -0.730003 0 -0.683444
    outer loop
      vertex -42.8879 54.831 83.6972
      vertex -42.9657 61.29 83.7803
      vertex -42.8879 61.29 83.6972
    endloop
  endfacet
  facet normal -0.730003 -0 -0.683444
    outer loop
      vertex -42.9657 61.29 83.7803
      vertex -42.8879 54.831 83.6972
      vertex -42.9657 54.831 83.7803
    endloop
  endfacet
  facet normal -0.772665 0 0.634814
    outer loop
      vertex -42.8879 54.831 81.4028
      vertex -42.8156 61.29 81.4908
      vertex -42.8879 61.29 81.4028
    endloop
  endfacet
  facet normal -0.772665 0 0.634814
    outer loop
      vertex -42.8156 61.29 81.4908
      vertex -42.8879 54.831 81.4028
      vertex -42.8156 54.831 81.4908
    endloop
  endfacet
  facet normal 0.730003 -0 0.683444
    outer loop
      vertex -45.5041 54.831 81.4028
      vertex -45.4263 61.29 81.3197
      vertex -45.5041 61.29 81.4028
    endloop
  endfacet
  facet normal 0.730003 0 0.683444
    outer loop
      vertex -45.4263 61.29 81.3197
      vertex -45.5041 54.831 81.4028
      vertex -45.4263 54.831 81.3197
    endloop
  endfacet
  facet normal 0.881988 -0 0.471271
    outer loop
      vertex -45.7565 54.831 81.7805
      vertex -45.7028 61.29 81.68
      vertex -45.7565 61.29 81.7805
    endloop
  endfacet
  facet normal 0.881988 0 0.471271
    outer loop
      vertex -45.7028 61.29 81.68
      vertex -45.7565 54.831 81.7805
      vertex -45.7028 54.831 81.68
    endloop
  endfacet
  facet normal 0.910817 -0 0.41281
    outer loop
      vertex -45.8035 54.831 81.8842
      vertex -45.7565 61.29 81.7805
      vertex -45.8035 61.29 81.8842
    endloop
  endfacet
  facet normal 0.910817 0 0.41281
    outer loop
      vertex -45.7565 61.29 81.7805
      vertex -45.8035 54.831 81.8842
      vertex -45.7565 54.831 81.7805
    endloop
  endfacet
  facet normal -0.999472 0 -0.032496
    outer loop
      vertex -42.4561 54.831 82.55
      vertex -42.4598 61.29 82.6638
      vertex -42.4561 61.29 82.55
    endloop
  endfacet
  facet normal -0.999472 -0 -0.032496
    outer loop
      vertex -42.4598 61.29 82.6638
      vertex -42.4561 54.831 82.55
      vertex -42.4598 54.831 82.6638
    endloop
  endfacet
  facet normal -0.973796 0 0.227424
    outer loop
      vertex -42.5154 54.831 82.0997
      vertex -42.4895 61.29 82.2106
      vertex -42.5154 61.29 82.0997
    endloop
  endfacet
  facet normal -0.973796 0 0.227424
    outer loop
      vertex -42.4895 61.29 82.2106
      vertex -42.5154 54.831 82.0997
      vertex -42.4895 54.831 82.2106
    endloop
  endfacet
  facet normal -0.986701 0 -0.162546
    outer loop
      vertex -42.471 54.831 82.7771
      vertex -42.4895 61.29 82.8894
      vertex -42.471 61.29 82.7771
    endloop
  endfacet
  facet normal -0.986701 -0 -0.162546
    outer loop
      vertex -42.4895 61.29 82.8894
      vertex -42.471 54.831 82.7771
      vertex -42.4895 54.831 82.8894
    endloop
  endfacet
  facet normal 0.289764 0 0.957098
    outer loop
      vertex -44.7553 61.29 80.9024
      vertex -44.6463 54.831 80.8694
      vertex -44.6463 61.29 80.8694
    endloop
  endfacet
  facet normal 0.289764 0 0.957098
    outer loop
      vertex -44.6463 54.831 80.8694
      vertex -44.7553 61.29 80.9024
      vertex -44.7553 54.831 80.9024
    endloop
  endfacet
  facet normal 0.582151 0 -0.81308
    outer loop
      vertex -45.2552 54.831 83.9304
      vertex -45.1626 61.29 83.9967
      vertex -45.1626 54.831 83.9967
    endloop
  endfacet
  facet normal 0.582151 0 -0.81308
    outer loop
      vertex -45.1626 61.29 83.9967
      vertex -45.2552 54.831 83.9304
      vertex -45.2552 61.29 83.9304
    endloop
  endfacet
  facet normal -0.471271 0 0.881988
    outer loop
      vertex -43.4265 61.29 80.9895
      vertex -43.326 54.831 81.0432
      vertex -43.326 61.29 81.0432
    endloop
  endfacet
  facet normal -0.471271 0 0.881988
    outer loop
      vertex -43.326 54.831 81.0432
      vertex -43.4265 61.29 80.9895
      vertex -43.4265 54.831 80.9895
    endloop
  endfacet
  facet normal -0.683444 0 -0.730003
    outer loop
      vertex -43.0488 54.831 83.8581
      vertex -42.9657 61.29 83.7803
      vertex -42.9657 54.831 83.7803
    endloop
  endfacet
  facet normal -0.683444 0 -0.730003
    outer loop
      vertex -42.9657 61.29 83.7803
      vertex -43.0488 54.831 83.8581
      vertex -43.0488 61.29 83.8581
    endloop
  endfacet
  facet normal -0.730003 0 0.683444
    outer loop
      vertex -42.9657 54.831 81.3197
      vertex -42.8879 61.29 81.4028
      vertex -42.9657 61.29 81.3197
    endloop
  endfacet
  facet normal -0.730003 0 0.683444
    outer loop
      vertex -42.8879 61.29 81.4028
      vertex -42.9657 54.831 81.3197
      vertex -42.8879 54.831 81.4028
    endloop
  endfacet
  facet normal -0.849083 0 0.52826
    outer loop
      vertex -42.7493 54.831 81.5834
      vertex -42.6892 61.29 81.68
      vertex -42.7493 61.29 81.5834
    endloop
  endfacet
  facet normal -0.849083 0 0.52826
    outer loop
      vertex -42.6892 61.29 81.68
      vertex -42.7493 54.831 81.5834
      vertex -42.6892 54.831 81.68
    endloop
  endfacet
  facet normal 0.973796 -0 0.227424
    outer loop
      vertex -45.9025 54.831 82.2106
      vertex -45.8766 61.29 82.0997
      vertex -45.9025 61.29 82.2106
    endloop
  endfacet
  facet normal 0.973796 0 0.227424
    outer loop
      vertex -45.8766 61.29 82.0997
      vertex -45.9025 54.831 82.2106
      vertex -45.8766 54.831 82.0997
    endloop
  endfacet
  facet normal 0.032496 0 0.999472
    outer loop
      vertex -44.3098 61.29 80.8138
      vertex -44.196 54.831 80.8101
      vertex -44.196 61.29 80.8101
    endloop
  endfacet
  facet normal 0.032496 0 0.999472
    outer loop
      vertex -44.196 54.831 80.8101
      vertex -44.3098 61.29 80.8138
      vertex -44.3098 54.831 80.8138
    endloop
  endfacet
  facet normal -0.973796 0 -0.227424
    outer loop
      vertex -42.4895 54.831 82.8894
      vertex -42.5154 61.29 83.0003
      vertex -42.4895 61.29 82.8894
    endloop
  endfacet
  facet normal -0.973796 -0 -0.227424
    outer loop
      vertex -42.5154 61.29 83.0003
      vertex -42.4895 54.831 82.8894
      vertex -42.5154 54.831 83.0003
    endloop
  endfacet
  facet normal 0.849083 -0 0.52826
    outer loop
      vertex -45.7028 54.831 81.68
      vertex -45.6427 61.29 81.5834
      vertex -45.7028 61.29 81.68
    endloop
  endfacet
  facet normal 0.849083 0 0.52826
    outer loop
      vertex -45.6427 61.29 81.5834
      vertex -45.7028 54.831 81.68
      vertex -45.6427 54.831 81.5834
    endloop
  endfacet
  facet normal 0.935859 -0 0.352375
    outer loop
      vertex -45.8436 54.831 81.9907
      vertex -45.8035 61.29 81.8842
      vertex -45.8436 61.29 81.9907
    endloop
  endfacet
  facet normal 0.935859 0 0.352375
    outer loop
      vertex -45.8035 61.29 81.8842
      vertex -45.8436 54.831 81.9907
      vertex -45.8035 54.831 81.8842
    endloop
  endfacet
  facet normal 0.956937 0.290295 0
    outer loop
      vertex -37.5583 -58.5772 88.9
      vertex -37.8022 -57.7732 1.90735e-07
      vertex -37.8022 -57.7732 88.9
    endloop
  endfacet
  facet normal 0.956937 0.290295 0
    outer loop
      vertex -37.8022 -57.7732 1.90735e-07
      vertex -37.5583 -58.5772 88.9
      vertex -37.5583 -58.5772 1.90735e-07
    endloop
  endfacet
  facet normal -0.881908 0.471422 0
    outer loop
      vertex -14.2805 -60.8699 1.90735e-07
      vertex -13.8844 -60.1289 88.9
      vertex -13.8844 -60.1289 1.90735e-07
    endloop
  endfacet
  facet normal -0.881908 0.471422 0
    outer loop
      vertex -13.8844 -60.1289 88.9
      vertex -14.2805 -60.8699 1.90735e-07
      vertex -14.2805 -60.8699 88.9
    endloop
  endfacet
  facet normal -0.999466 0.0326765 0
    outer loop
      vertex -12.5878 -55.2898 1.90735e-07
      vertex -12.5728 -54.831 88.9
      vertex -12.5728 -54.831 1.90735e-07
    endloop
  endfacet
  facet normal -0.999466 0.0326765 0
    outer loop
      vertex -12.5728 -54.831 88.9
      vertex -12.5878 -55.2898 1.90735e-07
      vertex -12.5878 -55.2898 88.9
    endloop
  endfacet
  facet normal 0.729819 0.68364 0
    outer loop
      vertex -34.479 -63.529 88.9
      vertex -35.0534 -62.9158 1.90735e-07
      vertex -35.0534 -62.9158 88.9
    endloop
  endfacet
  facet normal 0.729819 0.68364 0
    outer loop
      vertex -35.0534 -62.9158 1.90735e-07
      vertex -34.479 -63.529 88.9
      vertex -34.479 -63.529 1.90735e-07
    endloop
  endfacet
  facet normal -0.986637 0.162932 0
    outer loop
      vertex -12.807 -56.9549 1.90735e-07
      vertex -12.6701 -56.1259 88.9
      vertex -12.6701 -56.1259 1.90735e-07
    endloop
  endfacet
  facet normal -0.986637 0.162932 0
    outer loop
      vertex -12.6701 -56.1259 88.9
      vertex -12.807 -56.9549 1.90735e-07
      vertex -12.807 -56.9549 88.9
    endloop
  endfacet
  facet normal 0.812824 0.58251 0
    outer loop
      vertex -35.5864 -62.2663 88.9
      vertex -36.0758 -61.5834 1.90735e-07
      vertex -36.0758 -61.5834 88.9
    endloop
  endfacet
  facet normal 0.812824 0.58251 0
    outer loop
      vertex -36.0758 -61.5834 1.90735e-07
      vertex -35.5864 -62.2663 88.9
      vertex -35.5864 -62.2663 1.90735e-07
    endloop
  endfacet
  facet normal 0.999466 0.0326765 0
    outer loop
      vertex -38.2122 -55.2898 88.9
      vertex -38.2272 -54.831 1.90735e-07
      vertex -38.2272 -54.831 88.9
    endloop
  endfacet
  facet normal 0.999466 0.0326765 0
    outer loop
      vertex -38.2272 -54.831 1.90735e-07
      vertex -38.2122 -55.2898 88.9
      vertex -38.2122 -55.2898 1.90735e-07
    endloop
  endfacet
  facet normal -0.956937 0.290295 0
    outer loop
      vertex -13.2417 -58.5772 1.90735e-07
      vertex -12.9978 -57.7732 88.9
      vertex -12.9978 -57.7732 1.90735e-07
    endloop
  endfacet
  facet normal -0.956937 0.290295 0
    outer loop
      vertex -12.9978 -57.7732 88.9
      vertex -13.2417 -58.5772 1.90735e-07
      vertex -13.2417 -58.5772 88.9
    endloop
  endfacet
  facet normal -0.683694 0.729768 0
    outer loop
      vertex -16.321 -63.529 1.90735e-07
      vertex -16.7835 -63.9623 88.9
      vertex -16.321 -63.529 88.9
    endloop
  endfacet
  facet normal -0.683694 0.729768 0
    outer loop
      vertex -16.7835 -63.9623 88.9
      vertex -16.321 -63.529 1.90735e-07
      vertex -16.7835 -63.9623 1.90735e-07
    endloop
  endfacet
  facet normal 0.935883 0.35231 0
    outer loop
      vertex -37.2623 -59.3635 88.9
      vertex -37.5583 -58.5772 1.90735e-07
      vertex -37.5583 -58.5772 88.9
    endloop
  endfacet
  facet normal 0.935883 0.35231 0
    outer loop
      vertex -37.5583 -58.5772 1.90735e-07
      vertex -37.2623 -59.3635 88.9
      vertex -37.2623 -59.3635 1.90735e-07
    endloop
  endfacet
  facet normal 0.910908 0.41261 0
    outer loop
      vertex -36.9156 -60.1289 88.9
      vertex -37.2623 -59.3635 1.90735e-07
      vertex -37.2623 -59.3635 88.9
    endloop
  endfacet
  facet normal 0.910908 0.41261 0
    outer loop
      vertex -37.2623 -59.3635 1.90735e-07
      vertex -36.9156 -60.1289 88.9
      vertex -36.9156 -60.1289 1.90735e-07
    endloop
  endfacet
  facet normal -0.849193 0.528083 0
    outer loop
      vertex -14.7242 -61.5834 1.90735e-07
      vertex -14.2805 -60.8699 88.9
      vertex -14.2805 -60.8699 1.90735e-07
    endloop
  endfacet
  facet normal -0.849193 0.528083 0
    outer loop
      vertex -14.2805 -60.8699 88.9
      vertex -14.7242 -61.5834 1.90735e-07
      vertex -14.7242 -61.5834 88.9
    endloop
  endfacet
  facet normal 0.683694 0.729768 -0
    outer loop
      vertex -34.0165 -63.9623 1.90735e-07
      vertex -34.479 -63.529 88.9
      vertex -34.0165 -63.9623 88.9
    endloop
  endfacet
  facet normal 0.683694 0.729768 0
    outer loop
      vertex -34.479 -63.529 88.9
      vertex -34.0165 -63.9623 1.90735e-07
      vertex -34.479 -63.529 1.90735e-07
    endloop
  endfacet
  facet normal 0.986637 0.162932 0
    outer loop
      vertex -37.993 -56.9549 88.9
      vertex -38.1299 -56.1259 1.90735e-07
      vertex -38.1299 -56.1259 88.9
    endloop
  endfacet
  facet normal 0.986637 0.162932 0
    outer loop
      vertex -38.1299 -56.1259 1.90735e-07
      vertex -37.993 -56.9549 88.9
      vertex -37.993 -56.9549 1.90735e-07
    endloop
  endfacet
  facet normal -0.99519 0.0979598 0
    outer loop
      vertex -12.6701 -56.1259 1.90735e-07
      vertex -12.5878 -55.2898 88.9
      vertex -12.5878 -55.2898 1.90735e-07
    endloop
  endfacet
  facet normal -0.99519 0.0979598 0
    outer loop
      vertex -12.5878 -55.2898 88.9
      vertex -12.6701 -56.1259 1.90735e-07
      vertex -12.6701 -56.1259 88.9
    endloop
  endfacet
  facet normal -0.729819 0.68364 0
    outer loop
      vertex -16.321 -63.529 1.90735e-07
      vertex -15.7466 -62.9158 88.9
      vertex -15.7466 -62.9158 1.90735e-07
    endloop
  endfacet
  facet normal -0.729819 0.68364 0
    outer loop
      vertex -15.7466 -62.9158 88.9
      vertex -16.321 -63.529 1.90735e-07
      vertex -16.321 -63.529 88.9
    endloop
  endfacet
  facet normal -0.910908 0.41261 0
    outer loop
      vertex -13.8844 -60.1289 1.90735e-07
      vertex -13.5377 -59.3635 88.9
      vertex -13.5377 -59.3635 1.90735e-07
    endloop
  endfacet
  facet normal -0.910908 0.41261 0
    outer loop
      vertex -13.5377 -59.3635 88.9
      vertex -13.8844 -60.1289 1.90735e-07
      vertex -13.8844 -60.1289 88.9
    endloop
  endfacet
  facet normal -0.773028 0.634371 0
    outer loop
      vertex -15.7466 -62.9158 1.90735e-07
      vertex -15.2136 -62.2663 88.9
      vertex -15.2136 -62.2663 1.90735e-07
    endloop
  endfacet
  facet normal -0.773028 0.634371 0
    outer loop
      vertex -15.2136 -62.2663 88.9
      vertex -15.7466 -62.9158 1.90735e-07
      vertex -15.7466 -62.9158 88.9
    endloop
  endfacet
  facet normal 0.773028 0.634371 0
    outer loop
      vertex -35.0534 -62.9158 88.9
      vertex -35.5864 -62.2663 1.90735e-07
      vertex -35.5864 -62.2663 88.9
    endloop
  endfacet
  facet normal 0.773028 0.634371 0
    outer loop
      vertex -35.5864 -62.2663 1.90735e-07
      vertex -35.0534 -62.9158 88.9
      vertex -35.0534 -62.9158 1.90735e-07
    endloop
  endfacet
  facet normal 0.99519 0.0979598 0
    outer loop
      vertex -38.1299 -56.1259 88.9
      vertex -38.2122 -55.2898 1.90735e-07
      vertex -38.2122 -55.2898 88.9
    endloop
  endfacet
  facet normal 0.99519 0.0979598 0
    outer loop
      vertex -38.2122 -55.2898 1.90735e-07
      vertex -38.1299 -56.1259 88.9
      vertex -38.1299 -56.1259 1.90735e-07
    endloop
  endfacet
  facet normal -0.973877 0.227075 0
    outer loop
      vertex -12.9978 -57.7732 1.90735e-07
      vertex -12.807 -56.9549 88.9
      vertex -12.807 -56.9549 1.90735e-07
    endloop
  endfacet
  facet normal -0.973877 0.227075 0
    outer loop
      vertex -12.807 -56.9549 88.9
      vertex -12.9978 -57.7732 1.90735e-07
      vertex -12.9978 -57.7732 88.9
    endloop
  endfacet
  facet normal 0.973877 0.227075 0
    outer loop
      vertex -37.8022 -57.7732 88.9
      vertex -37.993 -56.9549 1.90735e-07
      vertex -37.993 -56.9549 88.9
    endloop
  endfacet
  facet normal 0.973877 0.227075 0
    outer loop
      vertex -37.993 -56.9549 1.90735e-07
      vertex -37.8022 -57.7732 88.9
      vertex -37.8022 -57.7732 1.90735e-07
    endloop
  endfacet
  facet normal -0.812824 0.58251 0
    outer loop
      vertex -15.2136 -62.2663 1.90735e-07
      vertex -14.7242 -61.5834 88.9
      vertex -14.7242 -61.5834 1.90735e-07
    endloop
  endfacet
  facet normal -0.812824 0.58251 0
    outer loop
      vertex -14.7242 -61.5834 88.9
      vertex -15.2136 -62.2663 1.90735e-07
      vertex -15.2136 -62.2663 88.9
    endloop
  endfacet
  facet normal 0.849193 0.528083 0
    outer loop
      vertex -36.0758 -61.5834 88.9
      vertex -36.5195 -60.8699 1.90735e-07
      vertex -36.5195 -60.8699 88.9
    endloop
  endfacet
  facet normal 0.849193 0.528083 0
    outer loop
      vertex -36.5195 -60.8699 1.90735e-07
      vertex -36.0758 -61.5834 88.9
      vertex -36.0758 -61.5834 1.90735e-07
    endloop
  endfacet
  facet normal -0.935883 0.35231 0
    outer loop
      vertex -13.5377 -59.3635 1.90735e-07
      vertex -13.2417 -58.5772 88.9
      vertex -13.2417 -58.5772 1.90735e-07
    endloop
  endfacet
  facet normal -0.935883 0.35231 0
    outer loop
      vertex -13.2417 -58.5772 88.9
      vertex -13.5377 -59.3635 1.90735e-07
      vertex -13.5377 -59.3635 88.9
    endloop
  endfacet
  facet normal 0.881908 0.471422 0
    outer loop
      vertex -36.5195 -60.8699 88.9
      vertex -36.9156 -60.1289 1.90735e-07
      vertex -36.9156 -60.1289 88.9
    endloop
  endfacet
  facet normal 0.881908 0.471422 0
    outer loop
      vertex -36.9156 -60.1289 1.90735e-07
      vertex -36.5195 -60.8699 88.9
      vertex -36.5195 -60.8699 1.90735e-07
    endloop
  endfacet
  facet normal 0 1 -0
    outer loop
      vertex -16.7835 -63.9623 1.90735e-07
      vertex -34.0165 -63.9623 88.9
      vertex -16.7835 -63.9623 88.9
    endloop
  endfacet
  facet normal 0 1 0
    outer loop
      vertex -34.0165 -63.9623 88.9
      vertex -16.7835 -63.9623 1.90735e-07
      vertex -34.0165 -63.9623 1.90735e-07
    endloop
  endfacet
  facet normal 0 0 1
    outer loop
      vertex -53.467 -54.831 7.62
      vertex -53.6928 -54.831 7.62
      vertex -53.467 -90.1642 7.62
    endloop
  endfacet
  facet normal 0 0 1
    outer loop
      vertex -5.842 -78.8557 7.62
      vertex -5.61623 -54.831 7.62
      vertex -5.842 -54.831 7.62
    endloop
  endfacet
  facet normal 0 0 1
    outer loop
      vertex -5.61623 -54.831 7.62
      vertex -5.842 -78.8557 7.62
      vertex -5.61623 -79.029 7.62
    endloop
  endfacet
  facet normal 0 0 1
    outer loop
      vertex -25.4 -84.3301 7.62
      vertex -5.842 -78.8557 7.62
      vertex -25.4 -84.0963 7.62
    endloop
  endfacet
  facet normal 0 0 1
    outer loop
      vertex -5.842 -78.8557 7.62
      vertex -25.4 -84.3301 7.62
      vertex -5.61623 -79.029 7.62
    endloop
  endfacet
  facet normal 0 0 1
    outer loop
      vertex -25.4 -84.0963 7.62
      vertex -52.2252 -77.1423 7.62
      vertex -25.4 -84.3301 7.62
    endloop
  endfacet
  facet normal 0 0 1
    outer loop
      vertex -52.451 -76.848 7.62
      vertex -52.2252 -77.1423 7.62
      vertex -25.4 -84.0963 7.62
    endloop
  endfacet
  facet normal 0 0 1
    outer loop
      vertex -52.451 -90.1642 7.62
      vertex -52.2252 -77.1423 7.62
      vertex -52.451 -76.848 7.62
    endloop
  endfacet
  facet normal 0 0 1
    outer loop
      vertex -52.2252 -77.1423 7.62
      vertex -52.451 -90.1642 7.62
      vertex -52.2252 -90.3899 7.62
    endloop
  endfacet
  facet normal -0 0 1
    outer loop
      vertex -53.467 -90.1642 7.62
      vertex -52.2252 -90.3899 7.62
      vertex -52.451 -90.1642 7.62
    endloop
  endfacet
  facet normal 0 0 1
    outer loop
      vertex -53.467 -90.1642 7.62
      vertex -53.6928 -90.3899 7.62
      vertex -52.2252 -90.3899 7.62
    endloop
  endfacet
  facet normal 0 0 1
    outer loop
      vertex -53.6928 -90.3899 7.62
      vertex -53.467 -90.1642 7.62
      vertex -53.6928 -54.831 7.62
    endloop
  endfacet
  facet normal 0 0 -1
    outer loop
      vertex -52.2252 -90.3899 10.16
      vertex -52.451 -90.1642 10.16
      vertex -52.2252 -77.1423 10.16
    endloop
  endfacet
  facet normal 0 0 -1
    outer loop
      vertex -52.2252 -90.3899 10.16
      vertex -53.467 -90.1642 10.16
      vertex -52.451 -90.1642 10.16
    endloop
  endfacet
  facet normal 0 0 -1
    outer loop
      vertex -53.6928 -90.3899 10.16
      vertex -53.467 -90.1642 10.16
      vertex -52.2252 -90.3899 10.16
    endloop
  endfacet
  facet normal 0 0 -1
    outer loop
      vertex -53.6928 -54.831 10.16
      vertex -53.467 -90.1642 10.16
      vertex -53.6928 -90.3899 10.16
    endloop
  endfacet
  facet normal 0 0 -1
    outer loop
      vertex -53.467 -90.1642 10.16
      vertex -53.6928 -54.831 10.16
      vertex -53.467 -54.831 10.16
    endloop
  endfacet
  facet normal 0 0 -1
    outer loop
      vertex -5.61623 -79.029 10.16
      vertex -5.842 -78.8557 10.16
      vertex -5.61623 -54.831 10.16
    endloop
  endfacet
  facet normal 0 0 -1
    outer loop
      vertex -25.4 -84.3301 10.16
      vertex -5.842 -78.8557 10.16
      vertex -5.61623 -79.029 10.16
    endloop
  endfacet
  facet normal 0 0 -1
    outer loop
      vertex -25.4 -84.3301 10.16
      vertex -25.4 -84.0963 10.16
      vertex -5.842 -78.8557 10.16
    endloop
  endfacet
  facet normal 0 0 -1
    outer loop
      vertex -52.2252 -77.1423 10.16
      vertex -25.4 -84.0963 10.16
      vertex -25.4 -84.3301 10.16
    endloop
  endfacet
  facet normal 0 0 -1
    outer loop
      vertex -52.2252 -77.1423 10.16
      vertex -52.451 -76.848 10.16
      vertex -25.4 -84.0963 10.16
    endloop
  endfacet
  facet normal 0 0 -1
    outer loop
      vertex -52.451 -76.848 10.16
      vertex -52.2252 -77.1423 10.16
      vertex -52.451 -90.1642 10.16
    endloop
  endfacet
  facet normal -0 0 -1
    outer loop
      vertex -5.61623 -54.831 10.16
      vertex -5.842 -78.8557 10.16
      vertex -5.842 -54.831 10.16
    endloop
  endfacet
  facet normal 0.258821 -0.965925 0
    outer loop
      vertex -25.4 -84.0963 7.62
      vertex -5.842 -78.8557 10.16
      vertex -25.4 -84.0963 10.16
    endloop
  endfacet
  facet normal 0.258821 -0.965925 0
    outer loop
      vertex -5.842 -78.8557 10.16
      vertex -25.4 -84.0963 7.62
      vertex -5.842 -78.8557 7.62
    endloop
  endfacet
  facet normal -0.258819 -0.965926 0
    outer loop
      vertex -52.451 -76.848 7.62
      vertex -25.4 -84.0963 10.16
      vertex -52.451 -76.848 10.16
    endloop
  endfacet
  facet normal -0.258819 -0.965926 -0
    outer loop
      vertex -25.4 -84.0963 10.16
      vertex -52.451 -76.848 7.62
      vertex -25.4 -84.0963 7.62
    endloop
  endfacet
  facet normal 1 -0 0
    outer loop
      vertex -52.451 -90.1642 10.16
      vertex -52.451 -76.848 7.62
      vertex -52.451 -76.848 10.16
    endloop
  endfacet
  facet normal 1 0 0
    outer loop
      vertex -52.451 -76.848 7.62
      vertex -52.451 -90.1642 10.16
      vertex -52.451 -90.1642 7.62
    endloop
  endfacet
  facet normal 0 -1 0
    outer loop
      vertex -53.467 -90.1642 7.62
      vertex -52.451 -90.1642 10.16
      vertex -53.467 -90.1642 10.16
    endloop
  endfacet
  facet normal 0 -1 -0
    outer loop
      vertex -52.451 -90.1642 10.16
      vertex -53.467 -90.1642 7.62
      vertex -52.451 -90.1642 7.62
    endloop
  endfacet
  facet normal -1 0 0
    outer loop
      vertex -53.467 -90.1642 7.62
      vertex -53.467 -54.831 10.16
      vertex -53.467 -54.831 7.62
    endloop
  endfacet
  facet normal -1 -0 0
    outer loop
      vertex -53.467 -54.831 10.16
      vertex -53.467 -90.1642 7.62
      vertex -53.467 -90.1642 10.16
    endloop
  endfacet
  facet normal 1 -0 0
    outer loop
      vertex -5.842 -78.8557 10.16
      vertex -5.842 -54.831 7.62
      vertex -5.842 -54.831 10.16
    endloop
  endfacet
  facet normal 1 0 0
    outer loop
      vertex -5.842 -54.831 7.62
      vertex -5.842 -78.8557 10.16
      vertex -5.842 -78.8557 7.62
    endloop
  endfacet
  facet normal 0 0 1
    outer loop
      vertex -53.6928 -54.831 7.39422
      vertex -53.9185 -54.831 7.39422
      vertex -53.6928 -90.3899 7.39422
    endloop
  endfacet
  facet normal 0 0 1
    outer loop
      vertex -5.61623 -79.029 7.39422
      vertex -5.39044 -54.831 7.39422
      vertex -5.61623 -54.831 7.39422
    endloop
  endfacet
  facet normal 0 0 1
    outer loop
      vertex -5.39044 -54.831 7.39422
      vertex -5.61623 -79.029 7.39422
      vertex -5.39044 -79.2022 7.39422
    endloop
  endfacet
  facet normal 0 0 1
    outer loop
      vertex -25.4 -84.5638 7.39422
      vertex -5.61623 -79.029 7.39422
      vertex -25.4 -84.3301 7.39422
    endloop
  endfacet
  facet normal 0 0 1
    outer loop
      vertex -5.61623 -79.029 7.39422
      vertex -25.4 -84.5638 7.39422
      vertex -5.39044 -79.2022 7.39422
    endloop
  endfacet
  facet normal 0 0 1
    outer loop
      vertex -25.4 -84.3301 7.39422
      vertex -51.9994 -77.4365 7.39422
      vertex -25.4 -84.5638 7.39422
    endloop
  endfacet
  facet normal 0 0 1
    outer loop
      vertex -52.2252 -77.1423 7.39422
      vertex -51.9994 -77.4365 7.39422
      vertex -25.4 -84.3301 7.39422
    endloop
  endfacet
  facet normal 0 0 1
    outer loop
      vertex -52.2252 -90.3899 7.39422
      vertex -51.9994 -77.4365 7.39422
      vertex -52.2252 -77.1423 7.39422
    endloop
  endfacet
  facet normal 0 0 1
    outer loop
      vertex -51.9994 -77.4365 7.39422
      vertex -52.2252 -90.3899 7.39422
      vertex -51.9994 -90.6157 7.39422
    endloop
  endfacet
  facet normal -0 0 1
    outer loop
      vertex -53.6928 -90.3899 7.39422
      vertex -51.9994 -90.6157 7.39422
      vertex -52.2252 -90.3899 7.39422
    endloop
  endfacet
  facet normal 0 0 1
    outer loop
      vertex -53.6928 -90.3899 7.39422
      vertex -53.9185 -90.6157 7.39422
      vertex -51.9994 -90.6157 7.39422
    endloop
  endfacet
  facet normal 0 0 1
    outer loop
      vertex -53.9185 -90.6157 7.39422
      vertex -53.6928 -90.3899 7.39422
      vertex -53.9185 -54.831 7.39422
    endloop
  endfacet
  facet normal 0 0 -1
    outer loop
      vertex -51.9994 -90.6157 10.3858
      vertex -52.2252 -90.3899 10.3858
      vertex -51.9994 -77.4365 10.3858
    endloop
  endfacet
  facet normal 0 0 -1
    outer loop
      vertex -51.9994 -90.6157 10.3858
      vertex -53.6928 -90.3899 10.3858
      vertex -52.2252 -90.3899 10.3858
    endloop
  endfacet
  facet normal 0 0 -1
    outer loop
      vertex -53.9185 -90.6157 10.3858
      vertex -53.6928 -90.3899 10.3858
      vertex -51.9994 -90.6157 10.3858
    endloop
  endfacet
  facet normal 0 0 -1
    outer loop
      vertex -53.9185 -54.831 10.3858
      vertex -53.6928 -90.3899 10.3858
      vertex -53.9185 -90.6157 10.3858
    endloop
  endfacet
  facet normal 0 0 -1
    outer loop
      vertex -53.6928 -90.3899 10.3858
      vertex -53.9185 -54.831 10.3858
      vertex -53.6928 -54.831 10.3858
    endloop
  endfacet
  facet normal 0 0 -1
    outer loop
      vertex -5.39044 -79.2022 10.3858
      vertex -5.61623 -79.029 10.3858
      vertex -5.39044 -54.831 10.3858
    endloop
  endfacet
  facet normal 0 0 -1
    outer loop
      vertex -25.4 -84.5638 10.3858
      vertex -5.61623 -79.029 10.3858
      vertex -5.39044 -79.2022 10.3858
    endloop
  endfacet
  facet normal 0 0 -1
    outer loop
      vertex -25.4 -84.5638 10.3858
      vertex -25.4 -84.3301 10.3858
      vertex -5.61623 -79.029 10.3858
    endloop
  endfacet
  facet normal 0 0 -1
    outer loop
      vertex -51.9994 -77.4365 10.3858
      vertex -25.4 -84.3301 10.3858
      vertex -25.4 -84.5638 10.3858
    endloop
  endfacet
  facet normal 0 0 -1
    outer loop
      vertex -51.9994 -77.4365 10.3858
      vertex -52.2252 -77.1423 10.3858
      vertex -25.4 -84.3301 10.3858
    endloop
  endfacet
  facet normal 0 0 -1
    outer loop
      vertex -52.2252 -77.1423 10.3858
      vertex -51.9994 -77.4365 10.3858
      vertex -52.2252 -90.3899 10.3858
    endloop
  endfacet
  facet normal -0 0 -1
    outer loop
      vertex -5.39044 -54.831 10.3858
      vertex -5.61623 -79.029 10.3858
      vertex -5.61623 -54.831 10.3858
    endloop
  endfacet
  facet normal 0.258822 -0.965925 0
    outer loop
      vertex -25.4 -84.3301 7.39422
      vertex -5.61623 -79.029 7.62
      vertex -25.4 -84.3301 7.62
    endloop
  endfacet
  facet normal 0.258822 -0.965925 0
    outer loop
      vertex -5.61623 -79.029 7.62
      vertex -25.4 -84.3301 7.39422
      vertex -5.61623 -79.029 7.39422
    endloop
  endfacet
  facet normal 0.258822 -0.965925 0
    outer loop
      vertex -25.4 -84.3301 10.16
      vertex -5.61623 -79.029 10.3858
      vertex -25.4 -84.3301 10.3858
    endloop
  endfacet
  facet normal 0.258822 -0.965925 0
    outer loop
      vertex -5.61623 -79.029 10.3858
      vertex -25.4 -84.3301 10.16
      vertex -5.61623 -79.029 10.16
    endloop
  endfacet
  facet normal -0.258819 -0.965926 0
    outer loop
      vertex -52.2252 -77.1423 7.39422
      vertex -25.4 -84.3301 7.62
      vertex -52.2252 -77.1423 7.62
    endloop
  endfacet
  facet normal -0.258819 -0.965926 -0
    outer loop
      vertex -25.4 -84.3301 7.62
      vertex -52.2252 -77.1423 7.39422
      vertex -25.4 -84.3301 7.39422
    endloop
  endfacet
  facet normal -0.258819 -0.965926 0
    outer loop
      vertex -52.2252 -77.1423 10.16
      vertex -25.4 -84.3301 10.3858
      vertex -52.2252 -77.1423 10.3858
    endloop
  endfacet
  facet normal -0.258819 -0.965926 -0
    outer loop
      vertex -25.4 -84.3301 10.3858
      vertex -52.2252 -77.1423 10.16
      vertex -25.4 -84.3301 10.16
    endloop
  endfacet
  facet normal 1 -0 0
    outer loop
      vertex -52.2252 -90.3899 7.62
      vertex -52.2252 -77.1423 7.39422
      vertex -52.2252 -77.1423 7.62
    endloop
  endfacet
  facet normal 1 0 0
    outer loop
      vertex -52.2252 -77.1423 7.39422
      vertex -52.2252 -90.3899 7.62
      vertex -52.2252 -90.3899 7.39422
    endloop
  endfacet
  facet normal 1 -0 0
    outer loop
      vertex -52.2252 -90.3899 10.3858
      vertex -52.2252 -77.1423 10.16
      vertex -52.2252 -77.1423 10.3858
    endloop
  endfacet
  facet normal 1 0 0
    outer loop
      vertex -52.2252 -77.1423 10.16
      vertex -52.2252 -90.3899 10.3858
      vertex -52.2252 -90.3899 10.16
    endloop
  endfacet
  facet normal 0 -1 0
    outer loop
      vertex -53.6928 -90.3899 7.39422
      vertex -52.2252 -90.3899 7.62
      vertex -53.6928 -90.3899 7.62
    endloop
  endfacet
  facet normal 0 -1 -0
    outer loop
      vertex -52.2252 -90.3899 7.62
      vertex -53.6928 -90.3899 7.39422
      vertex -52.2252 -90.3899 7.39422
    endloop
  endfacet
  facet normal 0 -1 0
    outer loop
      vertex -53.6928 -90.3899 10.16
      vertex -52.2252 -90.3899 10.3858
      vertex -53.6928 -90.3899 10.3858
    endloop
  endfacet
  facet normal 0 -1 -0
    outer loop
      vertex -52.2252 -90.3899 10.3858
      vertex -53.6928 -90.3899 10.16
      vertex -52.2252 -90.3899 10.16
    endloop
  endfacet
  facet normal -1 0 0
    outer loop
      vertex -53.6928 -90.3899 7.39422
      vertex -53.6928 -54.831 7.62
      vertex -53.6928 -54.831 7.39422
    endloop
  endfacet
  facet normal -1 -0 0
    outer loop
      vertex -53.6928 -54.831 7.62
      vertex -53.6928 -90.3899 7.39422
      vertex -53.6928 -90.3899 7.62
    endloop
  endfacet
  facet normal -1 0 0
    outer loop
      vertex -53.6928 -90.3899 10.16
      vertex -53.6928 -54.831 10.3858
      vertex -53.6928 -54.831 10.16
    endloop
  endfacet
  facet normal -1 -0 0
    outer loop
      vertex -53.6928 -54.831 10.3858
      vertex -53.6928 -90.3899 10.16
      vertex -53.6928 -90.3899 10.3858
    endloop
  endfacet
  facet normal 1 -0 0
    outer loop
      vertex -5.61623 -79.029 7.62
      vertex -5.61623 -54.831 7.39422
      vertex -5.61623 -54.831 7.62
    endloop
  endfacet
  facet normal 1 0 0
    outer loop
      vertex -5.61623 -54.831 7.39422
      vertex -5.61623 -79.029 7.62
      vertex -5.61623 -79.029 7.39422
    endloop
  endfacet
  facet normal 1 -0 0
    outer loop
      vertex -5.61623 -79.029 10.3858
      vertex -5.61623 -54.831 10.16
      vertex -5.61623 -54.831 10.3858
    endloop
  endfacet
  facet normal 1 0 0
    outer loop
      vertex -5.61623 -54.831 10.16
      vertex -5.61623 -79.029 10.3858
      vertex -5.61623 -79.029 10.16
    endloop
  endfacet
  facet normal 0 0 1
    outer loop
      vertex -53.9185 -54.831 7.16844
      vertex -54.1443 -54.831 7.16844
      vertex -53.9185 -90.6157 7.16844
    endloop
  endfacet
  facet normal 0 0 1
    outer loop
      vertex -5.39044 -79.2022 7.16844
      vertex -5.16466 -54.831 7.16844
      vertex -5.39044 -54.831 7.16844
    endloop
  endfacet
  facet normal 0 0 1
    outer loop
      vertex -5.16466 -54.831 7.16844
      vertex -5.39044 -79.2022 7.16844
      vertex -5.16466 -79.3755 7.16844
    endloop
  endfacet
  facet normal 0 0 1
    outer loop
      vertex -25.4 -84.7975 7.16844
      vertex -5.39044 -79.2022 7.16844
      vertex -25.4 -84.5638 7.16844
    endloop
  endfacet
  facet normal 0 0 1
    outer loop
      vertex -5.39044 -79.2022 7.16844
      vertex -25.4 -84.7975 7.16844
      vertex -5.16466 -79.3755 7.16844
    endloop
  endfacet
  facet normal 0 0 1
    outer loop
      vertex -25.4 -84.5638 7.16844
      vertex -51.7737 -77.7307 7.16844
      vertex -25.4 -84.7975 7.16844
    endloop
  endfacet
  facet normal 0 0 1
    outer loop
      vertex -51.9994 -77.4365 7.16844
      vertex -51.7737 -77.7307 7.16844
      vertex -25.4 -84.5638 7.16844
    endloop
  endfacet
  facet normal 0 0 1
    outer loop
      vertex -51.9994 -90.6157 7.16844
      vertex -51.7737 -77.7307 7.16844
      vertex -51.9994 -77.4365 7.16844
    endloop
  endfacet
  facet normal 0 0 1
    outer loop
      vertex -51.7737 -77.7307 7.16844
      vertex -51.9994 -90.6157 7.16844
      vertex -51.7737 -90.8415 7.16844
    endloop
  endfacet
  facet normal -0 0 1
    outer loop
      vertex -53.9185 -90.6157 7.16844
      vertex -51.7737 -90.8415 7.16844
      vertex -51.9994 -90.6157 7.16844
    endloop
  endfacet
  facet normal 0 0 1
    outer loop
      vertex -53.9185 -90.6157 7.16844
      vertex -54.1443 -90.8415 7.16844
      vertex -51.7737 -90.8415 7.16844
    endloop
  endfacet
  facet normal 0 0 1
    outer loop
      vertex -54.1443 -90.8415 7.16844
      vertex -53.9185 -90.6157 7.16844
      vertex -54.1443 -54.831 7.16844
    endloop
  endfacet
  facet normal 0 0 -1
    outer loop
      vertex -51.7737 -90.8415 10.6116
      vertex -51.9994 -90.6157 10.6116
      vertex -51.7737 -77.7307 10.6116
    endloop
  endfacet
  facet normal 0 0 -1
    outer loop
      vertex -51.7737 -90.8415 10.6116
      vertex -53.9185 -90.6157 10.6116
      vertex -51.9994 -90.6157 10.6116
    endloop
  endfacet
  facet normal 0 0 -1
    outer loop
      vertex -54.1443 -90.8415 10.6116
      vertex -53.9185 -90.6157 10.6116
      vertex -51.7737 -90.8415 10.6116
    endloop
  endfacet
  facet normal 0 0 -1
    outer loop
      vertex -54.1443 -54.831 10.6116
      vertex -53.9185 -90.6157 10.6116
      vertex -54.1443 -90.8415 10.6116
    endloop
  endfacet
  facet normal 0 0 -1
    outer loop
      vertex -53.9185 -90.6157 10.6116
      vertex -54.1443 -54.831 10.6116
      vertex -53.9185 -54.831 10.6116
    endloop
  endfacet
  facet normal 0 0 -1
    outer loop
      vertex -5.16466 -79.3755 10.6116
      vertex -5.39044 -79.2022 10.6116
      vertex -5.16466 -54.831 10.6116
    endloop
  endfacet
  facet normal 0 0 -1
    outer loop
      vertex -25.4 -84.7975 10.6116
      vertex -5.39044 -79.2022 10.6116
      vertex -5.16466 -79.3755 10.6116
    endloop
  endfacet
  facet normal 0 0 -1
    outer loop
      vertex -25.4 -84.7975 10.6116
      vertex -25.4 -84.5638 10.6116
      vertex -5.39044 -79.2022 10.6116
    endloop
  endfacet
  facet normal 0 0 -1
    outer loop
      vertex -51.7737 -77.7307 10.6116
      vertex -25.4 -84.5638 10.6116
      vertex -25.4 -84.7975 10.6116
    endloop
  endfacet
  facet normal 0 0 -1
    outer loop
      vertex -51.7737 -77.7307 10.6116
      vertex -51.9994 -77.4365 10.6116
      vertex -25.4 -84.5638 10.6116
    endloop
  endfacet
  facet normal 0 0 -1
    outer loop
      vertex -51.9994 -77.4365 10.6116
      vertex -51.7737 -77.7307 10.6116
      vertex -51.9994 -90.6157 10.6116
    endloop
  endfacet
  facet normal -0 0 -1
    outer loop
      vertex -5.16466 -54.831 10.6116
      vertex -5.39044 -79.2022 10.6116
      vertex -5.39044 -54.831 10.6116
    endloop
  endfacet
  facet normal 0.258822 -0.965925 0
    outer loop
      vertex -25.4 -84.5638 7.16844
      vertex -5.39044 -79.2022 7.39422
      vertex -25.4 -84.5638 7.39422
    endloop
  endfacet
  facet normal 0.258822 -0.965925 0
    outer loop
      vertex -5.39044 -79.2022 7.39422
      vertex -25.4 -84.5638 7.16844
      vertex -5.39044 -79.2022 7.16844
    endloop
  endfacet
  facet normal 0.258822 -0.965925 0
    outer loop
      vertex -25.4 -84.5638 10.3858
      vertex -5.39044 -79.2022 10.6116
      vertex -25.4 -84.5638 10.6116
    endloop
  endfacet
  facet normal 0.258822 -0.965925 0
    outer loop
      vertex -5.39044 -79.2022 10.6116
      vertex -25.4 -84.5638 10.3858
      vertex -5.39044 -79.2022 10.3858
    endloop
  endfacet
  facet normal -0.258819 -0.965926 0
    outer loop
      vertex -51.9994 -77.4365 7.16844
      vertex -25.4 -84.5638 7.39422
      vertex -51.9994 -77.4365 7.39422
    endloop
  endfacet
  facet normal -0.258819 -0.965926 -0
    outer loop
      vertex -25.4 -84.5638 7.39422
      vertex -51.9994 -77.4365 7.16844
      vertex -25.4 -84.5638 7.16844
    endloop
  endfacet
  facet normal -0.258819 -0.965926 0
    outer loop
      vertex -51.9994 -77.4365 10.3858
      vertex -25.4 -84.5638 10.6116
      vertex -51.9994 -77.4365 10.6116
    endloop
  endfacet
  facet normal -0.258819 -0.965926 -0
    outer loop
      vertex -25.4 -84.5638 10.6116
      vertex -51.9994 -77.4365 10.3858
      vertex -25.4 -84.5638 10.3858
    endloop
  endfacet
  facet normal 1 -0 0
    outer loop
      vertex -51.9994 -90.6157 7.39422
      vertex -51.9994 -77.4365 7.16844
      vertex -51.9994 -77.4365 7.39422
    endloop
  endfacet
  facet normal 1 0 0
    outer loop
      vertex -51.9994 -77.4365 7.16844
      vertex -51.9994 -90.6157 7.39422
      vertex -51.9994 -90.6157 7.16844
    endloop
  endfacet
  facet normal 1 -0 0
    outer loop
      vertex -51.9994 -90.6157 10.6116
      vertex -51.9994 -77.4365 10.3858
      vertex -51.9994 -77.4365 10.6116
    endloop
  endfacet
  facet normal 1 0 0
    outer loop
      vertex -51.9994 -77.4365 10.3858
      vertex -51.9994 -90.6157 10.6116
      vertex -51.9994 -90.6157 10.3858
    endloop
  endfacet
  facet normal 0 -1 0
    outer loop
      vertex -53.9185 -90.6157 7.16844
      vertex -51.9994 -90.6157 7.39422
      vertex -53.9185 -90.6157 7.39422
    endloop
  endfacet
  facet normal 0 -1 -0
    outer loop
      vertex -51.9994 -90.6157 7.39422
      vertex -53.9185 -90.6157 7.16844
      vertex -51.9994 -90.6157 7.16844
    endloop
  endfacet
  facet normal 0 -1 0
    outer loop
      vertex -53.9185 -90.6157 10.3858
      vertex -51.9994 -90.6157 10.6116
      vertex -53.9185 -90.6157 10.6116
    endloop
  endfacet
  facet normal 0 -1 -0
    outer loop
      vertex -51.9994 -90.6157 10.6116
      vertex -53.9185 -90.6157 10.3858
      vertex -51.9994 -90.6157 10.3858
    endloop
  endfacet
  facet normal -1 0 0
    outer loop
      vertex -53.9185 -90.6157 7.16844
      vertex -53.9185 -54.831 7.39422
      vertex -53.9185 -54.831 7.16844
    endloop
  endfacet
  facet normal -1 -0 0
    outer loop
      vertex -53.9185 -54.831 7.39422
      vertex -53.9185 -90.6157 7.16844
      vertex -53.9185 -90.6157 7.39422
    endloop
  endfacet
  facet normal -1 0 0
    outer loop
      vertex -53.9185 -90.6157 10.3858
      vertex -53.9185 -54.831 10.6116
      vertex -53.9185 -54.831 10.3858
    endloop
  endfacet
  facet normal -1 -0 0
    outer loop
      vertex -53.9185 -54.831 10.6116
      vertex -53.9185 -90.6157 10.3858
      vertex -53.9185 -90.6157 10.6116
    endloop
  endfacet
  facet normal 1 -0 0
    outer loop
      vertex -5.39044 -79.2022 7.39422
      vertex -5.39044 -54.831 7.16844
      vertex -5.39044 -54.831 7.39422
    endloop
  endfacet
  facet normal 1 0 0
    outer loop
      vertex -5.39044 -54.831 7.16844
      vertex -5.39044 -79.2022 7.39422
      vertex -5.39044 -79.2022 7.16844
    endloop
  endfacet
  facet normal 1 -0 0
    outer loop
      vertex -5.39044 -79.2022 10.6116
      vertex -5.39044 -54.831 10.3858
      vertex -5.39044 -54.831 10.6116
    endloop
  endfacet
  facet normal 1 0 0
    outer loop
      vertex -5.39044 -54.831 10.3858
      vertex -5.39044 -79.2022 10.6116
      vertex -5.39044 -79.2022 10.3858
    endloop
  endfacet
  facet normal 0 0 1
    outer loop
      vertex -54.1443 -54.831 6.94267
      vertex -54.3701 -54.831 6.94267
      vertex -54.1443 -90.8415 6.94267
    endloop
  endfacet
  facet normal 0 0 1
    outer loop
      vertex -5.16466 -79.3755 6.94267
      vertex -4.93889 -54.831 6.94267
      vertex -5.16466 -54.831 6.94267
    endloop
  endfacet
  facet normal 0 0 1
    outer loop
      vertex -4.93889 -54.831 6.94267
      vertex -5.16466 -79.3755 6.94267
      vertex -4.93889 -79.5487 6.94267
    endloop
  endfacet
  facet normal 0 0 1
    outer loop
      vertex -25.4 -85.0313 6.94267
      vertex -5.16466 -79.3755 6.94267
      vertex -25.4 -84.7975 6.94267
    endloop
  endfacet
  facet normal 0 0 1
    outer loop
      vertex -5.16466 -79.3755 6.94267
      vertex -25.4 -85.0313 6.94267
      vertex -4.93889 -79.5487 6.94267
    endloop
  endfacet
  facet normal 0 0 1
    outer loop
      vertex -25.4 -84.7975 6.94267
      vertex -51.5479 -78.025 6.94267
      vertex -25.4 -85.0313 6.94267
    endloop
  endfacet
  facet normal 0 0 1
    outer loop
      vertex -51.7737 -77.7307 6.94267
      vertex -51.5479 -78.025 6.94267
      vertex -25.4 -84.7975 6.94267
    endloop
  endfacet
  facet normal 0 0 1
    outer loop
      vertex -51.7737 -90.8415 6.94267
      vertex -51.5479 -78.025 6.94267
      vertex -51.7737 -77.7307 6.94267
    endloop
  endfacet
  facet normal 0 0 1
    outer loop
      vertex -51.5479 -78.025 6.94267
      vertex -51.7737 -90.8415 6.94267
      vertex -51.5479 -91.0673 6.94267
    endloop
  endfacet
  facet normal -0 0 1
    outer loop
      vertex -54.1443 -90.8415 6.94267
      vertex -51.5479 -91.0673 6.94267
      vertex -51.7737 -90.8415 6.94267
    endloop
  endfacet
  facet normal 0 0 1
    outer loop
      vertex -54.1443 -90.8415 6.94267
      vertex -54.3701 -91.0673 6.94267
      vertex -51.5479 -91.0673 6.94267
    endloop
  endfacet
  facet normal 0 0 1
    outer loop
      vertex -54.3701 -91.0673 6.94267
      vertex -54.1443 -90.8415 6.94267
      vertex -54.3701 -54.831 6.94267
    endloop
  endfacet
  facet normal 0 0 -1
    outer loop
      vertex -51.5479 -91.0673 10.8373
      vertex -51.7737 -90.8415 10.8373
      vertex -51.5479 -78.025 10.8373
    endloop
  endfacet
  facet normal 0 0 -1
    outer loop
      vertex -51.5479 -91.0673 10.8373
      vertex -54.1443 -90.8415 10.8373
      vertex -51.7737 -90.8415 10.8373
    endloop
  endfacet
  facet normal 0 0 -1
    outer loop
      vertex -54.3701 -91.0673 10.8373
      vertex -54.1443 -90.8415 10.8373
      vertex -51.5479 -91.0673 10.8373
    endloop
  endfacet
  facet normal 0 0 -1
    outer loop
      vertex -54.3701 -54.831 10.8373
      vertex -54.1443 -90.8415 10.8373
      vertex -54.3701 -91.0673 10.8373
    endloop
  endfacet
  facet normal 0 0 -1
    outer loop
      vertex -54.1443 -90.8415 10.8373
      vertex -54.3701 -54.831 10.8373
      vertex -54.1443 -54.831 10.8373
    endloop
  endfacet
  facet normal 0 0 -1
    outer loop
      vertex -4.93889 -79.5487 10.8373
      vertex -5.16466 -79.3755 10.8373
      vertex -4.93889 -54.831 10.8373
    endloop
  endfacet
  facet normal 0 0 -1
    outer loop
      vertex -25.4 -85.0313 10.8373
      vertex -5.16466 -79.3755 10.8373
      vertex -4.93889 -79.5487 10.8373
    endloop
  endfacet
  facet normal 0 0 -1
    outer loop
      vertex -25.4 -85.0313 10.8373
      vertex -25.4 -84.7975 10.8373
      vertex -5.16466 -79.3755 10.8373
    endloop
  endfacet
  facet normal 0 0 -1
    outer loop
      vertex -51.5479 -78.025 10.8373
      vertex -25.4 -84.7975 10.8373
      vertex -25.4 -85.0313 10.8373
    endloop
  endfacet
  facet normal 0 0 -1
    outer loop
      vertex -51.5479 -78.025 10.8373
      vertex -51.7737 -77.7307 10.8373
      vertex -25.4 -84.7975 10.8373
    endloop
  endfacet
  facet normal 0 0 -1
    outer loop
      vertex -51.7737 -77.7307 10.8373
      vertex -51.5479 -78.025 10.8373
      vertex -51.7737 -90.8415 10.8373
    endloop
  endfacet
  facet normal -0 0 -1
    outer loop
      vertex -4.93889 -54.831 10.8373
      vertex -5.16466 -79.3755 10.8373
      vertex -5.16466 -54.831 10.8373
    endloop
  endfacet
  facet normal 0.258817 -0.965926 0
    outer loop
      vertex -25.4 -84.7975 6.94267
      vertex -5.16466 -79.3755 7.16844
      vertex -25.4 -84.7975 7.16844
    endloop
  endfacet
  facet normal 0.258817 -0.965926 0
    outer loop
      vertex -5.16466 -79.3755 7.16844
      vertex -25.4 -84.7975 6.94267
      vertex -5.16466 -79.3755 6.94267
    endloop
  endfacet
  facet normal 0.258817 -0.965926 0
    outer loop
      vertex -25.4 -84.7975 10.6116
      vertex -5.16466 -79.3755 10.8373
      vertex -25.4 -84.7975 10.8373
    endloop
  endfacet
  facet normal 0.258817 -0.965926 0
    outer loop
      vertex -5.16466 -79.3755 10.8373
      vertex -25.4 -84.7975 10.6116
      vertex -5.16466 -79.3755 10.6116
    endloop
  endfacet
  facet normal -0.258819 -0.965926 0
    outer loop
      vertex -51.7737 -77.7307 6.94267
      vertex -25.4 -84.7975 7.16844
      vertex -51.7737 -77.7307 7.16844
    endloop
  endfacet
  facet normal -0.258819 -0.965926 -0
    outer loop
      vertex -25.4 -84.7975 7.16844
      vertex -51.7737 -77.7307 6.94267
      vertex -25.4 -84.7975 6.94267
    endloop
  endfacet
  facet normal -0.258819 -0.965926 0
    outer loop
      vertex -51.7737 -77.7307 10.6116
      vertex -25.4 -84.7975 10.8373
      vertex -51.7737 -77.7307 10.8373
    endloop
  endfacet
  facet normal -0.258819 -0.965926 -0
    outer loop
      vertex -25.4 -84.7975 10.8373
      vertex -51.7737 -77.7307 10.6116
      vertex -25.4 -84.7975 10.6116
    endloop
  endfacet
  facet normal 1 -0 0
    outer loop
      vertex -51.7737 -90.8415 7.16844
      vertex -51.7737 -77.7307 6.94267
      vertex -51.7737 -77.7307 7.16844
    endloop
  endfacet
  facet normal 1 0 0
    outer loop
      vertex -51.7737 -77.7307 6.94267
      vertex -51.7737 -90.8415 7.16844
      vertex -51.7737 -90.8415 6.94267
    endloop
  endfacet
  facet normal 1 -0 0
    outer loop
      vertex -51.7737 -90.8415 10.8373
      vertex -51.7737 -77.7307 10.6116
      vertex -51.7737 -77.7307 10.8373
    endloop
  endfacet
  facet normal 1 0 0
    outer loop
      vertex -51.7737 -77.7307 10.6116
      vertex -51.7737 -90.8415 10.8373
      vertex -51.7737 -90.8415 10.6116
    endloop
  endfacet
  facet normal 0 -1 0
    outer loop
      vertex -54.1443 -90.8415 6.94267
      vertex -51.7737 -90.8415 7.16844
      vertex -54.1443 -90.8415 7.16844
    endloop
  endfacet
  facet normal 0 -1 -0
    outer loop
      vertex -51.7737 -90.8415 7.16844
      vertex -54.1443 -90.8415 6.94267
      vertex -51.7737 -90.8415 6.94267
    endloop
  endfacet
  facet normal 0 -1 0
    outer loop
      vertex -54.1443 -90.8415 10.6116
      vertex -51.7737 -90.8415 10.8373
      vertex -54.1443 -90.8415 10.8373
    endloop
  endfacet
  facet normal 0 -1 -0
    outer loop
      vertex -51.7737 -90.8415 10.8373
      vertex -54.1443 -90.8415 10.6116
      vertex -51.7737 -90.8415 10.6116
    endloop
  endfacet
  facet normal -1 0 0
    outer loop
      vertex -54.1443 -90.8415 6.94267
      vertex -54.1443 -54.831 7.16844
      vertex -54.1443 -54.831 6.94267
    endloop
  endfacet
  facet normal -1 -0 0
    outer loop
      vertex -54.1443 -54.831 7.16844
      vertex -54.1443 -90.8415 6.94267
      vertex -54.1443 -90.8415 7.16844
    endloop
  endfacet
  facet normal -1 0 0
    outer loop
      vertex -54.1443 -90.8415 10.6116
      vertex -54.1443 -54.831 10.8373
      vertex -54.1443 -54.831 10.6116
    endloop
  endfacet
  facet normal -1 -0 0
    outer loop
      vertex -54.1443 -54.831 10.8373
      vertex -54.1443 -90.8415 10.6116
      vertex -54.1443 -90.8415 10.8373
    endloop
  endfacet
  facet normal 1 -0 0
    outer loop
      vertex -5.16466 -79.3755 7.16844
      vertex -5.16466 -54.831 6.94267
      vertex -5.16466 -54.831 7.16844
    endloop
  endfacet
  facet normal 1 0 0
    outer loop
      vertex -5.16466 -54.831 6.94267
      vertex -5.16466 -79.3755 7.16844
      vertex -5.16466 -79.3755 6.94267
    endloop
  endfacet
  facet normal 1 -0 0
    outer loop
      vertex -5.16466 -79.3755 10.8373
      vertex -5.16466 -54.831 10.6116
      vertex -5.16466 -54.831 10.8373
    endloop
  endfacet
  facet normal 1 0 0
    outer loop
      vertex -5.16466 -54.831 10.6116
      vertex -5.16466 -79.3755 10.8373
      vertex -5.16466 -79.3755 10.6116
    endloop
  endfacet
  facet normal 0 0 1
    outer loop
      vertex -54.3701 -54.831 6.71689
      vertex -54.5959 -54.831 6.71689
      vertex -54.3701 -91.0673 6.71689
    endloop
  endfacet
  facet normal 0 0 1
    outer loop
      vertex -4.93889 -79.5487 6.71689
      vertex -4.7131 -54.831 6.71689
      vertex -4.93889 -54.831 6.71689
    endloop
  endfacet
  facet normal 0 0 1
    outer loop
      vertex -4.7131 -54.831 6.71689
      vertex -4.93889 -79.5487 6.71689
      vertex -4.7131 -79.722 6.71689
    endloop
  endfacet
  facet normal 0 0 1
    outer loop
      vertex -25.4 -85.265 6.71689
      vertex -4.93889 -79.5487 6.71689
      vertex -25.4 -85.0313 6.71689
    endloop
  endfacet
  facet normal 0 0 1
    outer loop
      vertex -4.93889 -79.5487 6.71689
      vertex -25.4 -85.265 6.71689
      vertex -4.7131 -79.722 6.71689
    endloop
  endfacet
  facet normal 0 0 1
    outer loop
      vertex -25.4 -85.0313 6.71689
      vertex -51.3221 -78.3192 6.71689
      vertex -25.4 -85.265 6.71689
    endloop
  endfacet
  facet normal 0 0 1
    outer loop
      vertex -51.5479 -78.025 6.71689
      vertex -51.3221 -78.3192 6.71689
      vertex -25.4 -85.0313 6.71689
    endloop
  endfacet
  facet normal 0 0 1
    outer loop
      vertex -51.5479 -91.0673 6.71689
      vertex -51.3221 -78.3192 6.71689
      vertex -51.5479 -78.025 6.71689
    endloop
  endfacet
  facet normal 0 0 1
    outer loop
      vertex -51.3221 -78.3192 6.71689
      vertex -51.5479 -91.0673 6.71689
      vertex -51.3221 -91.2931 6.71689
    endloop
  endfacet
  facet normal -0 0 1
    outer loop
      vertex -54.3701 -91.0673 6.71689
      vertex -51.3221 -91.2931 6.71689
      vertex -51.5479 -91.0673 6.71689
    endloop
  endfacet
  facet normal 0 0 1
    outer loop
      vertex -54.3701 -91.0673 6.71689
      vertex -54.5959 -91.2931 6.71689
      vertex -51.3221 -91.2931 6.71689
    endloop
  endfacet
  facet normal 0 0 1
    outer loop
      vertex -54.5959 -91.2931 6.71689
      vertex -54.3701 -91.0673 6.71689
      vertex -54.5959 -54.831 6.71689
    endloop
  endfacet
  facet normal 0 0 -1
    outer loop
      vertex -51.3221 -91.2931 11.0631
      vertex -51.5479 -91.0673 11.0631
      vertex -51.3221 -78.3192 11.0631
    endloop
  endfacet
  facet normal 0 0 -1
    outer loop
      vertex -51.3221 -91.2931 11.0631
      vertex -54.3701 -91.0673 11.0631
      vertex -51.5479 -91.0673 11.0631
    endloop
  endfacet
  facet normal 0 0 -1
    outer loop
      vertex -54.5959 -91.2931 11.0631
      vertex -54.3701 -91.0673 11.0631
      vertex -51.3221 -91.2931 11.0631
    endloop
  endfacet
  facet normal 0 0 -1
    outer loop
      vertex -54.5959 -54.831 11.0631
      vertex -54.3701 -91.0673 11.0631
      vertex -54.5959 -91.2931 11.0631
    endloop
  endfacet
  facet normal 0 0 -1
    outer loop
      vertex -54.3701 -91.0673 11.0631
      vertex -54.5959 -54.831 11.0631
      vertex -54.3701 -54.831 11.0631
    endloop
  endfacet
  facet normal 0 0 -1
    outer loop
      vertex -4.7131 -79.722 11.0631
      vertex -4.93889 -79.5487 11.0631
      vertex -4.7131 -54.831 11.0631
    endloop
  endfacet
  facet normal 0 0 -1
    outer loop
      vertex -25.4 -85.265 11.0631
      vertex -4.93889 -79.5487 11.0631
      vertex -4.7131 -79.722 11.0631
    endloop
  endfacet
  facet normal 0 0 -1
    outer loop
      vertex -25.4 -85.265 11.0631
      vertex -25.4 -85.0313 11.0631
      vertex -4.93889 -79.5487 11.0631
    endloop
  endfacet
  facet normal 0 0 -1
    outer loop
      vertex -51.3221 -78.3192 11.0631
      vertex -25.4 -85.0313 11.0631
      vertex -25.4 -85.265 11.0631
    endloop
  endfacet
  facet normal 0 0 -1
    outer loop
      vertex -51.3221 -78.3192 11.0631
      vertex -51.5479 -78.025 11.0631
      vertex -25.4 -85.0313 11.0631
    endloop
  endfacet
  facet normal 0 0 -1
    outer loop
      vertex -51.5479 -78.025 11.0631
      vertex -51.3221 -78.3192 11.0631
      vertex -51.5479 -91.0673 11.0631
    endloop
  endfacet
  facet normal -0 0 -1
    outer loop
      vertex -4.7131 -54.831 11.0631
      vertex -4.93889 -79.5487 11.0631
      vertex -4.93889 -54.831 11.0631
    endloop
  endfacet
  facet normal 0.258822 -0.965925 0
    outer loop
      vertex -25.4 -85.0313 6.71689
      vertex -4.93889 -79.5487 6.94267
      vertex -25.4 -85.0313 6.94267
    endloop
  endfacet
  facet normal 0.258822 -0.965925 0
    outer loop
      vertex -4.93889 -79.5487 6.94267
      vertex -25.4 -85.0313 6.71689
      vertex -4.93889 -79.5487 6.71689
    endloop
  endfacet
  facet normal 0.258822 -0.965925 0
    outer loop
      vertex -25.4 -85.0313 10.8373
      vertex -4.93889 -79.5487 11.0631
      vertex -25.4 -85.0313 11.0631
    endloop
  endfacet
  facet normal 0.258822 -0.965925 0
    outer loop
      vertex -4.93889 -79.5487 11.0631
      vertex -25.4 -85.0313 10.8373
      vertex -4.93889 -79.5487 10.8373
    endloop
  endfacet
  facet normal -0.258819 -0.965926 0
    outer loop
      vertex -51.5479 -78.025 6.71689
      vertex -25.4 -85.0313 6.94267
      vertex -51.5479 -78.025 6.94267
    endloop
  endfacet
  facet normal -0.258819 -0.965926 -0
    outer loop
      vertex -25.4 -85.0313 6.94267
      vertex -51.5479 -78.025 6.71689
      vertex -25.4 -85.0313 6.71689
    endloop
  endfacet
  facet normal -0.258819 -0.965926 0
    outer loop
      vertex -51.5479 -78.025 10.8373
      vertex -25.4 -85.0313 11.0631
      vertex -51.5479 -78.025 11.0631
    endloop
  endfacet
  facet normal -0.258819 -0.965926 -0
    outer loop
      vertex -25.4 -85.0313 11.0631
      vertex -51.5479 -78.025 10.8373
      vertex -25.4 -85.0313 10.8373
    endloop
  endfacet
  facet normal 1 -0 0
    outer loop
      vertex -51.5479 -91.0673 6.94267
      vertex -51.5479 -78.025 6.71689
      vertex -51.5479 -78.025 6.94267
    endloop
  endfacet
  facet normal 1 0 0
    outer loop
      vertex -51.5479 -78.025 6.71689
      vertex -51.5479 -91.0673 6.94267
      vertex -51.5479 -91.0673 6.71689
    endloop
  endfacet
  facet normal 1 -0 0
    outer loop
      vertex -51.5479 -91.0673 11.0631
      vertex -51.5479 -78.025 10.8373
      vertex -51.5479 -78.025 11.0631
    endloop
  endfacet
  facet normal 1 0 0
    outer loop
      vertex -51.5479 -78.025 10.8373
      vertex -51.5479 -91.0673 11.0631
      vertex -51.5479 -91.0673 10.8373
    endloop
  endfacet
  facet normal 0 -1 0
    outer loop
      vertex -54.3701 -91.0673 6.71689
      vertex -51.5479 -91.0673 6.94267
      vertex -54.3701 -91.0673 6.94267
    endloop
  endfacet
  facet normal 0 -1 -0
    outer loop
      vertex -51.5479 -91.0673 6.94267
      vertex -54.3701 -91.0673 6.71689
      vertex -51.5479 -91.0673 6.71689
    endloop
  endfacet
  facet normal 0 -1 0
    outer loop
      vertex -54.3701 -91.0673 10.8373
      vertex -51.5479 -91.0673 11.0631
      vertex -54.3701 -91.0673 11.0631
    endloop
  endfacet
  facet normal 0 -1 -0
    outer loop
      vertex -51.5479 -91.0673 11.0631
      vertex -54.3701 -91.0673 10.8373
      vertex -51.5479 -91.0673 10.8373
    endloop
  endfacet
  facet normal -1 0 0
    outer loop
      vertex -54.3701 -91.0673 6.71689
      vertex -54.3701 -54.831 6.94267
      vertex -54.3701 -54.831 6.71689
    endloop
  endfacet
  facet normal -1 -0 0
    outer loop
      vertex -54.3701 -54.831 6.94267
      vertex -54.3701 -91.0673 6.71689
      vertex -54.3701 -91.0673 6.94267
    endloop
  endfacet
  facet normal -1 0 0
    outer loop
      vertex -54.3701 -91.0673 10.8373
      vertex -54.3701 -54.831 11.0631
      vertex -54.3701 -54.831 10.8373
    endloop
  endfacet
  facet normal -1 -0 0
    outer loop
      vertex -54.3701 -54.831 11.0631
      vertex -54.3701 -91.0673 10.8373
      vertex -54.3701 -91.0673 11.0631
    endloop
  endfacet
  facet normal 1 -0 0
    outer loop
      vertex -4.93889 -79.5487 6.94267
      vertex -4.93889 -54.831 6.71689
      vertex -4.93889 -54.831 6.94267
    endloop
  endfacet
  facet normal 1 0 0
    outer loop
      vertex -4.93889 -54.831 6.71689
      vertex -4.93889 -79.5487 6.94267
      vertex -4.93889 -79.5487 6.71689
    endloop
  endfacet
  facet normal 1 -0 0
    outer loop
      vertex -4.93889 -79.5487 11.0631
      vertex -4.93889 -54.831 10.8373
      vertex -4.93889 -54.831 11.0631
    endloop
  endfacet
  facet normal 1 0 0
    outer loop
      vertex -4.93889 -54.831 10.8373
      vertex -4.93889 -79.5487 11.0631
      vertex -4.93889 -79.5487 10.8373
    endloop
  endfacet
  facet normal 0 0 1
    outer loop
      vertex -54.5959 -54.831 6.49111
      vertex -54.8217 -54.831 6.49111
      vertex -54.5959 -91.2931 6.49111
    endloop
  endfacet
  facet normal 0 0 1
    outer loop
      vertex -4.7131 -79.722 6.49111
      vertex -4.48734 -54.831 6.49111
      vertex -4.7131 -54.831 6.49111
    endloop
  endfacet
  facet normal 0 0 1
    outer loop
      vertex -4.48734 -54.831 6.49111
      vertex -4.7131 -79.722 6.49111
      vertex -4.48734 -79.8952 6.49111
    endloop
  endfacet
  facet normal 0 0 1
    outer loop
      vertex -25.4 -85.4988 6.49111
      vertex -4.7131 -79.722 6.49111
      vertex -25.4 -85.265 6.49111
    endloop
  endfacet
  facet normal 0 0 1
    outer loop
      vertex -4.7131 -79.722 6.49111
      vertex -25.4 -85.4988 6.49111
      vertex -4.48734 -79.8952 6.49111
    endloop
  endfacet
  facet normal 0 0 1
    outer loop
      vertex -25.4 -85.265 6.49111
      vertex -51.0963 -78.6134 6.49111
      vertex -25.4 -85.4988 6.49111
    endloop
  endfacet
  facet normal 0 0 1
    outer loop
      vertex -51.3221 -78.3192 6.49111
      vertex -51.0963 -78.6134 6.49111
      vertex -25.4 -85.265 6.49111
    endloop
  endfacet
  facet normal 0 0 1
    outer loop
      vertex -51.3221 -91.2931 6.49111
      vertex -51.0963 -78.6134 6.49111
      vertex -51.3221 -78.3192 6.49111
    endloop
  endfacet
  facet normal 0 0 1
    outer loop
      vertex -51.0963 -78.6134 6.49111
      vertex -51.3221 -91.2931 6.49111
      vertex -51.0963 -91.5188 6.49111
    endloop
  endfacet
  facet normal -0 0 1
    outer loop
      vertex -54.5959 -91.2931 6.49111
      vertex -51.0963 -91.5188 6.49111
      vertex -51.3221 -91.2931 6.49111
    endloop
  endfacet
  facet normal 0 0 1
    outer loop
      vertex -54.5959 -91.2931 6.49111
      vertex -54.8217 -91.5188 6.49111
      vertex -51.0963 -91.5188 6.49111
    endloop
  endfacet
  facet normal 0 0 1
    outer loop
      vertex -54.8217 -91.5188 6.49111
      vertex -54.5959 -91.2931 6.49111
      vertex -54.8217 -54.831 6.49111
    endloop
  endfacet
  facet normal 0 0 -1
    outer loop
      vertex -51.0963 -91.5188 11.2889
      vertex -51.3221 -91.2931 11.2889
      vertex -51.0963 -78.6134 11.2889
    endloop
  endfacet
  facet normal 0 0 -1
    outer loop
      vertex -51.0963 -91.5188 11.2889
      vertex -54.5959 -91.2931 11.2889
      vertex -51.3221 -91.2931 11.2889
    endloop
  endfacet
  facet normal 0 0 -1
    outer loop
      vertex -54.8217 -91.5188 11.2889
      vertex -54.5959 -91.2931 11.2889
      vertex -51.0963 -91.5188 11.2889
    endloop
  endfacet
  facet normal 0 0 -1
    outer loop
      vertex -54.8217 -54.831 11.2889
      vertex -54.5959 -91.2931 11.2889
      vertex -54.8217 -91.5188 11.2889
    endloop
  endfacet
  facet normal 0 0 -1
    outer loop
      vertex -54.5959 -91.2931 11.2889
      vertex -54.8217 -54.831 11.2889
      vertex -54.5959 -54.831 11.2889
    endloop
  endfacet
  facet normal 0 0 -1
    outer loop
      vertex -4.48734 -79.8952 11.2889
      vertex -4.7131 -79.722 11.2889
      vertex -4.48734 -54.831 11.2889
    endloop
  endfacet
  facet normal 0 0 -1
    outer loop
      vertex -25.4 -85.4988 11.2889
      vertex -4.7131 -79.722 11.2889
      vertex -4.48734 -79.8952 11.2889
    endloop
  endfacet
  facet normal 0 0 -1
    outer loop
      vertex -25.4 -85.4988 11.2889
      vertex -25.4 -85.265 11.2889
      vertex -4.7131 -79.722 11.2889
    endloop
  endfacet
  facet normal 0 0 -1
    outer loop
      vertex -51.0963 -78.6134 11.2889
      vertex -25.4 -85.265 11.2889
      vertex -25.4 -85.4988 11.2889
    endloop
  endfacet
  facet normal 0 0 -1
    outer loop
      vertex -51.0963 -78.6134 11.2889
      vertex -51.3221 -78.3192 11.2889
      vertex -25.4 -85.265 11.2889
    endloop
  endfacet
  facet normal 0 0 -1
    outer loop
      vertex -51.3221 -78.3192 11.2889
      vertex -51.0963 -78.6134 11.2889
      vertex -51.3221 -91.2931 11.2889
    endloop
  endfacet
  facet normal -0 0 -1
    outer loop
      vertex -4.48734 -54.831 11.2889
      vertex -4.7131 -79.722 11.2889
      vertex -4.7131 -54.831 11.2889
    endloop
  endfacet
  facet normal 0.258817 -0.965926 0
    outer loop
      vertex -25.4 -85.265 6.49111
      vertex -4.7131 -79.722 6.71689
      vertex -25.4 -85.265 6.71689
    endloop
  endfacet
  facet normal 0.258817 -0.965926 0
    outer loop
      vertex -4.7131 -79.722 6.71689
      vertex -25.4 -85.265 6.49111
      vertex -4.7131 -79.722 6.49111
    endloop
  endfacet
  facet normal 0.258817 -0.965926 0
    outer loop
      vertex -25.4 -85.265 11.0631
      vertex -4.7131 -79.722 11.2889
      vertex -25.4 -85.265 11.2889
    endloop
  endfacet
  facet normal 0.258817 -0.965926 0
    outer loop
      vertex -4.7131 -79.722 11.2889
      vertex -25.4 -85.265 11.0631
      vertex -4.7131 -79.722 11.0631
    endloop
  endfacet
  facet normal -0.258819 -0.965926 0
    outer loop
      vertex -51.3221 -78.3192 6.49111
      vertex -25.4 -85.265 6.71689
      vertex -51.3221 -78.3192 6.71689
    endloop
  endfacet
  facet normal -0.258819 -0.965926 -0
    outer loop
      vertex -25.4 -85.265 6.71689
      vertex -51.3221 -78.3192 6.49111
      vertex -25.4 -85.265 6.49111
    endloop
  endfacet
  facet normal -0.258819 -0.965926 0
    outer loop
      vertex -51.3221 -78.3192 11.0631
      vertex -25.4 -85.265 11.2889
      vertex -51.3221 -78.3192 11.2889
    endloop
  endfacet
  facet normal -0.258819 -0.965926 -0
    outer loop
      vertex -25.4 -85.265 11.2889
      vertex -51.3221 -78.3192 11.0631
      vertex -25.4 -85.265 11.0631
    endloop
  endfacet
  facet normal 1 -0 0
    outer loop
      vertex -51.3221 -91.2931 6.71689
      vertex -51.3221 -78.3192 6.49111
      vertex -51.3221 -78.3192 6.71689
    endloop
  endfacet
  facet normal 1 0 0
    outer loop
      vertex -51.3221 -78.3192 6.49111
      vertex -51.3221 -91.2931 6.71689
      vertex -51.3221 -91.2931 6.49111
    endloop
  endfacet
  facet normal 1 -0 0
    outer loop
      vertex -51.3221 -91.2931 11.2889
      vertex -51.3221 -78.3192 11.0631
      vertex -51.3221 -78.3192 11.2889
    endloop
  endfacet
  facet normal 1 0 0
    outer loop
      vertex -51.3221 -78.3192 11.0631
      vertex -51.3221 -91.2931 11.2889
      vertex -51.3221 -91.2931 11.0631
    endloop
  endfacet
  facet normal 0 -1 0
    outer loop
      vertex -54.5959 -91.2931 6.49111
      vertex -51.3221 -91.2931 6.71689
      vertex -54.5959 -91.2931 6.71689
    endloop
  endfacet
  facet normal 0 -1 -0
    outer loop
      vertex -51.3221 -91.2931 6.71689
      vertex -54.5959 -91.2931 6.49111
      vertex -51.3221 -91.2931 6.49111
    endloop
  endfacet
  facet normal 0 -1 0
    outer loop
      vertex -54.5959 -91.2931 11.0631
      vertex -51.3221 -91.2931 11.2889
      vertex -54.5959 -91.2931 11.2889
    endloop
  endfacet
  facet normal 0 -1 -0
    outer loop
      vertex -51.3221 -91.2931 11.2889
      vertex -54.5959 -91.2931 11.0631
      vertex -51.3221 -91.2931 11.0631
    endloop
  endfacet
  facet normal -1 0 0
    outer loop
      vertex -54.5959 -91.2931 6.49111
      vertex -54.5959 -54.831 6.71689
      vertex -54.5959 -54.831 6.49111
    endloop
  endfacet
  facet normal -1 -0 0
    outer loop
      vertex -54.5959 -54.831 6.71689
      vertex -54.5959 -91.2931 6.49111
      vertex -54.5959 -91.2931 6.71689
    endloop
  endfacet
  facet normal -1 0 0
    outer loop
      vertex -54.5959 -91.2931 11.0631
      vertex -54.5959 -54.831 11.2889
      vertex -54.5959 -54.831 11.0631
    endloop
  endfacet
  facet normal -1 -0 0
    outer loop
      vertex -54.5959 -54.831 11.2889
      vertex -54.5959 -91.2931 11.0631
      vertex -54.5959 -91.2931 11.2889
    endloop
  endfacet
  facet normal 1 -0 0
    outer loop
      vertex -4.7131 -79.722 6.71689
      vertex -4.7131 -54.831 6.49111
      vertex -4.7131 -54.831 6.71689
    endloop
  endfacet
  facet normal 1 0 0
    outer loop
      vertex -4.7131 -54.831 6.49111
      vertex -4.7131 -79.722 6.71689
      vertex -4.7131 -79.722 6.49111
    endloop
  endfacet
  facet normal 1 -0 0
    outer loop
      vertex -4.7131 -79.722 11.2889
      vertex -4.7131 -54.831 11.0631
      vertex -4.7131 -54.831 11.2889
    endloop
  endfacet
  facet normal 1 0 0
    outer loop
      vertex -4.7131 -54.831 11.0631
      vertex -4.7131 -79.722 11.2889
      vertex -4.7131 -79.722 11.0631
    endloop
  endfacet
  facet normal 0 0 1
    outer loop
      vertex -54.8217 -54.831 6.26533
      vertex -55.0474 -54.831 6.26533
      vertex -54.8217 -91.5188 6.26533
    endloop
  endfacet
  facet normal 0 0 1
    outer loop
      vertex -4.48734 -79.8952 6.26533
      vertex -4.26155 -54.831 6.26533
      vertex -4.48734 -54.831 6.26533
    endloop
  endfacet
  facet normal 0 0 1
    outer loop
      vertex -4.26155 -54.831 6.26533
      vertex -4.48734 -79.8952 6.26533
      vertex -4.26155 -80.0685 6.26533
    endloop
  endfacet
  facet normal 0 0 1
    outer loop
      vertex -25.4 -85.7325 6.26533
      vertex -4.48734 -79.8952 6.26533
      vertex -25.4 -85.4988 6.26533
    endloop
  endfacet
  facet normal 0 0 1
    outer loop
      vertex -4.48734 -79.8952 6.26533
      vertex -25.4 -85.7325 6.26533
      vertex -4.26155 -80.0685 6.26533
    endloop
  endfacet
  facet normal 0 0 1
    outer loop
      vertex -25.4 -85.4988 6.26533
      vertex -50.8705 -78.9077 6.26533
      vertex -25.4 -85.7325 6.26533
    endloop
  endfacet
  facet normal 0 0 1
    outer loop
      vertex -51.0963 -78.6134 6.26533
      vertex -50.8705 -78.9077 6.26533
      vertex -25.4 -85.4988 6.26533
    endloop
  endfacet
  facet normal 0 0 1
    outer loop
      vertex -51.0963 -91.5188 6.26533
      vertex -50.8705 -78.9077 6.26533
      vertex -51.0963 -78.6134 6.26533
    endloop
  endfacet
  facet normal 0 0 1
    outer loop
      vertex -50.8705 -78.9077 6.26533
      vertex -51.0963 -91.5188 6.26533
      vertex -50.8705 -91.7446 6.26533
    endloop
  endfacet
  facet normal -0 0 1
    outer loop
      vertex -54.8217 -91.5188 6.26533
      vertex -50.8705 -91.7446 6.26533
      vertex -51.0963 -91.5188 6.26533
    endloop
  endfacet
  facet normal 0 0 1
    outer loop
      vertex -54.8217 -91.5188 6.26533
      vertex -55.0474 -91.7446 6.26533
      vertex -50.8705 -91.7446 6.26533
    endloop
  endfacet
  facet normal 0 0 1
    outer loop
      vertex -55.0474 -91.7446 6.26533
      vertex -54.8217 -91.5188 6.26533
      vertex -55.0474 -54.831 6.26533
    endloop
  endfacet
  facet normal 0 0 -1
    outer loop
      vertex -50.8705 -91.7446 11.5147
      vertex -51.0963 -91.5188 11.5147
      vertex -50.8705 -78.9077 11.5147
    endloop
  endfacet
  facet normal 0 0 -1
    outer loop
      vertex -50.8705 -91.7446 11.5147
      vertex -54.8217 -91.5188 11.5147
      vertex -51.0963 -91.5188 11.5147
    endloop
  endfacet
  facet normal 0 0 -1
    outer loop
      vertex -55.0474 -91.7446 11.5147
      vertex -54.8217 -91.5188 11.5147
      vertex -50.8705 -91.7446 11.5147
    endloop
  endfacet
  facet normal 0 0 -1
    outer loop
      vertex -55.0474 -54.831 11.5147
      vertex -54.8217 -91.5188 11.5147
      vertex -55.0474 -91.7446 11.5147
    endloop
  endfacet
  facet normal 0 0 -1
    outer loop
      vertex -54.8217 -91.5188 11.5147
      vertex -55.0474 -54.831 11.5147
      vertex -54.8217 -54.831 11.5147
    endloop
  endfacet
  facet normal 0 0 -1
    outer loop
      vertex -4.26155 -80.0685 11.5147
      vertex -4.48734 -79.8952 11.5147
      vertex -4.26155 -54.831 11.5147
    endloop
  endfacet
  facet normal 0 0 -1
    outer loop
      vertex -25.4 -85.7325 11.5147
      vertex -4.48734 -79.8952 11.5147
      vertex -4.26155 -80.0685 11.5147
    endloop
  endfacet
  facet normal 0 0 -1
    outer loop
      vertex -25.4 -85.7325 11.5147
      vertex -25.4 -85.4988 11.5147
      vertex -4.48734 -79.8952 11.5147
    endloop
  endfacet
  facet normal 0 0 -1
    outer loop
      vertex -50.8705 -78.9077 11.5147
      vertex -25.4 -85.4988 11.5147
      vertex -25.4 -85.7325 11.5147
    endloop
  endfacet
  facet normal 0 0 -1
    outer loop
      vertex -50.8705 -78.9077 11.5147
      vertex -51.0963 -78.6134 11.5147
      vertex -25.4 -85.4988 11.5147
    endloop
  endfacet
  facet normal 0 0 -1
    outer loop
      vertex -51.0963 -78.6134 11.5147
      vertex -50.8705 -78.9077 11.5147
      vertex -51.0963 -91.5188 11.5147
    endloop
  endfacet
  facet normal -0 0 -1
    outer loop
      vertex -4.26155 -54.831 11.5147
      vertex -4.48734 -79.8952 11.5147
      vertex -4.48734 -54.831 11.5147
    endloop
  endfacet
  facet normal 0.258822 -0.965925 0
    outer loop
      vertex -25.4 -85.4988 6.26533
      vertex -4.48734 -79.8952 6.49111
      vertex -25.4 -85.4988 6.49111
    endloop
  endfacet
  facet normal 0.258822 -0.965925 0
    outer loop
      vertex -4.48734 -79.8952 6.49111
      vertex -25.4 -85.4988 6.26533
      vertex -4.48734 -79.8952 6.26533
    endloop
  endfacet
  facet normal 0.258822 -0.965925 0
    outer loop
      vertex -25.4 -85.4988 11.2889
      vertex -4.48734 -79.8952 11.5147
      vertex -25.4 -85.4988 11.5147
    endloop
  endfacet
  facet normal 0.258822 -0.965925 0
    outer loop
      vertex -4.48734 -79.8952 11.5147
      vertex -25.4 -85.4988 11.2889
      vertex -4.48734 -79.8952 11.2889
    endloop
  endfacet
  facet normal -0.258822 -0.965925 0
    outer loop
      vertex -51.0963 -78.6134 6.26533
      vertex -25.4 -85.4988 6.49111
      vertex -51.0963 -78.6134 6.49111
    endloop
  endfacet
  facet normal -0.258822 -0.965925 -0
    outer loop
      vertex -25.4 -85.4988 6.49111
      vertex -51.0963 -78.6134 6.26533
      vertex -25.4 -85.4988 6.26533
    endloop
  endfacet
  facet normal -0.258822 -0.965925 0
    outer loop
      vertex -51.0963 -78.6134 11.2889
      vertex -25.4 -85.4988 11.5147
      vertex -51.0963 -78.6134 11.5147
    endloop
  endfacet
  facet normal -0.258822 -0.965925 -0
    outer loop
      vertex -25.4 -85.4988 11.5147
      vertex -51.0963 -78.6134 11.2889
      vertex -25.4 -85.4988 11.2889
    endloop
  endfacet
  facet normal 1 -0 0
    outer loop
      vertex -51.0963 -91.5188 6.49111
      vertex -51.0963 -78.6134 6.26533
      vertex -51.0963 -78.6134 6.49111
    endloop
  endfacet
  facet normal 1 0 0
    outer loop
      vertex -51.0963 -78.6134 6.26533
      vertex -51.0963 -91.5188 6.49111
      vertex -51.0963 -91.5188 6.26533
    endloop
  endfacet
  facet normal 1 -0 0
    outer loop
      vertex -51.0963 -91.5188 11.5147
      vertex -51.0963 -78.6134 11.2889
      vertex -51.0963 -78.6134 11.5147
    endloop
  endfacet
  facet normal 1 0 0
    outer loop
      vertex -51.0963 -78.6134 11.2889
      vertex -51.0963 -91.5188 11.5147
      vertex -51.0963 -91.5188 11.2889
    endloop
  endfacet
  facet normal 0 -1 0
    outer loop
      vertex -54.8217 -91.5188 6.26533
      vertex -51.0963 -91.5188 6.49111
      vertex -54.8217 -91.5188 6.49111
    endloop
  endfacet
  facet normal 0 -1 -0
    outer loop
      vertex -51.0963 -91.5188 6.49111
      vertex -54.8217 -91.5188 6.26533
      vertex -51.0963 -91.5188 6.26533
    endloop
  endfacet
  facet normal 0 -1 0
    outer loop
      vertex -54.8217 -91.5188 11.2889
      vertex -51.0963 -91.5188 11.5147
      vertex -54.8217 -91.5188 11.5147
    endloop
  endfacet
  facet normal 0 -1 -0
    outer loop
      vertex -51.0963 -91.5188 11.5147
      vertex -54.8217 -91.5188 11.2889
      vertex -51.0963 -91.5188 11.2889
    endloop
  endfacet
  facet normal -1 0 0
    outer loop
      vertex -54.8217 -91.5188 6.26533
      vertex -54.8217 -54.831 6.49111
      vertex -54.8217 -54.831 6.26533
    endloop
  endfacet
  facet normal -1 -0 0
    outer loop
      vertex -54.8217 -54.831 6.49111
      vertex -54.8217 -91.5188 6.26533
      vertex -54.8217 -91.5188 6.49111
    endloop
  endfacet
  facet normal -1 0 0
    outer loop
      vertex -54.8217 -91.5188 11.2889
      vertex -54.8217 -54.831 11.5147
      vertex -54.8217 -54.831 11.2889
    endloop
  endfacet
  facet normal -1 -0 0
    outer loop
      vertex -54.8217 -54.831 11.5147
      vertex -54.8217 -91.5188 11.2889
      vertex -54.8217 -91.5188 11.5147
    endloop
  endfacet
  facet normal 1 -0 0
    outer loop
      vertex -4.48734 -79.8952 6.49111
      vertex -4.48734 -54.831 6.26533
      vertex -4.48734 -54.831 6.49111
    endloop
  endfacet
  facet normal 1 0 0
    outer loop
      vertex -4.48734 -54.831 6.26533
      vertex -4.48734 -79.8952 6.49111
      vertex -4.48734 -79.8952 6.26533
    endloop
  endfacet
  facet normal 1 -0 0
    outer loop
      vertex -4.48734 -79.8952 11.5147
      vertex -4.48734 -54.831 11.2889
      vertex -4.48734 -54.831 11.5147
    endloop
  endfacet
  facet normal 1 0 0
    outer loop
      vertex -4.48734 -54.831 11.2889
      vertex -4.48734 -79.8952 11.5147
      vertex -4.48734 -79.8952 11.2889
    endloop
  endfacet
  facet normal 0 0 1
    outer loop
      vertex -55.0474 -54.831 6.03956
      vertex -55.2732 -54.831 6.03956
      vertex -55.0474 -91.7446 6.03956
    endloop
  endfacet
  facet normal 0 0 1
    outer loop
      vertex -4.26155 -80.0685 6.03956
      vertex -4.03578 -54.831 6.03956
      vertex -4.26155 -54.831 6.03956
    endloop
  endfacet
  facet normal 0 0 1
    outer loop
      vertex -4.03578 -54.831 6.03956
      vertex -4.26155 -80.0685 6.03956
      vertex -4.03578 -80.2417 6.03956
    endloop
  endfacet
  facet normal 0 0 1
    outer loop
      vertex -25.4 -85.9663 6.03956
      vertex -4.26155 -80.0685 6.03956
      vertex -25.4 -85.7325 6.03956
    endloop
  endfacet
  facet normal 0 0 1
    outer loop
      vertex -4.26155 -80.0685 6.03956
      vertex -25.4 -85.9663 6.03956
      vertex -4.03578 -80.2417 6.03956
    endloop
  endfacet
  facet normal 0 0 1
    outer loop
      vertex -25.4 -85.7325 6.03956
      vertex -50.6448 -79.2019 6.03956
      vertex -25.4 -85.9663 6.03956
    endloop
  endfacet
  facet normal 0 0 1
    outer loop
      vertex -50.8705 -78.9077 6.03956
      vertex -50.6448 -79.2019 6.03956
      vertex -25.4 -85.7325 6.03956
    endloop
  endfacet
  facet normal 0 0 1
    outer loop
      vertex -50.8705 -91.7446 6.03956
      vertex -50.6448 -79.2019 6.03956
      vertex -50.8705 -78.9077 6.03956
    endloop
  endfacet
  facet normal 0 0 1
    outer loop
      vertex -50.6448 -79.2019 6.03956
      vertex -50.8705 -91.7446 6.03956
      vertex -50.6448 -91.9704 6.03956
    endloop
  endfacet
  facet normal -0 0 1
    outer loop
      vertex -55.0474 -91.7446 6.03956
      vertex -50.6448 -91.9704 6.03956
      vertex -50.8705 -91.7446 6.03956
    endloop
  endfacet
  facet normal 0 0 1
    outer loop
      vertex -55.0474 -91.7446 6.03956
      vertex -55.2732 -91.9704 6.03956
      vertex -50.6448 -91.9704 6.03956
    endloop
  endfacet
  facet normal 0 0 1
    outer loop
      vertex -55.2732 -91.9704 6.03956
      vertex -55.0474 -91.7446 6.03956
      vertex -55.2732 -54.831 6.03956
    endloop
  endfacet
  facet normal 0 0 -1
    outer loop
      vertex -50.6448 -91.9704 11.7404
      vertex -50.8705 -91.7446 11.7404
      vertex -50.6448 -79.2019 11.7404
    endloop
  endfacet
  facet normal 0 0 -1
    outer loop
      vertex -50.6448 -91.9704 11.7404
      vertex -55.0474 -91.7446 11.7404
      vertex -50.8705 -91.7446 11.7404
    endloop
  endfacet
  facet normal 0 0 -1
    outer loop
      vertex -55.2732 -91.9704 11.7404
      vertex -55.0474 -91.7446 11.7404
      vertex -50.6448 -91.9704 11.7404
    endloop
  endfacet
  facet normal 0 0 -1
    outer loop
      vertex -55.2732 -54.831 11.7404
      vertex -55.0474 -91.7446 11.7404
      vertex -55.2732 -91.9704 11.7404
    endloop
  endfacet
  facet normal 0 0 -1
    outer loop
      vertex -55.0474 -91.7446 11.7404
      vertex -55.2732 -54.831 11.7404
      vertex -55.0474 -54.831 11.7404
    endloop
  endfacet
  facet normal 0 0 -1
    outer loop
      vertex -4.03578 -80.2417 11.7404
      vertex -4.26155 -80.0685 11.7404
      vertex -4.03578 -54.831 11.7404
    endloop
  endfacet
  facet normal 0 0 -1
    outer loop
      vertex -25.4 -85.9663 11.7404
      vertex -4.26155 -80.0685 11.7404
      vertex -4.03578 -80.2417 11.7404
    endloop
  endfacet
  facet normal 0 0 -1
    outer loop
      vertex -25.4 -85.9663 11.7404
      vertex -25.4 -85.7325 11.7404
      vertex -4.26155 -80.0685 11.7404
    endloop
  endfacet
  facet normal 0 0 -1
    outer loop
      vertex -50.6448 -79.2019 11.7404
      vertex -25.4 -85.7325 11.7404
      vertex -25.4 -85.9663 11.7404
    endloop
  endfacet
  facet normal 0 0 -1
    outer loop
      vertex -50.6448 -79.2019 11.7404
      vertex -50.8705 -78.9077 11.7404
      vertex -25.4 -85.7325 11.7404
    endloop
  endfacet
  facet normal 0 0 -1
    outer loop
      vertex -50.8705 -78.9077 11.7404
      vertex -50.6448 -79.2019 11.7404
      vertex -50.8705 -91.7446 11.7404
    endloop
  endfacet
  facet normal -0 0 -1
    outer loop
      vertex -4.03578 -54.831 11.7404
      vertex -4.26155 -80.0685 11.7404
      vertex -4.26155 -54.831 11.7404
    endloop
  endfacet
  facet normal 0.258818 -0.965926 0
    outer loop
      vertex -25.4 -85.7325 6.03956
      vertex -4.26155 -80.0685 6.26533
      vertex -25.4 -85.7325 6.26533
    endloop
  endfacet
  facet normal 0.258818 -0.965926 0
    outer loop
      vertex -4.26155 -80.0685 6.26533
      vertex -25.4 -85.7325 6.03956
      vertex -4.26155 -80.0685 6.03956
    endloop
  endfacet
  facet normal 0.258818 -0.965926 0
    outer loop
      vertex -25.4 -85.7325 11.5147
      vertex -4.26155 -80.0685 11.7404
      vertex -25.4 -85.7325 11.7404
    endloop
  endfacet
  facet normal 0.258818 -0.965926 0
    outer loop
      vertex -4.26155 -80.0685 11.7404
      vertex -25.4 -85.7325 11.5147
      vertex -4.26155 -80.0685 11.5147
    endloop
  endfacet
  facet normal -0.258819 -0.965926 0
    outer loop
      vertex -50.8705 -78.9077 6.03956
      vertex -25.4 -85.7325 6.26533
      vertex -50.8705 -78.9077 6.26533
    endloop
  endfacet
  facet normal -0.258819 -0.965926 -0
    outer loop
      vertex -25.4 -85.7325 6.26533
      vertex -50.8705 -78.9077 6.03956
      vertex -25.4 -85.7325 6.03956
    endloop
  endfacet
  facet normal -0.258819 -0.965926 0
    outer loop
      vertex -50.8705 -78.9077 11.5147
      vertex -25.4 -85.7325 11.7404
      vertex -50.8705 -78.9077 11.7404
    endloop
  endfacet
  facet normal -0.258819 -0.965926 -0
    outer loop
      vertex -25.4 -85.7325 11.7404
      vertex -50.8705 -78.9077 11.5147
      vertex -25.4 -85.7325 11.5147
    endloop
  endfacet
  facet normal 1 -0 0
    outer loop
      vertex -50.8705 -91.7446 6.26533
      vertex -50.8705 -78.9077 6.03956
      vertex -50.8705 -78.9077 6.26533
    endloop
  endfacet
  facet normal 1 0 0
    outer loop
      vertex -50.8705 -78.9077 6.03956
      vertex -50.8705 -91.7446 6.26533
      vertex -50.8705 -91.7446 6.03956
    endloop
  endfacet
  facet normal 1 -0 0
    outer loop
      vertex -50.8705 -91.7446 11.7404
      vertex -50.8705 -78.9077 11.5147
      vertex -50.8705 -78.9077 11.7404
    endloop
  endfacet
  facet normal 1 0 0
    outer loop
      vertex -50.8705 -78.9077 11.5147
      vertex -50.8705 -91.7446 11.7404
      vertex -50.8705 -91.7446 11.5147
    endloop
  endfacet
  facet normal 0 -1 0
    outer loop
      vertex -55.0474 -91.7446 6.03956
      vertex -50.8705 -91.7446 6.26533
      vertex -55.0474 -91.7446 6.26533
    endloop
  endfacet
  facet normal 0 -1 -0
    outer loop
      vertex -50.8705 -91.7446 6.26533
      vertex -55.0474 -91.7446 6.03956
      vertex -50.8705 -91.7446 6.03956
    endloop
  endfacet
  facet normal 0 -1 0
    outer loop
      vertex -55.0474 -91.7446 11.5147
      vertex -50.8705 -91.7446 11.7404
      vertex -55.0474 -91.7446 11.7404
    endloop
  endfacet
  facet normal 0 -1 -0
    outer loop
      vertex -50.8705 -91.7446 11.7404
      vertex -55.0474 -91.7446 11.5147
      vertex -50.8705 -91.7446 11.5147
    endloop
  endfacet
  facet normal -1 0 0
    outer loop
      vertex -55.0474 -91.7446 6.03956
      vertex -55.0474 -54.831 6.26533
      vertex -55.0474 -54.831 6.03956
    endloop
  endfacet
  facet normal -1 -0 0
    outer loop
      vertex -55.0474 -54.831 6.26533
      vertex -55.0474 -91.7446 6.03956
      vertex -55.0474 -91.7446 6.26533
    endloop
  endfacet
  facet normal -1 0 0
    outer loop
      vertex -55.0474 -91.7446 11.5147
      vertex -55.0474 -54.831 11.7404
      vertex -55.0474 -54.831 11.5147
    endloop
  endfacet
  facet normal -1 -0 0
    outer loop
      vertex -55.0474 -54.831 11.7404
      vertex -55.0474 -91.7446 11.5147
      vertex -55.0474 -91.7446 11.7404
    endloop
  endfacet
  facet normal 1 -0 0
    outer loop
      vertex -4.26155 -80.0685 6.26533
      vertex -4.26155 -54.831 6.03956
      vertex -4.26155 -54.831 6.26533
    endloop
  endfacet
  facet normal 1 0 0
    outer loop
      vertex -4.26155 -54.831 6.03956
      vertex -4.26155 -80.0685 6.26533
      vertex -4.26155 -80.0685 6.03956
    endloop
  endfacet
  facet normal 1 -0 0
    outer loop
      vertex -4.26155 -80.0685 11.7404
      vertex -4.26155 -54.831 11.5147
      vertex -4.26155 -54.831 11.7404
    endloop
  endfacet
  facet normal 1 0 0
    outer loop
      vertex -4.26155 -54.831 11.5147
      vertex -4.26155 -80.0685 11.7404
      vertex -4.26155 -80.0685 11.5147
    endloop
  endfacet
  facet normal 0 0 1
    outer loop
      vertex -55.2732 -54.831 5.81378
      vertex -55.499 -54.831 5.81378
      vertex -55.2732 -91.9704 5.81378
    endloop
  endfacet
  facet normal 0 0 1
    outer loop
      vertex -4.03578 -80.2417 5.81378
      vertex -3.81 -54.831 5.81378
      vertex -4.03578 -54.831 5.81378
    endloop
  endfacet
  facet normal 0 0 1
    outer loop
      vertex -3.81 -54.831 5.81378
      vertex -4.03578 -80.2417 5.81378
      vertex -3.81 -80.415 5.81378
    endloop
  endfacet
  facet normal 0 0 1
    outer loop
      vertex -25.4 -86.2 5.81378
      vertex -4.03578 -80.2417 5.81378
      vertex -25.4 -85.9663 5.81378
    endloop
  endfacet
  facet normal 0 0 1
    outer loop
      vertex -4.03578 -80.2417 5.81378
      vertex -25.4 -86.2 5.81378
      vertex -3.81 -80.415 5.81378
    endloop
  endfacet
  facet normal 0 0 1
    outer loop
      vertex -25.4 -85.9663 5.81378
      vertex -50.419 -79.4962 5.81378
      vertex -25.4 -86.2 5.81378
    endloop
  endfacet
  facet normal 0 0 1
    outer loop
      vertex -50.6448 -79.2019 5.81378
      vertex -50.419 -79.4962 5.81378
      vertex -25.4 -85.9663 5.81378
    endloop
  endfacet
  facet normal 0 0 1
    outer loop
      vertex -50.6448 -91.9704 5.81378
      vertex -50.419 -79.4962 5.81378
      vertex -50.6448 -79.2019 5.81378
    endloop
  endfacet
  facet normal 0 0 1
    outer loop
      vertex -50.419 -79.4962 5.81378
      vertex -50.6448 -91.9704 5.81378
      vertex -50.419 -92.1962 5.81378
    endloop
  endfacet
  facet normal -0 0 1
    outer loop
      vertex -55.2732 -91.9704 5.81378
      vertex -50.419 -92.1962 5.81378
      vertex -50.6448 -91.9704 5.81378
    endloop
  endfacet
  facet normal 0 0 1
    outer loop
      vertex -55.2732 -91.9704 5.81378
      vertex -55.499 -92.1962 5.81378
      vertex -50.419 -92.1962 5.81378
    endloop
  endfacet
  facet normal 0 0 1
    outer loop
      vertex -55.499 -92.1962 5.81378
      vertex -55.2732 -91.9704 5.81378
      vertex -55.499 -54.831 5.81378
    endloop
  endfacet
  facet normal 0 0 -1
    outer loop
      vertex -50.419 -92.1962 11.9662
      vertex -50.6448 -91.9704 11.9662
      vertex -50.419 -79.4962 11.9662
    endloop
  endfacet
  facet normal 0 0 -1
    outer loop
      vertex -50.419 -92.1962 11.9662
      vertex -55.2732 -91.9704 11.9662
      vertex -50.6448 -91.9704 11.9662
    endloop
  endfacet
  facet normal 0 0 -1
    outer loop
      vertex -55.499 -92.1962 11.9662
      vertex -55.2732 -91.9704 11.9662
      vertex -50.419 -92.1962 11.9662
    endloop
  endfacet
  facet normal 0 0 -1
    outer loop
      vertex -55.499 -54.831 11.9662
      vertex -55.2732 -91.9704 11.9662
      vertex -55.499 -92.1962 11.9662
    endloop
  endfacet
  facet normal 0 0 -1
    outer loop
      vertex -55.2732 -91.9704 11.9662
      vertex -55.499 -54.831 11.9662
      vertex -55.2732 -54.831 11.9662
    endloop
  endfacet
  facet normal 0 0 -1
    outer loop
      vertex -3.81 -80.415 11.9662
      vertex -4.03578 -80.2417 11.9662
      vertex -3.81 -54.831 11.9662
    endloop
  endfacet
  facet normal 0 0 -1
    outer loop
      vertex -25.4 -86.2 11.9662
      vertex -4.03578 -80.2417 11.9662
      vertex -3.81 -80.415 11.9662
    endloop
  endfacet
  facet normal 0 0 -1
    outer loop
      vertex -25.4 -86.2 11.9662
      vertex -25.4 -85.9663 11.9662
      vertex -4.03578 -80.2417 11.9662
    endloop
  endfacet
  facet normal 0 0 -1
    outer loop
      vertex -50.419 -79.4962 11.9662
      vertex -25.4 -85.9663 11.9662
      vertex -25.4 -86.2 11.9662
    endloop
  endfacet
  facet normal 0 0 -1
    outer loop
      vertex -50.419 -79.4962 11.9662
      vertex -50.6448 -79.2019 11.9662
      vertex -25.4 -85.9663 11.9662
    endloop
  endfacet
  facet normal 0 0 -1
    outer loop
      vertex -50.6448 -79.2019 11.9662
      vertex -50.419 -79.4962 11.9662
      vertex -50.6448 -91.9704 11.9662
    endloop
  endfacet
  facet normal -0 0 -1
    outer loop
      vertex -3.81 -54.831 11.9662
      vertex -4.03578 -80.2417 11.9662
      vertex -4.03578 -54.831 11.9662
    endloop
  endfacet
  facet normal 0.258822 -0.965925 0
    outer loop
      vertex -25.4 -85.9663 5.81378
      vertex -4.03578 -80.2417 6.03956
      vertex -25.4 -85.9663 6.03956
    endloop
  endfacet
  facet normal 0.258822 -0.965925 0
    outer loop
      vertex -4.03578 -80.2417 6.03956
      vertex -25.4 -85.9663 5.81378
      vertex -4.03578 -80.2417 5.81378
    endloop
  endfacet
  facet normal 0.258822 -0.965925 0
    outer loop
      vertex -25.4 -85.9663 11.7404
      vertex -4.03578 -80.2417 11.9662
      vertex -25.4 -85.9663 11.9662
    endloop
  endfacet
  facet normal 0.258822 -0.965925 0
    outer loop
      vertex -4.03578 -80.2417 11.9662
      vertex -25.4 -85.9663 11.7404
      vertex -4.03578 -80.2417 11.7404
    endloop
  endfacet
  facet normal -0.258822 -0.965925 0
    outer loop
      vertex -50.6448 -79.2019 5.81378
      vertex -25.4 -85.9663 6.03956
      vertex -50.6448 -79.2019 6.03956
    endloop
  endfacet
  facet normal -0.258822 -0.965925 -0
    outer loop
      vertex -25.4 -85.9663 6.03956
      vertex -50.6448 -79.2019 5.81378
      vertex -25.4 -85.9663 5.81378
    endloop
  endfacet
  facet normal -0.258822 -0.965925 0
    outer loop
      vertex -50.6448 -79.2019 11.7404
      vertex -25.4 -85.9663 11.9662
      vertex -50.6448 -79.2019 11.9662
    endloop
  endfacet
  facet normal -0.258822 -0.965925 -0
    outer loop
      vertex -25.4 -85.9663 11.9662
      vertex -50.6448 -79.2019 11.7404
      vertex -25.4 -85.9663 11.7404
    endloop
  endfacet
  facet normal 1 -0 0
    outer loop
      vertex -50.6448 -91.9704 6.03956
      vertex -50.6448 -79.2019 5.81378
      vertex -50.6448 -79.2019 6.03956
    endloop
  endfacet
  facet normal 1 0 0
    outer loop
      vertex -50.6448 -79.2019 5.81378
      vertex -50.6448 -91.9704 6.03956
      vertex -50.6448 -91.9704 5.81378
    endloop
  endfacet
  facet normal 1 -0 0
    outer loop
      vertex -50.6448 -91.9704 11.9662
      vertex -50.6448 -79.2019 11.7404
      vertex -50.6448 -79.2019 11.9662
    endloop
  endfacet
  facet normal 1 0 0
    outer loop
      vertex -50.6448 -79.2019 11.7404
      vertex -50.6448 -91.9704 11.9662
      vertex -50.6448 -91.9704 11.7404
    endloop
  endfacet
  facet normal 0 -1 0
    outer loop
      vertex -55.2732 -91.9704 5.81378
      vertex -50.6448 -91.9704 6.03956
      vertex -55.2732 -91.9704 6.03956
    endloop
  endfacet
  facet normal 0 -1 -0
    outer loop
      vertex -50.6448 -91.9704 6.03956
      vertex -55.2732 -91.9704 5.81378
      vertex -50.6448 -91.9704 5.81378
    endloop
  endfacet
  facet normal 0 -1 0
    outer loop
      vertex -55.2732 -91.9704 11.7404
      vertex -50.6448 -91.9704 11.9662
      vertex -55.2732 -91.9704 11.9662
    endloop
  endfacet
  facet normal 0 -1 -0
    outer loop
      vertex -50.6448 -91.9704 11.9662
      vertex -55.2732 -91.9704 11.7404
      vertex -50.6448 -91.9704 11.7404
    endloop
  endfacet
  facet normal -1 0 0
    outer loop
      vertex -55.2732 -91.9704 5.81378
      vertex -55.2732 -54.831 6.03956
      vertex -55.2732 -54.831 5.81378
    endloop
  endfacet
  facet normal -1 -0 0
    outer loop
      vertex -55.2732 -54.831 6.03956
      vertex -55.2732 -91.9704 5.81378
      vertex -55.2732 -91.9704 6.03956
    endloop
  endfacet
  facet normal -1 0 0
    outer loop
      vertex -55.2732 -91.9704 11.7404
      vertex -55.2732 -54.831 11.9662
      vertex -55.2732 -54.831 11.7404
    endloop
  endfacet
  facet normal -1 -0 0
    outer loop
      vertex -55.2732 -54.831 11.9662
      vertex -55.2732 -91.9704 11.7404
      vertex -55.2732 -91.9704 11.9662
    endloop
  endfacet
  facet normal 1 -0 0
    outer loop
      vertex -4.03578 -80.2417 6.03956
      vertex -4.03578 -54.831 5.81378
      vertex -4.03578 -54.831 6.03956
    endloop
  endfacet
  facet normal 1 0 0
    outer loop
      vertex -4.03578 -54.831 5.81378
      vertex -4.03578 -80.2417 6.03956
      vertex -4.03578 -80.2417 5.81378
    endloop
  endfacet
  facet normal 1 -0 0
    outer loop
      vertex -4.03578 -80.2417 11.9662
      vertex -4.03578 -54.831 11.7404
      vertex -4.03578 -54.831 11.9662
    endloop
  endfacet
  facet normal 1 0 0
    outer loop
      vertex -4.03578 -54.831 11.7404
      vertex -4.03578 -80.2417 11.9662
      vertex -4.03578 -80.2417 11.7404
    endloop
  endfacet
  facet normal 0 0 1
    outer loop
      vertex -53.467 -54.831 78.74
      vertex -53.6928 -54.831 78.74
      vertex -53.467 -90.1642 78.74
    endloop
  endfacet
  facet normal 0 0 1
    outer loop
      vertex -5.842 -78.8557 78.74
      vertex -5.61623 -54.831 78.74
      vertex -5.842 -54.831 78.74
    endloop
  endfacet
  facet normal 0 0 1
    outer loop
      vertex -5.61623 -54.831 78.74
      vertex -5.842 -78.8557 78.74
      vertex -5.61623 -79.029 78.74
    endloop
  endfacet
  facet normal 0 0 1
    outer loop
      vertex -25.4 -84.3301 78.74
      vertex -5.842 -78.8557 78.74
      vertex -25.4 -84.0963 78.74
    endloop
  endfacet
  facet normal 0 0 1
    outer loop
      vertex -5.842 -78.8557 78.74
      vertex -25.4 -84.3301 78.74
      vertex -5.61623 -79.029 78.74
    endloop
  endfacet
  facet normal 0 0 1
    outer loop
      vertex -25.4 -84.0963 78.74
      vertex -52.2252 -77.1423 78.74
      vertex -25.4 -84.3301 78.74
    endloop
  endfacet
  facet normal 0 0 1
    outer loop
      vertex -52.451 -76.848 78.74
      vertex -52.2252 -77.1423 78.74
      vertex -25.4 -84.0963 78.74
    endloop
  endfacet
  facet normal 0 0 1
    outer loop
      vertex -52.451 -90.1642 78.74
      vertex -52.2252 -77.1423 78.74
      vertex -52.451 -76.848 78.74
    endloop
  endfacet
  facet normal 0 0 1
    outer loop
      vertex -52.2252 -77.1423 78.74
      vertex -52.451 -90.1642 78.74
      vertex -52.2252 -90.3899 78.74
    endloop
  endfacet
  facet normal -0 0 1
    outer loop
      vertex -53.467 -90.1642 78.74
      vertex -52.2252 -90.3899 78.74
      vertex -52.451 -90.1642 78.74
    endloop
  endfacet
  facet normal 0 0 1
    outer loop
      vertex -53.467 -90.1642 78.74
      vertex -53.6928 -90.3899 78.74
      vertex -52.2252 -90.3899 78.74
    endloop
  endfacet
  facet normal 0 0 1
    outer loop
      vertex -53.6928 -90.3899 78.74
      vertex -53.467 -90.1642 78.74
      vertex -53.6928 -54.831 78.74
    endloop
  endfacet
  facet normal 0 0 -1
    outer loop
      vertex -52.2252 -90.3899 81.28
      vertex -52.451 -90.1642 81.28
      vertex -52.2252 -77.1423 81.28
    endloop
  endfacet
  facet normal 0 0 -1
    outer loop
      vertex -52.2252 -90.3899 81.28
      vertex -53.467 -90.1642 81.28
      vertex -52.451 -90.1642 81.28
    endloop
  endfacet
  facet normal 0 0 -1
    outer loop
      vertex -53.6928 -90.3899 81.28
      vertex -53.467 -90.1642 81.28
      vertex -52.2252 -90.3899 81.28
    endloop
  endfacet
  facet normal 0 0 -1
    outer loop
      vertex -53.6928 -54.831 81.28
      vertex -53.467 -90.1642 81.28
      vertex -53.6928 -90.3899 81.28
    endloop
  endfacet
  facet normal 0 0 -1
    outer loop
      vertex -53.467 -90.1642 81.28
      vertex -53.6928 -54.831 81.28
      vertex -53.467 -54.831 81.28
    endloop
  endfacet
  facet normal 0 0 -1
    outer loop
      vertex -5.61623 -79.029 81.28
      vertex -5.842 -78.8557 81.28
      vertex -5.61623 -54.831 81.28
    endloop
  endfacet
  facet normal 0 0 -1
    outer loop
      vertex -25.4 -84.3301 81.28
      vertex -5.842 -78.8557 81.28
      vertex -5.61623 -79.029 81.28
    endloop
  endfacet
  facet normal 0 0 -1
    outer loop
      vertex -25.4 -84.3301 81.28
      vertex -25.4 -84.0963 81.28
      vertex -5.842 -78.8557 81.28
    endloop
  endfacet
  facet normal 0 0 -1
    outer loop
      vertex -52.2252 -77.1423 81.28
      vertex -25.4 -84.0963 81.28
      vertex -25.4 -84.3301 81.28
    endloop
  endfacet
  facet normal 0 0 -1
    outer loop
      vertex -52.2252 -77.1423 81.28
      vertex -52.451 -76.848 81.28
      vertex -25.4 -84.0963 81.28
    endloop
  endfacet
  facet normal 0 0 -1
    outer loop
      vertex -52.451 -76.848 81.28
      vertex -52.2252 -77.1423 81.28
      vertex -52.451 -90.1642 81.28
    endloop
  endfacet
  facet normal -0 0 -1
    outer loop
      vertex -5.61623 -54.831 81.28
      vertex -5.842 -78.8557 81.28
      vertex -5.842 -54.831 81.28
    endloop
  endfacet
  facet normal 0.258821 -0.965925 0
    outer loop
      vertex -25.4 -84.0963 78.74
      vertex -5.842 -78.8557 81.28
      vertex -25.4 -84.0963 81.28
    endloop
  endfacet
  facet normal 0.258821 -0.965925 0
    outer loop
      vertex -5.842 -78.8557 81.28
      vertex -25.4 -84.0963 78.74
      vertex -5.842 -78.8557 78.74
    endloop
  endfacet
  facet normal -0.258819 -0.965926 0
    outer loop
      vertex -52.451 -76.848 78.74
      vertex -25.4 -84.0963 81.28
      vertex -52.451 -76.848 81.28
    endloop
  endfacet
  facet normal -0.258819 -0.965926 -0
    outer loop
      vertex -25.4 -84.0963 81.28
      vertex -52.451 -76.848 78.74
      vertex -25.4 -84.0963 78.74
    endloop
  endfacet
  facet normal 1 -0 0
    outer loop
      vertex -52.451 -90.1642 81.28
      vertex -52.451 -76.848 78.74
      vertex -52.451 -76.848 81.28
    endloop
  endfacet
  facet normal 1 0 0
    outer loop
      vertex -52.451 -76.848 78.74
      vertex -52.451 -90.1642 81.28
      vertex -52.451 -90.1642 78.74
    endloop
  endfacet
  facet normal 0 -1 0
    outer loop
      vertex -53.467 -90.1642 78.74
      vertex -52.451 -90.1642 81.28
      vertex -53.467 -90.1642 81.28
    endloop
  endfacet
  facet normal 0 -1 -0
    outer loop
      vertex -52.451 -90.1642 81.28
      vertex -53.467 -90.1642 78.74
      vertex -52.451 -90.1642 78.74
    endloop
  endfacet
  facet normal -1 0 0
    outer loop
      vertex -53.467 -90.1642 78.74
      vertex -53.467 -54.831 81.28
      vertex -53.467 -54.831 78.74
    endloop
  endfacet
  facet normal -1 -0 0
    outer loop
      vertex -53.467 -54.831 81.28
      vertex -53.467 -90.1642 78.74
      vertex -53.467 -90.1642 81.28
    endloop
  endfacet
  facet normal 1 -0 0
    outer loop
      vertex -5.842 -78.8557 81.28
      vertex -5.842 -54.831 78.74
      vertex -5.842 -54.831 81.28
    endloop
  endfacet
  facet normal 1 0 0
    outer loop
      vertex -5.842 -54.831 78.74
      vertex -5.842 -78.8557 81.28
      vertex -5.842 -78.8557 78.74
    endloop
  endfacet
  facet normal 0 0 1
    outer loop
      vertex -53.6928 -54.831 78.5142
      vertex -53.9185 -54.831 78.5142
      vertex -53.6928 -90.3899 78.5142
    endloop
  endfacet
  facet normal 0 0 1
    outer loop
      vertex -5.61623 -79.029 78.5142
      vertex -5.39044 -54.831 78.5142
      vertex -5.61623 -54.831 78.5142
    endloop
  endfacet
  facet normal 0 0 1
    outer loop
      vertex -5.39044 -54.831 78.5142
      vertex -5.61623 -79.029 78.5142
      vertex -5.39044 -79.2022 78.5142
    endloop
  endfacet
  facet normal 0 0 1
    outer loop
      vertex -25.4 -84.5638 78.5142
      vertex -5.61623 -79.029 78.5142
      vertex -25.4 -84.3301 78.5142
    endloop
  endfacet
  facet normal 0 0 1
    outer loop
      vertex -5.61623 -79.029 78.5142
      vertex -25.4 -84.5638 78.5142
      vertex -5.39044 -79.2022 78.5142
    endloop
  endfacet
  facet normal 0 0 1
    outer loop
      vertex -25.4 -84.3301 78.5142
      vertex -51.9994 -77.4365 78.5142
      vertex -25.4 -84.5638 78.5142
    endloop
  endfacet
  facet normal 0 0 1
    outer loop
      vertex -52.2252 -77.1423 78.5142
      vertex -51.9994 -77.4365 78.5142
      vertex -25.4 -84.3301 78.5142
    endloop
  endfacet
  facet normal 0 0 1
    outer loop
      vertex -52.2252 -90.3899 78.5142
      vertex -51.9994 -77.4365 78.5142
      vertex -52.2252 -77.1423 78.5142
    endloop
  endfacet
  facet normal 0 0 1
    outer loop
      vertex -51.9994 -77.4365 78.5142
      vertex -52.2252 -90.3899 78.5142
      vertex -51.9994 -90.6157 78.5142
    endloop
  endfacet
  facet normal -0 0 1
    outer loop
      vertex -53.6928 -90.3899 78.5142
      vertex -51.9994 -90.6157 78.5142
      vertex -52.2252 -90.3899 78.5142
    endloop
  endfacet
  facet normal 0 0 1
    outer loop
      vertex -53.6928 -90.3899 78.5142
      vertex -53.9185 -90.6157 78.5142
      vertex -51.9994 -90.6157 78.5142
    endloop
  endfacet
  facet normal 0 0 1
    outer loop
      vertex -53.9185 -90.6157 78.5142
      vertex -53.6928 -90.3899 78.5142
      vertex -53.9185 -54.831 78.5142
    endloop
  endfacet
  facet normal 0 0 -1
    outer loop
      vertex -51.9994 -90.6157 81.5058
      vertex -52.2252 -90.3899 81.5058
      vertex -51.9994 -77.4365 81.5058
    endloop
  endfacet
  facet normal 0 0 -1
    outer loop
      vertex -51.9994 -90.6157 81.5058
      vertex -53.6928 -90.3899 81.5058
      vertex -52.2252 -90.3899 81.5058
    endloop
  endfacet
  facet normal 0 0 -1
    outer loop
      vertex -53.9185 -90.6157 81.5058
      vertex -53.6928 -90.3899 81.5058
      vertex -51.9994 -90.6157 81.5058
    endloop
  endfacet
  facet normal 0 0 -1
    outer loop
      vertex -53.9185 -54.831 81.5058
      vertex -53.6928 -90.3899 81.5058
      vertex -53.9185 -90.6157 81.5058
    endloop
  endfacet
  facet normal 0 0 -1
    outer loop
      vertex -53.6928 -90.3899 81.5058
      vertex -53.9185 -54.831 81.5058
      vertex -53.6928 -54.831 81.5058
    endloop
  endfacet
  facet normal 0 0 -1
    outer loop
      vertex -5.39044 -79.2022 81.5058
      vertex -5.61623 -79.029 81.5058
      vertex -5.39044 -54.831 81.5058
    endloop
  endfacet
  facet normal 0 0 -1
    outer loop
      vertex -25.4 -84.5638 81.5058
      vertex -5.61623 -79.029 81.5058
      vertex -5.39044 -79.2022 81.5058
    endloop
  endfacet
  facet normal 0 0 -1
    outer loop
      vertex -25.4 -84.5638 81.5058
      vertex -25.4 -84.3301 81.5058
      vertex -5.61623 -79.029 81.5058
    endloop
  endfacet
  facet normal 0 0 -1
    outer loop
      vertex -51.9994 -77.4365 81.5058
      vertex -25.4 -84.3301 81.5058
      vertex -25.4 -84.5638 81.5058
    endloop
  endfacet
  facet normal 0 0 -1
    outer loop
      vertex -51.9994 -77.4365 81.5058
      vertex -52.2252 -77.1423 81.5058
      vertex -25.4 -84.3301 81.5058
    endloop
  endfacet
  facet normal 0 0 -1
    outer loop
      vertex -52.2252 -77.1423 81.5058
      vertex -51.9994 -77.4365 81.5058
      vertex -52.2252 -90.3899 81.5058
    endloop
  endfacet
  facet normal -0 0 -1
    outer loop
      vertex -5.39044 -54.831 81.5058
      vertex -5.61623 -79.029 81.5058
      vertex -5.61623 -54.831 81.5058
    endloop
  endfacet
  facet normal 0.258822 -0.965925 0
    outer loop
      vertex -25.4 -84.3301 78.5142
      vertex -5.61623 -79.029 78.74
      vertex -25.4 -84.3301 78.74
    endloop
  endfacet
  facet normal 0.258822 -0.965925 0
    outer loop
      vertex -5.61623 -79.029 78.74
      vertex -25.4 -84.3301 78.5142
      vertex -5.61623 -79.029 78.5142
    endloop
  endfacet
  facet normal 0.258822 -0.965925 0
    outer loop
      vertex -25.4 -84.3301 81.28
      vertex -5.61623 -79.029 81.5058
      vertex -25.4 -84.3301 81.5058
    endloop
  endfacet
  facet normal 0.258822 -0.965925 0
    outer loop
      vertex -5.61623 -79.029 81.5058
      vertex -25.4 -84.3301 81.28
      vertex -5.61623 -79.029 81.28
    endloop
  endfacet
  facet normal -0.258819 -0.965926 0
    outer loop
      vertex -52.2252 -77.1423 78.5142
      vertex -25.4 -84.3301 78.74
      vertex -52.2252 -77.1423 78.74
    endloop
  endfacet
  facet normal -0.258819 -0.965926 -0
    outer loop
      vertex -25.4 -84.3301 78.74
      vertex -52.2252 -77.1423 78.5142
      vertex -25.4 -84.3301 78.5142
    endloop
  endfacet
  facet normal -0.258819 -0.965926 0
    outer loop
      vertex -52.2252 -77.1423 81.28
      vertex -25.4 -84.3301 81.5058
      vertex -52.2252 -77.1423 81.5058
    endloop
  endfacet
  facet normal -0.258819 -0.965926 -0
    outer loop
      vertex -25.4 -84.3301 81.5058
      vertex -52.2252 -77.1423 81.28
      vertex -25.4 -84.3301 81.28
    endloop
  endfacet
  facet normal 1 -0 0
    outer loop
      vertex -52.2252 -90.3899 78.74
      vertex -52.2252 -77.1423 78.5142
      vertex -52.2252 -77.1423 78.74
    endloop
  endfacet
  facet normal 1 0 0
    outer loop
      vertex -52.2252 -77.1423 78.5142
      vertex -52.2252 -90.3899 78.74
      vertex -52.2252 -90.3899 78.5142
    endloop
  endfacet
  facet normal 1 -0 0
    outer loop
      vertex -52.2252 -90.3899 81.5058
      vertex -52.2252 -77.1423 81.28
      vertex -52.2252 -77.1423 81.5058
    endloop
  endfacet
  facet normal 1 0 0
    outer loop
      vertex -52.2252 -77.1423 81.28
      vertex -52.2252 -90.3899 81.5058
      vertex -52.2252 -90.3899 81.28
    endloop
  endfacet
  facet normal 0 -1 0
    outer loop
      vertex -53.6928 -90.3899 78.5142
      vertex -52.2252 -90.3899 78.74
      vertex -53.6928 -90.3899 78.74
    endloop
  endfacet
  facet normal 0 -1 -0
    outer loop
      vertex -52.2252 -90.3899 78.74
      vertex -53.6928 -90.3899 78.5142
      vertex -52.2252 -90.3899 78.5142
    endloop
  endfacet
  facet normal 0 -1 0
    outer loop
      vertex -53.6928 -90.3899 81.28
      vertex -52.2252 -90.3899 81.5058
      vertex -53.6928 -90.3899 81.5058
    endloop
  endfacet
  facet normal 0 -1 -0
    outer loop
      vertex -52.2252 -90.3899 81.5058
      vertex -53.6928 -90.3899 81.28
      vertex -52.2252 -90.3899 81.28
    endloop
  endfacet
  facet normal -1 0 0
    outer loop
      vertex -53.6928 -90.3899 78.5142
      vertex -53.6928 -54.831 78.74
      vertex -53.6928 -54.831 78.5142
    endloop
  endfacet
  facet normal -1 -0 0
    outer loop
      vertex -53.6928 -54.831 78.74
      vertex -53.6928 -90.3899 78.5142
      vertex -53.6928 -90.3899 78.74
    endloop
  endfacet
  facet normal -1 0 0
    outer loop
      vertex -53.6928 -90.3899 81.28
      vertex -53.6928 -54.831 81.5058
      vertex -53.6928 -54.831 81.28
    endloop
  endfacet
  facet normal -1 -0 0
    outer loop
      vertex -53.6928 -54.831 81.5058
      vertex -53.6928 -90.3899 81.28
      vertex -53.6928 -90.3899 81.5058
    endloop
  endfacet
  facet normal 1 -0 0
    outer loop
      vertex -5.61623 -79.029 78.74
      vertex -5.61623 -54.831 78.5142
      vertex -5.61623 -54.831 78.74
    endloop
  endfacet
  facet normal 1 0 0
    outer loop
      vertex -5.61623 -54.831 78.5142
      vertex -5.61623 -79.029 78.74
      vertex -5.61623 -79.029 78.5142
    endloop
  endfacet
  facet normal 1 -0 0
    outer loop
      vertex -5.61623 -79.029 81.5058
      vertex -5.61623 -54.831 81.28
      vertex -5.61623 -54.831 81.5058
    endloop
  endfacet
  facet normal 1 0 0
    outer loop
      vertex -5.61623 -54.831 81.28
      vertex -5.61623 -79.029 81.5058
      vertex -5.61623 -79.029 81.28
    endloop
  endfacet
  facet normal 0 0 1
    outer loop
      vertex -53.9185 -54.831 78.2884
      vertex -54.1443 -54.831 78.2884
      vertex -53.9185 -90.6157 78.2884
    endloop
  endfacet
  facet normal 0 0 1
    outer loop
      vertex -5.39044 -79.2022 78.2884
      vertex -5.16466 -54.831 78.2884
      vertex -5.39044 -54.831 78.2884
    endloop
  endfacet
  facet normal 0 0 1
    outer loop
      vertex -5.16466 -54.831 78.2884
      vertex -5.39044 -79.2022 78.2884
      vertex -5.16466 -79.3755 78.2884
    endloop
  endfacet
  facet normal 0 0 1
    outer loop
      vertex -25.4 -84.7975 78.2884
      vertex -5.39044 -79.2022 78.2884
      vertex -25.4 -84.5638 78.2884
    endloop
  endfacet
  facet normal 0 0 1
    outer loop
      vertex -5.39044 -79.2022 78.2884
      vertex -25.4 -84.7975 78.2884
      vertex -5.16466 -79.3755 78.2884
    endloop
  endfacet
  facet normal 0 0 1
    outer loop
      vertex -25.4 -84.5638 78.2884
      vertex -51.7737 -77.7307 78.2884
      vertex -25.4 -84.7975 78.2884
    endloop
  endfacet
  facet normal 0 0 1
    outer loop
      vertex -51.9994 -77.4365 78.2884
      vertex -51.7737 -77.7307 78.2884
      vertex -25.4 -84.5638 78.2884
    endloop
  endfacet
  facet normal 0 0 1
    outer loop
      vertex -51.9994 -90.6157 78.2884
      vertex -51.7737 -77.7307 78.2884
      vertex -51.9994 -77.4365 78.2884
    endloop
  endfacet
  facet normal 0 0 1
    outer loop
      vertex -51.7737 -77.7307 78.2884
      vertex -51.9994 -90.6157 78.2884
      vertex -51.7737 -90.8415 78.2884
    endloop
  endfacet
  facet normal -0 0 1
    outer loop
      vertex -53.9185 -90.6157 78.2884
      vertex -51.7737 -90.8415 78.2884
      vertex -51.9994 -90.6157 78.2884
    endloop
  endfacet
  facet normal 0 0 1
    outer loop
      vertex -53.9185 -90.6157 78.2884
      vertex -54.1443 -90.8415 78.2884
      vertex -51.7737 -90.8415 78.2884
    endloop
  endfacet
  facet normal 0 0 1
    outer loop
      vertex -54.1443 -90.8415 78.2884
      vertex -53.9185 -90.6157 78.2884
      vertex -54.1443 -54.831 78.2884
    endloop
  endfacet
  facet normal 0 0 -1
    outer loop
      vertex -51.7737 -90.8415 81.7316
      vertex -51.9994 -90.6157 81.7316
      vertex -51.7737 -77.7307 81.7316
    endloop
  endfacet
  facet normal 0 0 -1
    outer loop
      vertex -51.7737 -90.8415 81.7316
      vertex -53.9185 -90.6157 81.7316
      vertex -51.9994 -90.6157 81.7316
    endloop
  endfacet
  facet normal 0 0 -1
    outer loop
      vertex -54.1443 -90.8415 81.7316
      vertex -53.9185 -90.6157 81.7316
      vertex -51.7737 -90.8415 81.7316
    endloop
  endfacet
  facet normal 0 0 -1
    outer loop
      vertex -54.1443 -54.831 81.7316
      vertex -53.9185 -90.6157 81.7316
      vertex -54.1443 -90.8415 81.7316
    endloop
  endfacet
  facet normal 0 0 -1
    outer loop
      vertex -53.9185 -90.6157 81.7316
      vertex -54.1443 -54.831 81.7316
      vertex -53.9185 -54.831 81.7316
    endloop
  endfacet
  facet normal 0 0 -1
    outer loop
      vertex -5.16466 -79.3755 81.7316
      vertex -5.39044 -79.2022 81.7316
      vertex -5.16466 -54.831 81.7316
    endloop
  endfacet
  facet normal 0 0 -1
    outer loop
      vertex -25.4 -84.7975 81.7316
      vertex -5.39044 -79.2022 81.7316
      vertex -5.16466 -79.3755 81.7316
    endloop
  endfacet
  facet normal 0 0 -1
    outer loop
      vertex -25.4 -84.7975 81.7316
      vertex -25.4 -84.5638 81.7316
      vertex -5.39044 -79.2022 81.7316
    endloop
  endfacet
  facet normal 0 0 -1
    outer loop
      vertex -51.7737 -77.7307 81.7316
      vertex -25.4 -84.5638 81.7316
      vertex -25.4 -84.7975 81.7316
    endloop
  endfacet
  facet normal 0 0 -1
    outer loop
      vertex -51.7737 -77.7307 81.7316
      vertex -51.9994 -77.4365 81.7316
      vertex -25.4 -84.5638 81.7316
    endloop
  endfacet
  facet normal 0 0 -1
    outer loop
      vertex -51.9994 -77.4365 81.7316
      vertex -51.7737 -77.7307 81.7316
      vertex -51.9994 -90.6157 81.7316
    endloop
  endfacet
  facet normal -0 0 -1
    outer loop
      vertex -5.16466 -54.831 81.7316
      vertex -5.39044 -79.2022 81.7316
      vertex -5.39044 -54.831 81.7316
    endloop
  endfacet
  facet normal 0.258822 -0.965925 0
    outer loop
      vertex -25.4 -84.5638 78.2884
      vertex -5.39044 -79.2022 78.5142
      vertex -25.4 -84.5638 78.5142
    endloop
  endfacet
  facet normal 0.258822 -0.965925 0
    outer loop
      vertex -5.39044 -79.2022 78.5142
      vertex -25.4 -84.5638 78.2884
      vertex -5.39044 -79.2022 78.2884
    endloop
  endfacet
  facet normal 0.258822 -0.965925 0
    outer loop
      vertex -25.4 -84.5638 81.5058
      vertex -5.39044 -79.2022 81.7316
      vertex -25.4 -84.5638 81.7316
    endloop
  endfacet
  facet normal 0.258822 -0.965925 0
    outer loop
      vertex -5.39044 -79.2022 81.7316
      vertex -25.4 -84.5638 81.5058
      vertex -5.39044 -79.2022 81.5058
    endloop
  endfacet
  facet normal -0.258819 -0.965926 0
    outer loop
      vertex -51.9994 -77.4365 78.2884
      vertex -25.4 -84.5638 78.5142
      vertex -51.9994 -77.4365 78.5142
    endloop
  endfacet
  facet normal -0.258819 -0.965926 -0
    outer loop
      vertex -25.4 -84.5638 78.5142
      vertex -51.9994 -77.4365 78.2884
      vertex -25.4 -84.5638 78.2884
    endloop
  endfacet
  facet normal -0.258819 -0.965926 0
    outer loop
      vertex -51.9994 -77.4365 81.5058
      vertex -25.4 -84.5638 81.7316
      vertex -51.9994 -77.4365 81.7316
    endloop
  endfacet
  facet normal -0.258819 -0.965926 -0
    outer loop
      vertex -25.4 -84.5638 81.7316
      vertex -51.9994 -77.4365 81.5058
      vertex -25.4 -84.5638 81.5058
    endloop
  endfacet
  facet normal 1 -0 0
    outer loop
      vertex -51.9994 -90.6157 78.5142
      vertex -51.9994 -77.4365 78.2884
      vertex -51.9994 -77.4365 78.5142
    endloop
  endfacet
  facet normal 1 0 0
    outer loop
      vertex -51.9994 -77.4365 78.2884
      vertex -51.9994 -90.6157 78.5142
      vertex -51.9994 -90.6157 78.2884
    endloop
  endfacet
  facet normal 1 -0 0
    outer loop
      vertex -51.9994 -90.6157 81.7316
      vertex -51.9994 -77.4365 81.5058
      vertex -51.9994 -77.4365 81.7316
    endloop
  endfacet
  facet normal 1 0 0
    outer loop
      vertex -51.9994 -77.4365 81.5058
      vertex -51.9994 -90.6157 81.7316
      vertex -51.9994 -90.6157 81.5058
    endloop
  endfacet
  facet normal 0 -1 0
    outer loop
      vertex -53.9185 -90.6157 78.2884
      vertex -51.9994 -90.6157 78.5142
      vertex -53.9185 -90.6157 78.5142
    endloop
  endfacet
  facet normal 0 -1 -0
    outer loop
      vertex -51.9994 -90.6157 78.5142
      vertex -53.9185 -90.6157 78.2884
      vertex -51.9994 -90.6157 78.2884
    endloop
  endfacet
  facet normal 0 -1 0
    outer loop
      vertex -53.9185 -90.6157 81.5058
      vertex -51.9994 -90.6157 81.7316
      vertex -53.9185 -90.6157 81.7316
    endloop
  endfacet
  facet normal 0 -1 -0
    outer loop
      vertex -51.9994 -90.6157 81.7316
      vertex -53.9185 -90.6157 81.5058
      vertex -51.9994 -90.6157 81.5058
    endloop
  endfacet
  facet normal -1 0 0
    outer loop
      vertex -53.9185 -90.6157 78.2884
      vertex -53.9185 -54.831 78.5142
      vertex -53.9185 -54.831 78.2884
    endloop
  endfacet
  facet normal -1 -0 0
    outer loop
      vertex -53.9185 -54.831 78.5142
      vertex -53.9185 -90.6157 78.2884
      vertex -53.9185 -90.6157 78.5142
    endloop
  endfacet
  facet normal -1 0 0
    outer loop
      vertex -53.9185 -90.6157 81.5058
      vertex -53.9185 -54.831 81.7316
      vertex -53.9185 -54.831 81.5058
    endloop
  endfacet
  facet normal -1 -0 0
    outer loop
      vertex -53.9185 -54.831 81.7316
      vertex -53.9185 -90.6157 81.5058
      vertex -53.9185 -90.6157 81.7316
    endloop
  endfacet
  facet normal 1 -0 0
    outer loop
      vertex -5.39044 -79.2022 78.5142
      vertex -5.39044 -54.831 78.2884
      vertex -5.39044 -54.831 78.5142
    endloop
  endfacet
  facet normal 1 0 0
    outer loop
      vertex -5.39044 -54.831 78.2884
      vertex -5.39044 -79.2022 78.5142
      vertex -5.39044 -79.2022 78.2884
    endloop
  endfacet
  facet normal 1 -0 0
    outer loop
      vertex -5.39044 -79.2022 81.7316
      vertex -5.39044 -54.831 81.5058
      vertex -5.39044 -54.831 81.7316
    endloop
  endfacet
  facet normal 1 0 0
    outer loop
      vertex -5.39044 -54.831 81.5058
      vertex -5.39044 -79.2022 81.7316
      vertex -5.39044 -79.2022 81.5058
    endloop
  endfacet
  facet normal 0 0 1
    outer loop
      vertex -54.1443 -54.831 78.0627
      vertex -54.3701 -54.831 78.0627
      vertex -54.1443 -90.8415 78.0627
    endloop
  endfacet
  facet normal 0 0 1
    outer loop
      vertex -5.16466 -79.3755 78.0627
      vertex -4.93889 -54.831 78.0627
      vertex -5.16466 -54.831 78.0627
    endloop
  endfacet
  facet normal 0 0 1
    outer loop
      vertex -4.93889 -54.831 78.0627
      vertex -5.16466 -79.3755 78.0627
      vertex -4.93889 -79.5487 78.0627
    endloop
  endfacet
  facet normal 0 0 1
    outer loop
      vertex -25.4 -85.0313 78.0627
      vertex -5.16466 -79.3755 78.0627
      vertex -25.4 -84.7975 78.0627
    endloop
  endfacet
  facet normal 0 0 1
    outer loop
      vertex -5.16466 -79.3755 78.0627
      vertex -25.4 -85.0313 78.0627
      vertex -4.93889 -79.5487 78.0627
    endloop
  endfacet
  facet normal 0 0 1
    outer loop
      vertex -25.4 -84.7975 78.0627
      vertex -51.5479 -78.025 78.0627
      vertex -25.4 -85.0313 78.0627
    endloop
  endfacet
  facet normal 0 0 1
    outer loop
      vertex -51.7737 -77.7307 78.0627
      vertex -51.5479 -78.025 78.0627
      vertex -25.4 -84.7975 78.0627
    endloop
  endfacet
  facet normal 0 0 1
    outer loop
      vertex -51.7737 -90.8415 78.0627
      vertex -51.5479 -78.025 78.0627
      vertex -51.7737 -77.7307 78.0627
    endloop
  endfacet
  facet normal 0 0 1
    outer loop
      vertex -51.5479 -78.025 78.0627
      vertex -51.7737 -90.8415 78.0627
      vertex -51.5479 -91.0673 78.0627
    endloop
  endfacet
  facet normal -0 0 1
    outer loop
      vertex -54.1443 -90.8415 78.0627
      vertex -51.5479 -91.0673 78.0627
      vertex -51.7737 -90.8415 78.0627
    endloop
  endfacet
  facet normal 0 0 1
    outer loop
      vertex -54.1443 -90.8415 78.0627
      vertex -54.3701 -91.0673 78.0627
      vertex -51.5479 -91.0673 78.0627
    endloop
  endfacet
  facet normal 0 0 1
    outer loop
      vertex -54.3701 -91.0673 78.0627
      vertex -54.1443 -90.8415 78.0627
      vertex -54.3701 -54.831 78.0627
    endloop
  endfacet
  facet normal 0 0 -1
    outer loop
      vertex -51.5479 -91.0673 81.9573
      vertex -51.7737 -90.8415 81.9573
      vertex -51.5479 -78.025 81.9573
    endloop
  endfacet
  facet normal 0 0 -1
    outer loop
      vertex -51.5479 -91.0673 81.9573
      vertex -54.1443 -90.8415 81.9573
      vertex -51.7737 -90.8415 81.9573
    endloop
  endfacet
  facet normal 0 0 -1
    outer loop
      vertex -54.3701 -91.0673 81.9573
      vertex -54.1443 -90.8415 81.9573
      vertex -51.5479 -91.0673 81.9573
    endloop
  endfacet
  facet normal 0 0 -1
    outer loop
      vertex -54.3701 -54.831 81.9573
      vertex -54.1443 -90.8415 81.9573
      vertex -54.3701 -91.0673 81.9573
    endloop
  endfacet
  facet normal 0 0 -1
    outer loop
      vertex -54.1443 -90.8415 81.9573
      vertex -54.3701 -54.831 81.9573
      vertex -54.1443 -54.831 81.9573
    endloop
  endfacet
  facet normal 0 0 -1
    outer loop
      vertex -4.93889 -79.5487 81.9573
      vertex -5.16466 -79.3755 81.9573
      vertex -4.93889 -54.831 81.9573
    endloop
  endfacet
  facet normal 0 0 -1
    outer loop
      vertex -25.4 -85.0313 81.9573
      vertex -5.16466 -79.3755 81.9573
      vertex -4.93889 -79.5487 81.9573
    endloop
  endfacet
  facet normal 0 0 -1
    outer loop
      vertex -25.4 -85.0313 81.9573
      vertex -25.4 -84.7975 81.9573
      vertex -5.16466 -79.3755 81.9573
    endloop
  endfacet
  facet normal 0 0 -1
    outer loop
      vertex -51.5479 -78.025 81.9573
      vertex -25.4 -84.7975 81.9573
      vertex -25.4 -85.0313 81.9573
    endloop
  endfacet
  facet normal 0 0 -1
    outer loop
      vertex -51.5479 -78.025 81.9573
      vertex -51.7737 -77.7307 81.9573
      vertex -25.4 -84.7975 81.9573
    endloop
  endfacet
  facet normal 0 0 -1
    outer loop
      vertex -51.7737 -77.7307 81.9573
      vertex -51.5479 -78.025 81.9573
      vertex -51.7737 -90.8415 81.9573
    endloop
  endfacet
  facet normal -0 0 -1
    outer loop
      vertex -4.93889 -54.831 81.9573
      vertex -5.16466 -79.3755 81.9573
      vertex -5.16466 -54.831 81.9573
    endloop
  endfacet
  facet normal 0.258817 -0.965926 0
    outer loop
      vertex -25.4 -84.7975 78.0627
      vertex -5.16466 -79.3755 78.2884
      vertex -25.4 -84.7975 78.2884
    endloop
  endfacet
  facet normal 0.258817 -0.965926 0
    outer loop
      vertex -5.16466 -79.3755 78.2884
      vertex -25.4 -84.7975 78.0627
      vertex -5.16466 -79.3755 78.0627
    endloop
  endfacet
  facet normal 0.258817 -0.965926 0
    outer loop
      vertex -25.4 -84.7975 81.7316
      vertex -5.16466 -79.3755 81.9573
      vertex -25.4 -84.7975 81.9573
    endloop
  endfacet
  facet normal 0.258817 -0.965926 0
    outer loop
      vertex -5.16466 -79.3755 81.9573
      vertex -25.4 -84.7975 81.7316
      vertex -5.16466 -79.3755 81.7316
    endloop
  endfacet
  facet normal -0.258819 -0.965926 0
    outer loop
      vertex -51.7737 -77.7307 78.0627
      vertex -25.4 -84.7975 78.2884
      vertex -51.7737 -77.7307 78.2884
    endloop
  endfacet
  facet normal -0.258819 -0.965926 -0
    outer loop
      vertex -25.4 -84.7975 78.2884
      vertex -51.7737 -77.7307 78.0627
      vertex -25.4 -84.7975 78.0627
    endloop
  endfacet
  facet normal -0.258819 -0.965926 0
    outer loop
      vertex -51.7737 -77.7307 81.7316
      vertex -25.4 -84.7975 81.9573
      vertex -51.7737 -77.7307 81.9573
    endloop
  endfacet
  facet normal -0.258819 -0.965926 -0
    outer loop
      vertex -25.4 -84.7975 81.9573
      vertex -51.7737 -77.7307 81.7316
      vertex -25.4 -84.7975 81.7316
    endloop
  endfacet
  facet normal 1 -0 0
    outer loop
      vertex -51.7737 -90.8415 78.2884
      vertex -51.7737 -77.7307 78.0627
      vertex -51.7737 -77.7307 78.2884
    endloop
  endfacet
  facet normal 1 0 0
    outer loop
      vertex -51.7737 -77.7307 78.0627
      vertex -51.7737 -90.8415 78.2884
      vertex -51.7737 -90.8415 78.0627
    endloop
  endfacet
  facet normal 1 -0 0
    outer loop
      vertex -51.7737 -90.8415 81.9573
      vertex -51.7737 -77.7307 81.7316
      vertex -51.7737 -77.7307 81.9573
    endloop
  endfacet
  facet normal 1 0 0
    outer loop
      vertex -51.7737 -77.7307 81.7316
      vertex -51.7737 -90.8415 81.9573
      vertex -51.7737 -90.8415 81.7316
    endloop
  endfacet
  facet normal 0 -1 0
    outer loop
      vertex -54.1443 -90.8415 78.0627
      vertex -51.7737 -90.8415 78.2884
      vertex -54.1443 -90.8415 78.2884
    endloop
  endfacet
  facet normal 0 -1 -0
    outer loop
      vertex -51.7737 -90.8415 78.2884
      vertex -54.1443 -90.8415 78.0627
      vertex -51.7737 -90.8415 78.0627
    endloop
  endfacet
  facet normal 0 -1 0
    outer loop
      vertex -54.1443 -90.8415 81.7316
      vertex -51.7737 -90.8415 81.9573
      vertex -54.1443 -90.8415 81.9573
    endloop
  endfacet
  facet normal 0 -1 -0
    outer loop
      vertex -51.7737 -90.8415 81.9573
      vertex -54.1443 -90.8415 81.7316
      vertex -51.7737 -90.8415 81.7316
    endloop
  endfacet
  facet normal -1 0 0
    outer loop
      vertex -54.1443 -90.8415 78.0627
      vertex -54.1443 -54.831 78.2884
      vertex -54.1443 -54.831 78.0627
    endloop
  endfacet
  facet normal -1 -0 0
    outer loop
      vertex -54.1443 -54.831 78.2884
      vertex -54.1443 -90.8415 78.0627
      vertex -54.1443 -90.8415 78.2884
    endloop
  endfacet
  facet normal -1 0 0
    outer loop
      vertex -54.1443 -90.8415 81.7316
      vertex -54.1443 -54.831 81.9573
      vertex -54.1443 -54.831 81.7316
    endloop
  endfacet
  facet normal -1 -0 0
    outer loop
      vertex -54.1443 -54.831 81.9573
      vertex -54.1443 -90.8415 81.7316
      vertex -54.1443 -90.8415 81.9573
    endloop
  endfacet
  facet normal 1 -0 0
    outer loop
      vertex -5.16466 -79.3755 78.2884
      vertex -5.16466 -54.831 78.0627
      vertex -5.16466 -54.831 78.2884
    endloop
  endfacet
  facet normal 1 0 0
    outer loop
      vertex -5.16466 -54.831 78.0627
      vertex -5.16466 -79.3755 78.2884
      vertex -5.16466 -79.3755 78.0627
    endloop
  endfacet
  facet normal 1 -0 0
    outer loop
      vertex -5.16466 -79.3755 81.9573
      vertex -5.16466 -54.831 81.7316
      vertex -5.16466 -54.831 81.9573
    endloop
  endfacet
  facet normal 1 0 0
    outer loop
      vertex -5.16466 -54.831 81.7316
      vertex -5.16466 -79.3755 81.9573
      vertex -5.16466 -79.3755 81.7316
    endloop
  endfacet
  facet normal 0 0 1
    outer loop
      vertex -54.3701 -54.831 77.8369
      vertex -54.5959 -54.831 77.8369
      vertex -54.3701 -91.0673 77.8369
    endloop
  endfacet
  facet normal 0 0 1
    outer loop
      vertex -4.93889 -79.5487 77.8369
      vertex -4.7131 -54.831 77.8369
      vertex -4.93889 -54.831 77.8369
    endloop
  endfacet
  facet normal 0 0 1
    outer loop
      vertex -4.7131 -54.831 77.8369
      vertex -4.93889 -79.5487 77.8369
      vertex -4.7131 -79.722 77.8369
    endloop
  endfacet
  facet normal 0 0 1
    outer loop
      vertex -25.4 -85.265 77.8369
      vertex -4.93889 -79.5487 77.8369
      vertex -25.4 -85.0313 77.8369
    endloop
  endfacet
  facet normal 0 0 1
    outer loop
      vertex -4.93889 -79.5487 77.8369
      vertex -25.4 -85.265 77.8369
      vertex -4.7131 -79.722 77.8369
    endloop
  endfacet
  facet normal 0 0 1
    outer loop
      vertex -25.4 -85.0313 77.8369
      vertex -51.3221 -78.3192 77.8369
      vertex -25.4 -85.265 77.8369
    endloop
  endfacet
  facet normal 0 0 1
    outer loop
      vertex -51.5479 -78.025 77.8369
      vertex -51.3221 -78.3192 77.8369
      vertex -25.4 -85.0313 77.8369
    endloop
  endfacet
  facet normal 0 0 1
    outer loop
      vertex -51.5479 -91.0673 77.8369
      vertex -51.3221 -78.3192 77.8369
      vertex -51.5479 -78.025 77.8369
    endloop
  endfacet
  facet normal 0 0 1
    outer loop
      vertex -51.3221 -78.3192 77.8369
      vertex -51.5479 -91.0673 77.8369
      vertex -51.3221 -91.2931 77.8369
    endloop
  endfacet
  facet normal -0 0 1
    outer loop
      vertex -54.3701 -91.0673 77.8369
      vertex -51.3221 -91.2931 77.8369
      vertex -51.5479 -91.0673 77.8369
    endloop
  endfacet
  facet normal 0 0 1
    outer loop
      vertex -54.3701 -91.0673 77.8369
      vertex -54.5959 -91.2931 77.8369
      vertex -51.3221 -91.2931 77.8369
    endloop
  endfacet
  facet normal 0 0 1
    outer loop
      vertex -54.5959 -91.2931 77.8369
      vertex -54.3701 -91.0673 77.8369
      vertex -54.5959 -54.831 77.8369
    endloop
  endfacet
  facet normal 0 0 -1
    outer loop
      vertex -51.3221 -91.2931 82.1831
      vertex -51.5479 -91.0673 82.1831
      vertex -51.3221 -78.3192 82.1831
    endloop
  endfacet
  facet normal 0 0 -1
    outer loop
      vertex -51.3221 -91.2931 82.1831
      vertex -54.3701 -91.0673 82.1831
      vertex -51.5479 -91.0673 82.1831
    endloop
  endfacet
  facet normal 0 0 -1
    outer loop
      vertex -54.5959 -91.2931 82.1831
      vertex -54.3701 -91.0673 82.1831
      vertex -51.3221 -91.2931 82.1831
    endloop
  endfacet
  facet normal 0 0 -1
    outer loop
      vertex -54.5959 -54.831 82.1831
      vertex -54.3701 -91.0673 82.1831
      vertex -54.5959 -91.2931 82.1831
    endloop
  endfacet
  facet normal 0 0 -1
    outer loop
      vertex -54.3701 -91.0673 82.1831
      vertex -54.5959 -54.831 82.1831
      vertex -54.3701 -54.831 82.1831
    endloop
  endfacet
  facet normal 0 0 -1
    outer loop
      vertex -4.7131 -79.722 82.1831
      vertex -4.93889 -79.5487 82.1831
      vertex -4.7131 -54.831 82.1831
    endloop
  endfacet
  facet normal 0 0 -1
    outer loop
      vertex -25.4 -85.265 82.1831
      vertex -4.93889 -79.5487 82.1831
      vertex -4.7131 -79.722 82.1831
    endloop
  endfacet
  facet normal 0 0 -1
    outer loop
      vertex -25.4 -85.265 82.1831
      vertex -25.4 -85.0313 82.1831
      vertex -4.93889 -79.5487 82.1831
    endloop
  endfacet
  facet normal 0 0 -1
    outer loop
      vertex -51.3221 -78.3192 82.1831
      vertex -25.4 -85.0313 82.1831
      vertex -25.4 -85.265 82.1831
    endloop
  endfacet
  facet normal 0 0 -1
    outer loop
      vertex -51.3221 -78.3192 82.1831
      vertex -51.5479 -78.025 82.1831
      vertex -25.4 -85.0313 82.1831
    endloop
  endfacet
  facet normal 0 0 -1
    outer loop
      vertex -51.5479 -78.025 82.1831
      vertex -51.3221 -78.3192 82.1831
      vertex -51.5479 -91.0673 82.1831
    endloop
  endfacet
  facet normal -0 0 -1
    outer loop
      vertex -4.7131 -54.831 82.1831
      vertex -4.93889 -79.5487 82.1831
      vertex -4.93889 -54.831 82.1831
    endloop
  endfacet
  facet normal 0.258822 -0.965925 0
    outer loop
      vertex -25.4 -85.0313 77.8369
      vertex -4.93889 -79.5487 78.0627
      vertex -25.4 -85.0313 78.0627
    endloop
  endfacet
  facet normal 0.258822 -0.965925 0
    outer loop
      vertex -4.93889 -79.5487 78.0627
      vertex -25.4 -85.0313 77.8369
      vertex -4.93889 -79.5487 77.8369
    endloop
  endfacet
  facet normal 0.258822 -0.965925 0
    outer loop
      vertex -25.4 -85.0313 81.9573
      vertex -4.93889 -79.5487 82.1831
      vertex -25.4 -85.0313 82.1831
    endloop
  endfacet
  facet normal 0.258822 -0.965925 0
    outer loop
      vertex -4.93889 -79.5487 82.1831
      vertex -25.4 -85.0313 81.9573
      vertex -4.93889 -79.5487 81.9573
    endloop
  endfacet
  facet normal -0.258819 -0.965926 0
    outer loop
      vertex -51.5479 -78.025 77.8369
      vertex -25.4 -85.0313 78.0627
      vertex -51.5479 -78.025 78.0627
    endloop
  endfacet
  facet normal -0.258819 -0.965926 -0
    outer loop
      vertex -25.4 -85.0313 78.0627
      vertex -51.5479 -78.025 77.8369
      vertex -25.4 -85.0313 77.8369
    endloop
  endfacet
  facet normal -0.258819 -0.965926 0
    outer loop
      vertex -51.5479 -78.025 81.9573
      vertex -25.4 -85.0313 82.1831
      vertex -51.5479 -78.025 82.1831
    endloop
  endfacet
  facet normal -0.258819 -0.965926 -0
    outer loop
      vertex -25.4 -85.0313 82.1831
      vertex -51.5479 -78.025 81.9573
      vertex -25.4 -85.0313 81.9573
    endloop
  endfacet
  facet normal 1 -0 0
    outer loop
      vertex -51.5479 -91.0673 78.0627
      vertex -51.5479 -78.025 77.8369
      vertex -51.5479 -78.025 78.0627
    endloop
  endfacet
  facet normal 1 0 0
    outer loop
      vertex -51.5479 -78.025 77.8369
      vertex -51.5479 -91.0673 78.0627
      vertex -51.5479 -91.0673 77.8369
    endloop
  endfacet
  facet normal 1 -0 0
    outer loop
      vertex -51.5479 -91.0673 82.1831
      vertex -51.5479 -78.025 81.9573
      vertex -51.5479 -78.025 82.1831
    endloop
  endfacet
  facet normal 1 0 0
    outer loop
      vertex -51.5479 -78.025 81.9573
      vertex -51.5479 -91.0673 82.1831
      vertex -51.5479 -91.0673 81.9573
    endloop
  endfacet
  facet normal 0 -1 0
    outer loop
      vertex -54.3701 -91.0673 77.8369
      vertex -51.5479 -91.0673 78.0627
      vertex -54.3701 -91.0673 78.0627
    endloop
  endfacet
  facet normal 0 -1 -0
    outer loop
      vertex -51.5479 -91.0673 78.0627
      vertex -54.3701 -91.0673 77.8369
      vertex -51.5479 -91.0673 77.8369
    endloop
  endfacet
  facet normal 0 -1 0
    outer loop
      vertex -54.3701 -91.0673 81.9573
      vertex -51.5479 -91.0673 82.1831
      vertex -54.3701 -91.0673 82.1831
    endloop
  endfacet
  facet normal 0 -1 -0
    outer loop
      vertex -51.5479 -91.0673 82.1831
      vertex -54.3701 -91.0673 81.9573
      vertex -51.5479 -91.0673 81.9573
    endloop
  endfacet
  facet normal -1 0 0
    outer loop
      vertex -54.3701 -91.0673 77.8369
      vertex -54.3701 -54.831 78.0627
      vertex -54.3701 -54.831 77.8369
    endloop
  endfacet
  facet normal -1 -0 0
    outer loop
      vertex -54.3701 -54.831 78.0627
      vertex -54.3701 -91.0673 77.8369
      vertex -54.3701 -91.0673 78.0627
    endloop
  endfacet
  facet normal -1 0 0
    outer loop
      vertex -54.3701 -91.0673 81.9573
      vertex -54.3701 -54.831 82.1831
      vertex -54.3701 -54.831 81.9573
    endloop
  endfacet
  facet normal -1 -0 0
    outer loop
      vertex -54.3701 -54.831 82.1831
      vertex -54.3701 -91.0673 81.9573
      vertex -54.3701 -91.0673 82.1831
    endloop
  endfacet
  facet normal 1 -0 0
    outer loop
      vertex -4.93889 -79.5487 78.0627
      vertex -4.93889 -54.831 77.8369
      vertex -4.93889 -54.831 78.0627
    endloop
  endfacet
  facet normal 1 0 0
    outer loop
      vertex -4.93889 -54.831 77.8369
      vertex -4.93889 -79.5487 78.0627
      vertex -4.93889 -79.5487 77.8369
    endloop
  endfacet
  facet normal 1 -0 0
    outer loop
      vertex -4.93889 -79.5487 82.1831
      vertex -4.93889 -54.831 81.9573
      vertex -4.93889 -54.831 82.1831
    endloop
  endfacet
  facet normal 1 0 0
    outer loop
      vertex -4.93889 -54.831 81.9573
      vertex -4.93889 -79.5487 82.1831
      vertex -4.93889 -79.5487 81.9573
    endloop
  endfacet
  facet normal 0 0 1
    outer loop
      vertex -54.5959 -54.831 77.6111
      vertex -54.8217 -54.831 77.6111
      vertex -54.5959 -91.2931 77.6111
    endloop
  endfacet
  facet normal 0 0 1
    outer loop
      vertex -4.7131 -79.722 77.6111
      vertex -4.48734 -54.831 77.6111
      vertex -4.7131 -54.831 77.6111
    endloop
  endfacet
  facet normal 0 0 1
    outer loop
      vertex -4.48734 -54.831 77.6111
      vertex -4.7131 -79.722 77.6111
      vertex -4.48734 -79.8952 77.6111
    endloop
  endfacet
  facet normal 0 0 1
    outer loop
      vertex -25.4 -85.4988 77.6111
      vertex -4.7131 -79.722 77.6111
      vertex -25.4 -85.265 77.6111
    endloop
  endfacet
  facet normal 0 0 1
    outer loop
      vertex -4.7131 -79.722 77.6111
      vertex -25.4 -85.4988 77.6111
      vertex -4.48734 -79.8952 77.6111
    endloop
  endfacet
  facet normal 0 0 1
    outer loop
      vertex -25.4 -85.265 77.6111
      vertex -51.0963 -78.6134 77.6111
      vertex -25.4 -85.4988 77.6111
    endloop
  endfacet
  facet normal 0 0 1
    outer loop
      vertex -51.3221 -78.3192 77.6111
      vertex -51.0963 -78.6134 77.6111
      vertex -25.4 -85.265 77.6111
    endloop
  endfacet
  facet normal 0 0 1
    outer loop
      vertex -51.3221 -91.2931 77.6111
      vertex -51.0963 -78.6134 77.6111
      vertex -51.3221 -78.3192 77.6111
    endloop
  endfacet
  facet normal 0 0 1
    outer loop
      vertex -51.0963 -78.6134 77.6111
      vertex -51.3221 -91.2931 77.6111
      vertex -51.0963 -91.5188 77.6111
    endloop
  endfacet
  facet normal -0 0 1
    outer loop
      vertex -54.5959 -91.2931 77.6111
      vertex -51.0963 -91.5188 77.6111
      vertex -51.3221 -91.2931 77.6111
    endloop
  endfacet
  facet normal 0 0 1
    outer loop
      vertex -54.5959 -91.2931 77.6111
      vertex -54.8217 -91.5188 77.6111
      vertex -51.0963 -91.5188 77.6111
    endloop
  endfacet
  facet normal 0 0 1
    outer loop
      vertex -54.8217 -91.5188 77.6111
      vertex -54.5959 -91.2931 77.6111
      vertex -54.8217 -54.831 77.6111
    endloop
  endfacet
  facet normal 0 0 -1
    outer loop
      vertex -51.0963 -91.5188 82.4089
      vertex -51.3221 -91.2931 82.4089
      vertex -51.0963 -78.6134 82.4089
    endloop
  endfacet
  facet normal 0 0 -1
    outer loop
      vertex -51.0963 -91.5188 82.4089
      vertex -54.5959 -91.2931 82.4089
      vertex -51.3221 -91.2931 82.4089
    endloop
  endfacet
  facet normal 0 0 -1
    outer loop
      vertex -54.8217 -91.5188 82.4089
      vertex -54.5959 -91.2931 82.4089
      vertex -51.0963 -91.5188 82.4089
    endloop
  endfacet
  facet normal 0 0 -1
    outer loop
      vertex -54.8217 -54.831 82.4089
      vertex -54.5959 -91.2931 82.4089
      vertex -54.8217 -91.5188 82.4089
    endloop
  endfacet
  facet normal 0 0 -1
    outer loop
      vertex -54.5959 -91.2931 82.4089
      vertex -54.8217 -54.831 82.4089
      vertex -54.5959 -54.831 82.4089
    endloop
  endfacet
  facet normal 0 0 -1
    outer loop
      vertex -4.48734 -79.8952 82.4089
      vertex -4.7131 -79.722 82.4089
      vertex -4.48734 -54.831 82.4089
    endloop
  endfacet
  facet normal 0 0 -1
    outer loop
      vertex -25.4 -85.4988 82.4089
      vertex -4.7131 -79.722 82.4089
      vertex -4.48734 -79.8952 82.4089
    endloop
  endfacet
  facet normal 0 0 -1
    outer loop
      vertex -25.4 -85.4988 82.4089
      vertex -25.4 -85.265 82.4089
      vertex -4.7131 -79.722 82.4089
    endloop
  endfacet
  facet normal 0 0 -1
    outer loop
      vertex -51.0963 -78.6134 82.4089
      vertex -25.4 -85.265 82.4089
      vertex -25.4 -85.4988 82.4089
    endloop
  endfacet
  facet normal 0 0 -1
    outer loop
      vertex -51.0963 -78.6134 82.4089
      vertex -51.3221 -78.3192 82.4089
      vertex -25.4 -85.265 82.4089
    endloop
  endfacet
  facet normal 0 0 -1
    outer loop
      vertex -51.3221 -78.3192 82.4089
      vertex -51.0963 -78.6134 82.4089
      vertex -51.3221 -91.2931 82.4089
    endloop
  endfacet
  facet normal -0 0 -1
    outer loop
      vertex -4.48734 -54.831 82.4089
      vertex -4.7131 -79.722 82.4089
      vertex -4.7131 -54.831 82.4089
    endloop
  endfacet
  facet normal 0.258817 -0.965926 0
    outer loop
      vertex -25.4 -85.265 77.6111
      vertex -4.7131 -79.722 77.8369
      vertex -25.4 -85.265 77.8369
    endloop
  endfacet
  facet normal 0.258817 -0.965926 0
    outer loop
      vertex -4.7131 -79.722 77.8369
      vertex -25.4 -85.265 77.6111
      vertex -4.7131 -79.722 77.6111
    endloop
  endfacet
  facet normal 0.258817 -0.965926 0
    outer loop
      vertex -25.4 -85.265 82.1831
      vertex -4.7131 -79.722 82.4089
      vertex -25.4 -85.265 82.4089
    endloop
  endfacet
  facet normal 0.258817 -0.965926 0
    outer loop
      vertex -4.7131 -79.722 82.4089
      vertex -25.4 -85.265 82.1831
      vertex -4.7131 -79.722 82.1831
    endloop
  endfacet
  facet normal -0.258819 -0.965926 0
    outer loop
      vertex -51.3221 -78.3192 77.6111
      vertex -25.4 -85.265 77.8369
      vertex -51.3221 -78.3192 77.8369
    endloop
  endfacet
  facet normal -0.258819 -0.965926 -0
    outer loop
      vertex -25.4 -85.265 77.8369
      vertex -51.3221 -78.3192 77.6111
      vertex -25.4 -85.265 77.6111
    endloop
  endfacet
  facet normal -0.258819 -0.965926 0
    outer loop
      vertex -51.3221 -78.3192 82.1831
      vertex -25.4 -85.265 82.4089
      vertex -51.3221 -78.3192 82.4089
    endloop
  endfacet
  facet normal -0.258819 -0.965926 -0
    outer loop
      vertex -25.4 -85.265 82.4089
      vertex -51.3221 -78.3192 82.1831
      vertex -25.4 -85.265 82.1831
    endloop
  endfacet
  facet normal 1 -0 0
    outer loop
      vertex -51.3221 -91.2931 77.8369
      vertex -51.3221 -78.3192 77.6111
      vertex -51.3221 -78.3192 77.8369
    endloop
  endfacet
  facet normal 1 0 0
    outer loop
      vertex -51.3221 -78.3192 77.6111
      vertex -51.3221 -91.2931 77.8369
      vertex -51.3221 -91.2931 77.6111
    endloop
  endfacet
  facet normal 1 -0 0
    outer loop
      vertex -51.3221 -91.2931 82.4089
      vertex -51.3221 -78.3192 82.1831
      vertex -51.3221 -78.3192 82.4089
    endloop
  endfacet
  facet normal 1 0 0
    outer loop
      vertex -51.3221 -78.3192 82.1831
      vertex -51.3221 -91.2931 82.4089
      vertex -51.3221 -91.2931 82.1831
    endloop
  endfacet
  facet normal 0 -1 0
    outer loop
      vertex -54.5959 -91.2931 77.6111
      vertex -51.3221 -91.2931 77.8369
      vertex -54.5959 -91.2931 77.8369
    endloop
  endfacet
  facet normal 0 -1 -0
    outer loop
      vertex -51.3221 -91.2931 77.8369
      vertex -54.5959 -91.2931 77.6111
      vertex -51.3221 -91.2931 77.6111
    endloop
  endfacet
  facet normal 0 -1 0
    outer loop
      vertex -54.5959 -91.2931 82.1831
      vertex -51.3221 -91.2931 82.4089
      vertex -54.5959 -91.2931 82.4089
    endloop
  endfacet
  facet normal 0 -1 -0
    outer loop
      vertex -51.3221 -91.2931 82.4089
      vertex -54.5959 -91.2931 82.1831
      vertex -51.3221 -91.2931 82.1831
    endloop
  endfacet
  facet normal -1 0 0
    outer loop
      vertex -54.5959 -91.2931 77.6111
      vertex -54.5959 -54.831 77.8369
      vertex -54.5959 -54.831 77.6111
    endloop
  endfacet
  facet normal -1 -0 0
    outer loop
      vertex -54.5959 -54.831 77.8369
      vertex -54.5959 -91.2931 77.6111
      vertex -54.5959 -91.2931 77.8369
    endloop
  endfacet
  facet normal -1 0 0
    outer loop
      vertex -54.5959 -91.2931 82.1831
      vertex -54.5959 -54.831 82.4089
      vertex -54.5959 -54.831 82.1831
    endloop
  endfacet
  facet normal -1 -0 0
    outer loop
      vertex -54.5959 -54.831 82.4089
      vertex -54.5959 -91.2931 82.1831
      vertex -54.5959 -91.2931 82.4089
    endloop
  endfacet
  facet normal 1 -0 0
    outer loop
      vertex -4.7131 -79.722 77.8369
      vertex -4.7131 -54.831 77.6111
      vertex -4.7131 -54.831 77.8369
    endloop
  endfacet
  facet normal 1 0 0
    outer loop
      vertex -4.7131 -54.831 77.6111
      vertex -4.7131 -79.722 77.8369
      vertex -4.7131 -79.722 77.6111
    endloop
  endfacet
  facet normal 1 -0 0
    outer loop
      vertex -4.7131 -79.722 82.4089
      vertex -4.7131 -54.831 82.1831
      vertex -4.7131 -54.831 82.4089
    endloop
  endfacet
  facet normal 1 0 0
    outer loop
      vertex -4.7131 -54.831 82.1831
      vertex -4.7131 -79.722 82.4089
      vertex -4.7131 -79.722 82.1831
    endloop
  endfacet
  facet normal 0 0 1
    outer loop
      vertex -54.8217 -54.831 77.3853
      vertex -55.0474 -54.831 77.3853
      vertex -54.8217 -91.5188 77.3853
    endloop
  endfacet
  facet normal 0 0 1
    outer loop
      vertex -4.48734 -79.8952 77.3853
      vertex -4.26155 -54.831 77.3853
      vertex -4.48734 -54.831 77.3853
    endloop
  endfacet
  facet normal 0 0 1
    outer loop
      vertex -4.26155 -54.831 77.3853
      vertex -4.48734 -79.8952 77.3853
      vertex -4.26155 -80.0685 77.3853
    endloop
  endfacet
  facet normal 0 0 1
    outer loop
      vertex -25.4 -85.7325 77.3853
      vertex -4.48734 -79.8952 77.3853
      vertex -25.4 -85.4988 77.3853
    endloop
  endfacet
  facet normal 0 0 1
    outer loop
      vertex -4.48734 -79.8952 77.3853
      vertex -25.4 -85.7325 77.3853
      vertex -4.26155 -80.0685 77.3853
    endloop
  endfacet
  facet normal 0 0 1
    outer loop
      vertex -25.4 -85.4988 77.3853
      vertex -50.8705 -78.9077 77.3853
      vertex -25.4 -85.7325 77.3853
    endloop
  endfacet
  facet normal 0 0 1
    outer loop
      vertex -51.0963 -78.6134 77.3853
      vertex -50.8705 -78.9077 77.3853
      vertex -25.4 -85.4988 77.3853
    endloop
  endfacet
  facet normal 0 0 1
    outer loop
      vertex -51.0963 -91.5188 77.3853
      vertex -50.8705 -78.9077 77.3853
      vertex -51.0963 -78.6134 77.3853
    endloop
  endfacet
  facet normal 0 0 1
    outer loop
      vertex -50.8705 -78.9077 77.3853
      vertex -51.0963 -91.5188 77.3853
      vertex -50.8705 -91.7446 77.3853
    endloop
  endfacet
  facet normal -0 0 1
    outer loop
      vertex -54.8217 -91.5188 77.3853
      vertex -50.8705 -91.7446 77.3853
      vertex -51.0963 -91.5188 77.3853
    endloop
  endfacet
  facet normal 0 0 1
    outer loop
      vertex -54.8217 -91.5188 77.3853
      vertex -55.0474 -91.7446 77.3853
      vertex -50.8705 -91.7446 77.3853
    endloop
  endfacet
  facet normal 0 0 1
    outer loop
      vertex -55.0474 -91.7446 77.3853
      vertex -54.8217 -91.5188 77.3853
      vertex -55.0474 -54.831 77.3853
    endloop
  endfacet
  facet normal 0 0 -1
    outer loop
      vertex -50.8705 -91.7446 82.6347
      vertex -51.0963 -91.5188 82.6347
      vertex -50.8705 -78.9077 82.6347
    endloop
  endfacet
  facet normal 0 0 -1
    outer loop
      vertex -50.8705 -91.7446 82.6347
      vertex -54.8217 -91.5188 82.6347
      vertex -51.0963 -91.5188 82.6347
    endloop
  endfacet
  facet normal 0 0 -1
    outer loop
      vertex -55.0474 -91.7446 82.6347
      vertex -54.8217 -91.5188 82.6347
      vertex -50.8705 -91.7446 82.6347
    endloop
  endfacet
  facet normal 0 0 -1
    outer loop
      vertex -55.0474 -54.831 82.6347
      vertex -54.8217 -91.5188 82.6347
      vertex -55.0474 -91.7446 82.6347
    endloop
  endfacet
  facet normal 0 0 -1
    outer loop
      vertex -54.8217 -91.5188 82.6347
      vertex -55.0474 -54.831 82.6347
      vertex -54.8217 -54.831 82.6347
    endloop
  endfacet
  facet normal 0 0 -1
    outer loop
      vertex -4.26155 -80.0685 82.6347
      vertex -4.48734 -79.8952 82.6347
      vertex -4.26155 -54.831 82.6347
    endloop
  endfacet
  facet normal 0 0 -1
    outer loop
      vertex -25.4 -85.7325 82.6347
      vertex -4.48734 -79.8952 82.6347
      vertex -4.26155 -80.0685 82.6347
    endloop
  endfacet
  facet normal 0 0 -1
    outer loop
      vertex -25.4 -85.7325 82.6347
      vertex -25.4 -85.4988 82.6347
      vertex -4.48734 -79.8952 82.6347
    endloop
  endfacet
  facet normal 0 0 -1
    outer loop
      vertex -50.8705 -78.9077 82.6347
      vertex -25.4 -85.4988 82.6347
      vertex -25.4 -85.7325 82.6347
    endloop
  endfacet
  facet normal 0 0 -1
    outer loop
      vertex -50.8705 -78.9077 82.6347
      vertex -51.0963 -78.6134 82.6347
      vertex -25.4 -85.4988 82.6347
    endloop
  endfacet
  facet normal 0 0 -1
    outer loop
      vertex -51.0963 -78.6134 82.6347
      vertex -50.8705 -78.9077 82.6347
      vertex -51.0963 -91.5188 82.6347
    endloop
  endfacet
  facet normal -0 0 -1
    outer loop
      vertex -4.26155 -54.831 82.6347
      vertex -4.48734 -79.8952 82.6347
      vertex -4.48734 -54.831 82.6347
    endloop
  endfacet
  facet normal 0.258822 -0.965925 0
    outer loop
      vertex -25.4 -85.4988 77.3853
      vertex -4.48734 -79.8952 77.6111
      vertex -25.4 -85.4988 77.6111
    endloop
  endfacet
  facet normal 0.258822 -0.965925 0
    outer loop
      vertex -4.48734 -79.8952 77.6111
      vertex -25.4 -85.4988 77.3853
      vertex -4.48734 -79.8952 77.3853
    endloop
  endfacet
  facet normal 0.258822 -0.965925 0
    outer loop
      vertex -25.4 -85.4988 82.4089
      vertex -4.48734 -79.8952 82.6347
      vertex -25.4 -85.4988 82.6347
    endloop
  endfacet
  facet normal 0.258822 -0.965925 0
    outer loop
      vertex -4.48734 -79.8952 82.6347
      vertex -25.4 -85.4988 82.4089
      vertex -4.48734 -79.8952 82.4089
    endloop
  endfacet
  facet normal -0.258822 -0.965925 0
    outer loop
      vertex -51.0963 -78.6134 77.3853
      vertex -25.4 -85.4988 77.6111
      vertex -51.0963 -78.6134 77.6111
    endloop
  endfacet
  facet normal -0.258822 -0.965925 -0
    outer loop
      vertex -25.4 -85.4988 77.6111
      vertex -51.0963 -78.6134 77.3853
      vertex -25.4 -85.4988 77.3853
    endloop
  endfacet
  facet normal -0.258822 -0.965925 0
    outer loop
      vertex -51.0963 -78.6134 82.4089
      vertex -25.4 -85.4988 82.6347
      vertex -51.0963 -78.6134 82.6347
    endloop
  endfacet
  facet normal -0.258822 -0.965925 -0
    outer loop
      vertex -25.4 -85.4988 82.6347
      vertex -51.0963 -78.6134 82.4089
      vertex -25.4 -85.4988 82.4089
    endloop
  endfacet
  facet normal 1 -0 0
    outer loop
      vertex -51.0963 -91.5188 77.6111
      vertex -51.0963 -78.6134 77.3853
      vertex -51.0963 -78.6134 77.6111
    endloop
  endfacet
  facet normal 1 0 0
    outer loop
      vertex -51.0963 -78.6134 77.3853
      vertex -51.0963 -91.5188 77.6111
      vertex -51.0963 -91.5188 77.3853
    endloop
  endfacet
  facet normal 1 -0 0
    outer loop
      vertex -51.0963 -91.5188 82.6347
      vertex -51.0963 -78.6134 82.4089
      vertex -51.0963 -78.6134 82.6347
    endloop
  endfacet
  facet normal 1 0 0
    outer loop
      vertex -51.0963 -78.6134 82.4089
      vertex -51.0963 -91.5188 82.6347
      vertex -51.0963 -91.5188 82.4089
    endloop
  endfacet
  facet normal 0 -1 0
    outer loop
      vertex -54.8217 -91.5188 77.3853
      vertex -51.0963 -91.5188 77.6111
      vertex -54.8217 -91.5188 77.6111
    endloop
  endfacet
  facet normal 0 -1 -0
    outer loop
      vertex -51.0963 -91.5188 77.6111
      vertex -54.8217 -91.5188 77.3853
      vertex -51.0963 -91.5188 77.3853
    endloop
  endfacet
  facet normal 0 -1 0
    outer loop
      vertex -54.8217 -91.5188 82.4089
      vertex -51.0963 -91.5188 82.6347
      vertex -54.8217 -91.5188 82.6347
    endloop
  endfacet
  facet normal 0 -1 -0
    outer loop
      vertex -51.0963 -91.5188 82.6347
      vertex -54.8217 -91.5188 82.4089
      vertex -51.0963 -91.5188 82.4089
    endloop
  endfacet
  facet normal -1 0 0
    outer loop
      vertex -54.8217 -91.5188 77.3853
      vertex -54.8217 -54.831 77.6111
      vertex -54.8217 -54.831 77.3853
    endloop
  endfacet
  facet normal -1 -0 0
    outer loop
      vertex -54.8217 -54.831 77.6111
      vertex -54.8217 -91.5188 77.3853
      vertex -54.8217 -91.5188 77.6111
    endloop
  endfacet
  facet normal -1 0 0
    outer loop
      vertex -54.8217 -91.5188 82.4089
      vertex -54.8217 -54.831 82.6347
      vertex -54.8217 -54.831 82.4089
    endloop
  endfacet
  facet normal -1 -0 0
    outer loop
      vertex -54.8217 -54.831 82.6347
      vertex -54.8217 -91.5188 82.4089
      vertex -54.8217 -91.5188 82.6347
    endloop
  endfacet
  facet normal 1 -0 0
    outer loop
      vertex -4.48734 -79.8952 77.6111
      vertex -4.48734 -54.831 77.3853
      vertex -4.48734 -54.831 77.6111
    endloop
  endfacet
  facet normal 1 0 0
    outer loop
      vertex -4.48734 -54.831 77.3853
      vertex -4.48734 -79.8952 77.6111
      vertex -4.48734 -79.8952 77.3853
    endloop
  endfacet
  facet normal 1 -0 0
    outer loop
      vertex -4.48734 -79.8952 82.6347
      vertex -4.48734 -54.831 82.4089
      vertex -4.48734 -54.831 82.6347
    endloop
  endfacet
  facet normal 1 0 0
    outer loop
      vertex -4.48734 -54.831 82.4089
      vertex -4.48734 -79.8952 82.6347
      vertex -4.48734 -79.8952 82.4089
    endloop
  endfacet
  facet normal 0 0 1
    outer loop
      vertex -55.0474 -54.831 77.1596
      vertex -55.2732 -54.831 77.1596
      vertex -55.0474 -91.7446 77.1596
    endloop
  endfacet
  facet normal 0 0 1
    outer loop
      vertex -4.26155 -80.0685 77.1596
      vertex -4.03578 -54.831 77.1596
      vertex -4.26155 -54.831 77.1596
    endloop
  endfacet
  facet normal 0 0 1
    outer loop
      vertex -4.03578 -54.831 77.1596
      vertex -4.26155 -80.0685 77.1596
      vertex -4.03578 -80.2417 77.1596
    endloop
  endfacet
  facet normal 0 0 1
    outer loop
      vertex -25.4 -85.9663 77.1596
      vertex -4.26155 -80.0685 77.1596
      vertex -25.4 -85.7325 77.1596
    endloop
  endfacet
  facet normal 0 0 1
    outer loop
      vertex -4.26155 -80.0685 77.1596
      vertex -25.4 -85.9663 77.1596
      vertex -4.03578 -80.2417 77.1596
    endloop
  endfacet
  facet normal 0 0 1
    outer loop
      vertex -25.4 -85.7325 77.1596
      vertex -50.6448 -79.2019 77.1596
      vertex -25.4 -85.9663 77.1596
    endloop
  endfacet
  facet normal 0 0 1
    outer loop
      vertex -50.8705 -78.9077 77.1596
      vertex -50.6448 -79.2019 77.1596
      vertex -25.4 -85.7325 77.1596
    endloop
  endfacet
  facet normal 0 0 1
    outer loop
      vertex -50.8705 -91.7446 77.1596
      vertex -50.6448 -79.2019 77.1596
      vertex -50.8705 -78.9077 77.1596
    endloop
  endfacet
  facet normal 0 0 1
    outer loop
      vertex -50.6448 -79.2019 77.1596
      vertex -50.8705 -91.7446 77.1596
      vertex -50.6448 -91.9704 77.1596
    endloop
  endfacet
  facet normal -0 0 1
    outer loop
      vertex -55.0474 -91.7446 77.1596
      vertex -50.6448 -91.9704 77.1596
      vertex -50.8705 -91.7446 77.1596
    endloop
  endfacet
  facet normal 0 0 1
    outer loop
      vertex -55.0474 -91.7446 77.1596
      vertex -55.2732 -91.9704 77.1596
      vertex -50.6448 -91.9704 77.1596
    endloop
  endfacet
  facet normal 0 0 1
    outer loop
      vertex -55.2732 -91.9704 77.1596
      vertex -55.0474 -91.7446 77.1596
      vertex -55.2732 -54.831 77.1596
    endloop
  endfacet
  facet normal 0 0 -1
    outer loop
      vertex -50.6448 -91.9704 82.8604
      vertex -50.8705 -91.7446 82.8604
      vertex -50.6448 -79.2019 82.8604
    endloop
  endfacet
  facet normal 0 0 -1
    outer loop
      vertex -50.6448 -91.9704 82.8604
      vertex -55.0474 -91.7446 82.8604
      vertex -50.8705 -91.7446 82.8604
    endloop
  endfacet
  facet normal 0 0 -1
    outer loop
      vertex -55.2732 -91.9704 82.8604
      vertex -55.0474 -91.7446 82.8604
      vertex -50.6448 -91.9704 82.8604
    endloop
  endfacet
  facet normal 0 0 -1
    outer loop
      vertex -55.2732 -54.831 82.8604
      vertex -55.0474 -91.7446 82.8604
      vertex -55.2732 -91.9704 82.8604
    endloop
  endfacet
  facet normal 0 0 -1
    outer loop
      vertex -55.0474 -91.7446 82.8604
      vertex -55.2732 -54.831 82.8604
      vertex -55.0474 -54.831 82.8604
    endloop
  endfacet
  facet normal 0 0 -1
    outer loop
      vertex -4.03578 -80.2417 82.8604
      vertex -4.26155 -80.0685 82.8604
      vertex -4.03578 -54.831 82.8604
    endloop
  endfacet
  facet normal 0 0 -1
    outer loop
      vertex -25.4 -85.9663 82.8604
      vertex -4.26155 -80.0685 82.8604
      vertex -4.03578 -80.2417 82.8604
    endloop
  endfacet
  facet normal 0 0 -1
    outer loop
      vertex -25.4 -85.9663 82.8604
      vertex -25.4 -85.7325 82.8604
      vertex -4.26155 -80.0685 82.8604
    endloop
  endfacet
  facet normal 0 0 -1
    outer loop
      vertex -50.6448 -79.2019 82.8604
      vertex -25.4 -85.7325 82.8604
      vertex -25.4 -85.9663 82.8604
    endloop
  endfacet
  facet normal 0 0 -1
    outer loop
      vertex -50.6448 -79.2019 82.8604
      vertex -50.8705 -78.9077 82.8604
      vertex -25.4 -85.7325 82.8604
    endloop
  endfacet
  facet normal 0 0 -1
    outer loop
      vertex -50.8705 -78.9077 82.8604
      vertex -50.6448 -79.2019 82.8604
      vertex -50.8705 -91.7446 82.8604
    endloop
  endfacet
  facet normal -0 0 -1
    outer loop
      vertex -4.03578 -54.831 82.8604
      vertex -4.26155 -80.0685 82.8604
      vertex -4.26155 -54.831 82.8604
    endloop
  endfacet
  facet normal 0.258818 -0.965926 0
    outer loop
      vertex -25.4 -85.7325 77.1596
      vertex -4.26155 -80.0685 77.3853
      vertex -25.4 -85.7325 77.3853
    endloop
  endfacet
  facet normal 0.258818 -0.965926 0
    outer loop
      vertex -4.26155 -80.0685 77.3853
      vertex -25.4 -85.7325 77.1596
      vertex -4.26155 -80.0685 77.1596
    endloop
  endfacet
  facet normal 0.258818 -0.965926 0
    outer loop
      vertex -25.4 -85.7325 82.6347
      vertex -4.26155 -80.0685 82.8604
      vertex -25.4 -85.7325 82.8604
    endloop
  endfacet
  facet normal 0.258818 -0.965926 0
    outer loop
      vertex -4.26155 -80.0685 82.8604
      vertex -25.4 -85.7325 82.6347
      vertex -4.26155 -80.0685 82.6347
    endloop
  endfacet
  facet normal -0.258819 -0.965926 0
    outer loop
      vertex -50.8705 -78.9077 77.1596
      vertex -25.4 -85.7325 77.3853
      vertex -50.8705 -78.9077 77.3853
    endloop
  endfacet
  facet normal -0.258819 -0.965926 -0
    outer loop
      vertex -25.4 -85.7325 77.3853
      vertex -50.8705 -78.9077 77.1596
      vertex -25.4 -85.7325 77.1596
    endloop
  endfacet
  facet normal -0.258819 -0.965926 0
    outer loop
      vertex -50.8705 -78.9077 82.6347
      vertex -25.4 -85.7325 82.8604
      vertex -50.8705 -78.9077 82.8604
    endloop
  endfacet
  facet normal -0.258819 -0.965926 -0
    outer loop
      vertex -25.4 -85.7325 82.8604
      vertex -50.8705 -78.9077 82.6347
      vertex -25.4 -85.7325 82.6347
    endloop
  endfacet
  facet normal 1 -0 0
    outer loop
      vertex -50.8705 -91.7446 77.3853
      vertex -50.8705 -78.9077 77.1596
      vertex -50.8705 -78.9077 77.3853
    endloop
  endfacet
  facet normal 1 0 0
    outer loop
      vertex -50.8705 -78.9077 77.1596
      vertex -50.8705 -91.7446 77.3853
      vertex -50.8705 -91.7446 77.1596
    endloop
  endfacet
  facet normal 1 -0 0
    outer loop
      vertex -50.8705 -91.7446 82.8604
      vertex -50.8705 -78.9077 82.6347
      vertex -50.8705 -78.9077 82.8604
    endloop
  endfacet
  facet normal 1 0 0
    outer loop
      vertex -50.8705 -78.9077 82.6347
      vertex -50.8705 -91.7446 82.8604
      vertex -50.8705 -91.7446 82.6347
    endloop
  endfacet
  facet normal 0 -1 0
    outer loop
      vertex -55.0474 -91.7446 77.1596
      vertex -50.8705 -91.7446 77.3853
      vertex -55.0474 -91.7446 77.3853
    endloop
  endfacet
  facet normal 0 -1 -0
    outer loop
      vertex -50.8705 -91.7446 77.3853
      vertex -55.0474 -91.7446 77.1596
      vertex -50.8705 -91.7446 77.1596
    endloop
  endfacet
  facet normal 0 -1 0
    outer loop
      vertex -55.0474 -91.7446 82.6347
      vertex -50.8705 -91.7446 82.8604
      vertex -55.0474 -91.7446 82.8604
    endloop
  endfacet
  facet normal 0 -1 -0
    outer loop
      vertex -50.8705 -91.7446 82.8604
      vertex -55.0474 -91.7446 82.6347
      vertex -50.8705 -91.7446 82.6347
    endloop
  endfacet
  facet normal -1 0 0
    outer loop
      vertex -55.0474 -91.7446 77.1596
      vertex -55.0474 -54.831 77.3853
      vertex -55.0474 -54.831 77.1596
    endloop
  endfacet
  facet normal -1 -0 0
    outer loop
      vertex -55.0474 -54.831 77.3853
      vertex -55.0474 -91.7446 77.1596
      vertex -55.0474 -91.7446 77.3853
    endloop
  endfacet
  facet normal -1 0 0
    outer loop
      vertex -55.0474 -91.7446 82.6347
      vertex -55.0474 -54.831 82.8604
      vertex -55.0474 -54.831 82.6347
    endloop
  endfacet
  facet normal -1 -0 0
    outer loop
      vertex -55.0474 -54.831 82.8604
      vertex -55.0474 -91.7446 82.6347
      vertex -55.0474 -91.7446 82.8604
    endloop
  endfacet
  facet normal 1 -0 0
    outer loop
      vertex -4.26155 -80.0685 77.3853
      vertex -4.26155 -54.831 77.1596
      vertex -4.26155 -54.831 77.3853
    endloop
  endfacet
  facet normal 1 0 0
    outer loop
      vertex -4.26155 -54.831 77.1596
      vertex -4.26155 -80.0685 77.3853
      vertex -4.26155 -80.0685 77.1596
    endloop
  endfacet
  facet normal 1 -0 0
    outer loop
      vertex -4.26155 -80.0685 82.8604
      vertex -4.26155 -54.831 82.6347
      vertex -4.26155 -54.831 82.8604
    endloop
  endfacet
  facet normal 1 0 0
    outer loop
      vertex -4.26155 -54.831 82.6347
      vertex -4.26155 -80.0685 82.8604
      vertex -4.26155 -80.0685 82.6347
    endloop
  endfacet
  facet normal 0 0 1
    outer loop
      vertex -55.2732 -54.831 76.9338
      vertex -55.499 -54.831 76.9338
      vertex -55.2732 -91.9704 76.9338
    endloop
  endfacet
  facet normal 0 0 1
    outer loop
      vertex -4.03578 -80.2417 76.9338
      vertex -3.81 -54.831 76.9338
      vertex -4.03578 -54.831 76.9338
    endloop
  endfacet
  facet normal 0 0 1
    outer loop
      vertex -3.81 -54.831 76.9338
      vertex -4.03578 -80.2417 76.9338
      vertex -3.81 -80.415 76.9338
    endloop
  endfacet
  facet normal 0 0 1
    outer loop
      vertex -25.4 -86.2 76.9338
      vertex -4.03578 -80.2417 76.9338
      vertex -25.4 -85.9663 76.9338
    endloop
  endfacet
  facet normal 0 0 1
    outer loop
      vertex -4.03578 -80.2417 76.9338
      vertex -25.4 -86.2 76.9338
      vertex -3.81 -80.415 76.9338
    endloop
  endfacet
  facet normal 0 0 1
    outer loop
      vertex -25.4 -85.9663 76.9338
      vertex -50.419 -79.4962 76.9338
      vertex -25.4 -86.2 76.9338
    endloop
  endfacet
  facet normal 0 0 1
    outer loop
      vertex -50.6448 -79.2019 76.9338
      vertex -50.419 -79.4962 76.9338
      vertex -25.4 -85.9663 76.9338
    endloop
  endfacet
  facet normal 0 0 1
    outer loop
      vertex -50.6448 -91.9704 76.9338
      vertex -50.419 -79.4962 76.9338
      vertex -50.6448 -79.2019 76.9338
    endloop
  endfacet
  facet normal 0 0 1
    outer loop
      vertex -50.419 -79.4962 76.9338
      vertex -50.6448 -91.9704 76.9338
      vertex -50.419 -92.1962 76.9338
    endloop
  endfacet
  facet normal -0 0 1
    outer loop
      vertex -55.2732 -91.9704 76.9338
      vertex -50.419 -92.1962 76.9338
      vertex -50.6448 -91.9704 76.9338
    endloop
  endfacet
  facet normal 0 0 1
    outer loop
      vertex -55.2732 -91.9704 76.9338
      vertex -55.499 -92.1962 76.9338
      vertex -50.419 -92.1962 76.9338
    endloop
  endfacet
  facet normal 0 0 1
    outer loop
      vertex -55.499 -92.1962 76.9338
      vertex -55.2732 -91.9704 76.9338
      vertex -55.499 -54.831 76.9338
    endloop
  endfacet
  facet normal 0 0 -1
    outer loop
      vertex -50.419 -92.1962 83.0862
      vertex -50.6448 -91.9704 83.0862
      vertex -50.419 -79.4962 83.0862
    endloop
  endfacet
  facet normal 0 0 -1
    outer loop
      vertex -50.419 -92.1962 83.0862
      vertex -55.2732 -91.9704 83.0862
      vertex -50.6448 -91.9704 83.0862
    endloop
  endfacet
  facet normal 0 0 -1
    outer loop
      vertex -55.499 -92.1962 83.0862
      vertex -55.2732 -91.9704 83.0862
      vertex -50.419 -92.1962 83.0862
    endloop
  endfacet
  facet normal 0 0 -1
    outer loop
      vertex -55.499 -54.831 83.0862
      vertex -55.2732 -91.9704 83.0862
      vertex -55.499 -92.1962 83.0862
    endloop
  endfacet
  facet normal 0 0 -1
    outer loop
      vertex -55.2732 -91.9704 83.0862
      vertex -55.499 -54.831 83.0862
      vertex -55.2732 -54.831 83.0862
    endloop
  endfacet
  facet normal 0 0 -1
    outer loop
      vertex -3.81 -80.415 83.0862
      vertex -4.03578 -80.2417 83.0862
      vertex -3.81 -54.831 83.0862
    endloop
  endfacet
  facet normal 0 0 -1
    outer loop
      vertex -25.4 -86.2 83.0862
      vertex -4.03578 -80.2417 83.0862
      vertex -3.81 -80.415 83.0862
    endloop
  endfacet
  facet normal 0 0 -1
    outer loop
      vertex -25.4 -86.2 83.0862
      vertex -25.4 -85.9663 83.0862
      vertex -4.03578 -80.2417 83.0862
    endloop
  endfacet
  facet normal 0 0 -1
    outer loop
      vertex -50.419 -79.4962 83.0862
      vertex -25.4 -85.9663 83.0862
      vertex -25.4 -86.2 83.0862
    endloop
  endfacet
  facet normal 0 0 -1
    outer loop
      vertex -50.419 -79.4962 83.0862
      vertex -50.6448 -79.2019 83.0862
      vertex -25.4 -85.9663 83.0862
    endloop
  endfacet
  facet normal 0 0 -1
    outer loop
      vertex -50.6448 -79.2019 83.0862
      vertex -50.419 -79.4962 83.0862
      vertex -50.6448 -91.9704 83.0862
    endloop
  endfacet
  facet normal -0 0 -1
    outer loop
      vertex -3.81 -54.831 83.0862
      vertex -4.03578 -80.2417 83.0862
      vertex -4.03578 -54.831 83.0862
    endloop
  endfacet
  facet normal 0.258822 -0.965925 0
    outer loop
      vertex -25.4 -85.9663 76.9338
      vertex -4.03578 -80.2417 77.1596
      vertex -25.4 -85.9663 77.1596
    endloop
  endfacet
  facet normal 0.258822 -0.965925 0
    outer loop
      vertex -4.03578 -80.2417 77.1596
      vertex -25.4 -85.9663 76.9338
      vertex -4.03578 -80.2417 76.9338
    endloop
  endfacet
  facet normal 0.258822 -0.965925 0
    outer loop
      vertex -25.4 -85.9663 82.8604
      vertex -4.03578 -80.2417 83.0862
      vertex -25.4 -85.9663 83.0862
    endloop
  endfacet
  facet normal 0.258822 -0.965925 0
    outer loop
      vertex -4.03578 -80.2417 83.0862
      vertex -25.4 -85.9663 82.8604
      vertex -4.03578 -80.2417 82.8604
    endloop
  endfacet
  facet normal -0.258822 -0.965925 0
    outer loop
      vertex -50.6448 -79.2019 76.9338
      vertex -25.4 -85.9663 77.1596
      vertex -50.6448 -79.2019 77.1596
    endloop
  endfacet
  facet normal -0.258822 -0.965925 -0
    outer loop
      vertex -25.4 -85.9663 77.1596
      vertex -50.6448 -79.2019 76.9338
      vertex -25.4 -85.9663 76.9338
    endloop
  endfacet
  facet normal -0.258822 -0.965925 0
    outer loop
      vertex -50.6448 -79.2019 82.8604
      vertex -25.4 -85.9663 83.0862
      vertex -50.6448 -79.2019 83.0862
    endloop
  endfacet
  facet normal -0.258822 -0.965925 -0
    outer loop
      vertex -25.4 -85.9663 83.0862
      vertex -50.6448 -79.2019 82.8604
      vertex -25.4 -85.9663 82.8604
    endloop
  endfacet
  facet normal 1 -0 0
    outer loop
      vertex -50.6448 -91.9704 77.1596
      vertex -50.6448 -79.2019 76.9338
      vertex -50.6448 -79.2019 77.1596
    endloop
  endfacet
  facet normal 1 0 0
    outer loop
      vertex -50.6448 -79.2019 76.9338
      vertex -50.6448 -91.9704 77.1596
      vertex -50.6448 -91.9704 76.9338
    endloop
  endfacet
  facet normal 1 -0 0
    outer loop
      vertex -50.6448 -91.9704 83.0862
      vertex -50.6448 -79.2019 82.8604
      vertex -50.6448 -79.2019 83.0862
    endloop
  endfacet
  facet normal 1 0 0
    outer loop
      vertex -50.6448 -79.2019 82.8604
      vertex -50.6448 -91.9704 83.0862
      vertex -50.6448 -91.9704 82.8604
    endloop
  endfacet
  facet normal 0 -1 0
    outer loop
      vertex -55.2732 -91.9704 76.9338
      vertex -50.6448 -91.9704 77.1596
      vertex -55.2732 -91.9704 77.1596
    endloop
  endfacet
  facet normal 0 -1 -0
    outer loop
      vertex -50.6448 -91.9704 77.1596
      vertex -55.2732 -91.9704 76.9338
      vertex -50.6448 -91.9704 76.9338
    endloop
  endfacet
  facet normal 0 -1 0
    outer loop
      vertex -55.2732 -91.9704 82.8604
      vertex -50.6448 -91.9704 83.0862
      vertex -55.2732 -91.9704 83.0862
    endloop
  endfacet
  facet normal 0 -1 -0
    outer loop
      vertex -50.6448 -91.9704 83.0862
      vertex -55.2732 -91.9704 82.8604
      vertex -50.6448 -91.9704 82.8604
    endloop
  endfacet
  facet normal -1 0 0
    outer loop
      vertex -55.2732 -91.9704 76.9338
      vertex -55.2732 -54.831 77.1596
      vertex -55.2732 -54.831 76.9338
    endloop
  endfacet
  facet normal -1 -0 0
    outer loop
      vertex -55.2732 -54.831 77.1596
      vertex -55.2732 -91.9704 76.9338
      vertex -55.2732 -91.9704 77.1596
    endloop
  endfacet
  facet normal -1 0 0
    outer loop
      vertex -55.2732 -91.9704 82.8604
      vertex -55.2732 -54.831 83.0862
      vertex -55.2732 -54.831 82.8604
    endloop
  endfacet
  facet normal -1 -0 0
    outer loop
      vertex -55.2732 -54.831 83.0862
      vertex -55.2732 -91.9704 82.8604
      vertex -55.2732 -91.9704 83.0862
    endloop
  endfacet
  facet normal 1 -0 0
    outer loop
      vertex -4.03578 -80.2417 77.1596
      vertex -4.03578 -54.831 76.9338
      vertex -4.03578 -54.831 77.1596
    endloop
  endfacet
  facet normal 1 0 0
    outer loop
      vertex -4.03578 -54.831 76.9338
      vertex -4.03578 -80.2417 77.1596
      vertex -4.03578 -80.2417 76.9338
    endloop
  endfacet
  facet normal 1 -0 0
    outer loop
      vertex -4.03578 -80.2417 83.0862
      vertex -4.03578 -54.831 82.8604
      vertex -4.03578 -54.831 83.0862
    endloop
  endfacet
  facet normal 1 0 0
    outer loop
      vertex -4.03578 -54.831 82.8604
      vertex -4.03578 -80.2417 83.0862
      vertex -4.03578 -80.2417 82.8604
    endloop
  endfacet
  facet normal 0 0 -1
    outer loop
      vertex -50.419 -92.1962 1.90735e-07
      vertex -55.499 -92.1962 1.90735e-07
      vertex -50.419 -79.4962 1.90735e-07
    endloop
  endfacet
  facet normal 0 0 -1
    outer loop
      vertex -14.2805 -60.8699 1.90735e-07
      vertex -3.81 -54.831 1.90735e-07
      vertex -3.81 -80.415 1.90735e-07
    endloop
  endfacet
  facet normal -0 0 -1
    outer loop
      vertex -3.81 -54.831 1.90735e-07
      vertex -12.5878 -55.2898 1.90735e-07
      vertex -12.5728 -54.831 1.90735e-07
    endloop
  endfacet
  facet normal 0 0 -1
    outer loop
      vertex -3.81 -54.831 1.90735e-07
      vertex -12.6701 -56.1259 1.90735e-07
      vertex -12.5878 -55.2898 1.90735e-07
    endloop
  endfacet
  facet normal 0 0 -1
    outer loop
      vertex -3.81 -54.831 1.90735e-07
      vertex -12.807 -56.9549 1.90735e-07
      vertex -12.6701 -56.1259 1.90735e-07
    endloop
  endfacet
  facet normal 0 0 -1
    outer loop
      vertex -3.81 -54.831 1.90735e-07
      vertex -12.9978 -57.7732 1.90735e-07
      vertex -12.807 -56.9549 1.90735e-07
    endloop
  endfacet
  facet normal 0 0 -1
    outer loop
      vertex -3.81 -54.831 1.90735e-07
      vertex -13.2417 -58.5772 1.90735e-07
      vertex -12.9978 -57.7732 1.90735e-07
    endloop
  endfacet
  facet normal 0 0 -1
    outer loop
      vertex -3.81 -54.831 1.90735e-07
      vertex -13.5377 -59.3635 1.90735e-07
      vertex -13.2417 -58.5772 1.90735e-07
    endloop
  endfacet
  facet normal 0 0 -1
    outer loop
      vertex -3.81 -54.831 1.90735e-07
      vertex -13.8844 -60.1289 1.90735e-07
      vertex -13.5377 -59.3635 1.90735e-07
    endloop
  endfacet
  facet normal 0 0 -1
    outer loop
      vertex -3.81 -54.831 1.90735e-07
      vertex -14.2805 -60.8699 1.90735e-07
      vertex -13.8844 -60.1289 1.90735e-07
    endloop
  endfacet
  facet normal 0 0 -1
    outer loop
      vertex -3.81 -80.415 1.90735e-07
      vertex -14.7242 -61.5834 1.90735e-07
      vertex -14.2805 -60.8699 1.90735e-07
    endloop
  endfacet
  facet normal 0 0 -1
    outer loop
      vertex -3.81 -80.415 1.90735e-07
      vertex -15.2136 -62.2663 1.90735e-07
      vertex -14.7242 -61.5834 1.90735e-07
    endloop
  endfacet
  facet normal 0 0 -1
    outer loop
      vertex -3.81 -80.415 1.90735e-07
      vertex -15.7466 -62.9158 1.90735e-07
      vertex -15.2136 -62.2663 1.90735e-07
    endloop
  endfacet
  facet normal 0 0 -1
    outer loop
      vertex -3.81 -80.415 1.90735e-07
      vertex -16.321 -63.529 1.90735e-07
      vertex -15.7466 -62.9158 1.90735e-07
    endloop
  endfacet
  facet normal 0 0 -1
    outer loop
      vertex -3.81 -80.415 1.90735e-07
      vertex -16.7835 -63.9623 1.90735e-07
      vertex -16.321 -63.529 1.90735e-07
    endloop
  endfacet
  facet normal 0 0 -1
    outer loop
      vertex -25.4 -86.2 1.90735e-07
      vertex -16.7835 -63.9623 1.90735e-07
      vertex -3.81 -80.415 1.90735e-07
    endloop
  endfacet
  facet normal 0 0 -1
    outer loop
      vertex -25.4 -86.2 1.90735e-07
      vertex -34.0165 -63.9623 1.90735e-07
      vertex -16.7835 -63.9623 1.90735e-07
    endloop
  endfacet
  facet normal 0 0 -1
    outer loop
      vertex -50.419 -79.4962 1.90735e-07
      vertex -34.0165 -63.9623 1.90735e-07
      vertex -25.4 -86.2 1.90735e-07
    endloop
  endfacet
  facet normal -0 0 -1
    outer loop
      vertex -34.0165 -63.9623 1.90735e-07
      vertex -50.419 -79.4962 1.90735e-07
      vertex -34.479 -63.529 1.90735e-07
    endloop
  endfacet
  facet normal -0 0 -1
    outer loop
      vertex -34.479 -63.529 1.90735e-07
      vertex -50.419 -79.4962 1.90735e-07
      vertex -35.0534 -62.9158 1.90735e-07
    endloop
  endfacet
  facet normal -0 0 -1
    outer loop
      vertex -35.0534 -62.9158 1.90735e-07
      vertex -50.419 -79.4962 1.90735e-07
      vertex -35.5864 -62.2663 1.90735e-07
    endloop
  endfacet
  facet normal -0 0 -1
    outer loop
      vertex -35.5864 -62.2663 1.90735e-07
      vertex -50.419 -79.4962 1.90735e-07
      vertex -36.0758 -61.5834 1.90735e-07
    endloop
  endfacet
  facet normal -0 0 -1
    outer loop
      vertex -36.0758 -61.5834 1.90735e-07
      vertex -50.419 -79.4962 1.90735e-07
      vertex -36.5195 -60.8699 1.90735e-07
    endloop
  endfacet
  facet normal -0 0 -1
    outer loop
      vertex -36.5195 -60.8699 1.90735e-07
      vertex -50.419 -79.4962 1.90735e-07
      vertex -36.9156 -60.1289 1.90735e-07
    endloop
  endfacet
  facet normal 0 0 -1
    outer loop
      vertex -55.499 -54.831 1.90735e-07
      vertex -36.9156 -60.1289 1.90735e-07
      vertex -50.419 -79.4962 1.90735e-07
    endloop
  endfacet
  facet normal 0 0 -1
    outer loop
      vertex -36.9156 -60.1289 1.90735e-07
      vertex -55.499 -54.831 1.90735e-07
      vertex -37.2623 -59.3635 1.90735e-07
    endloop
  endfacet
  facet normal 0 0 -1
    outer loop
      vertex -37.2623 -59.3635 1.90735e-07
      vertex -55.499 -54.831 1.90735e-07
      vertex -37.5583 -58.5772 1.90735e-07
    endloop
  endfacet
  facet normal 0 0 -1
    outer loop
      vertex -37.5583 -58.5772 1.90735e-07
      vertex -55.499 -54.831 1.90735e-07
      vertex -37.8022 -57.7732 1.90735e-07
    endloop
  endfacet
  facet normal 0 0 -1
    outer loop
      vertex -37.8022 -57.7732 1.90735e-07
      vertex -55.499 -54.831 1.90735e-07
      vertex -37.993 -56.9549 1.90735e-07
    endloop
  endfacet
  facet normal 0 0 -1
    outer loop
      vertex -37.993 -56.9549 1.90735e-07
      vertex -55.499 -54.831 1.90735e-07
      vertex -38.1299 -56.1259 1.90735e-07
    endloop
  endfacet
  facet normal 0 0 -1
    outer loop
      vertex -38.1299 -56.1259 1.90735e-07
      vertex -55.499 -54.831 1.90735e-07
      vertex -38.2122 -55.2898 1.90735e-07
    endloop
  endfacet
  facet normal 0 0 -1
    outer loop
      vertex -38.2122 -55.2898 1.90735e-07
      vertex -55.499 -54.831 1.90735e-07
      vertex -38.2272 -54.831 1.90735e-07
    endloop
  endfacet
  facet normal 0 0 -1
    outer loop
      vertex -55.499 -54.831 1.90735e-07
      vertex -50.419 -79.4962 1.90735e-07
      vertex -55.499 -92.1962 1.90735e-07
    endloop
  endfacet
  facet normal 0 0 1
    outer loop
      vertex -12.5878 -55.2898 88.9
      vertex -3.81 -54.831 88.9
      vertex -12.5728 -54.831 88.9
    endloop
  endfacet
  facet normal 0 0 1
    outer loop
      vertex -12.6701 -56.1259 88.9
      vertex -3.81 -54.831 88.9
      vertex -12.5878 -55.2898 88.9
    endloop
  endfacet
  facet normal 0 0 1
    outer loop
      vertex -12.807 -56.9549 88.9
      vertex -3.81 -54.831 88.9
      vertex -12.6701 -56.1259 88.9
    endloop
  endfacet
  facet normal 0 0 1
    outer loop
      vertex -12.9978 -57.7732 88.9
      vertex -3.81 -54.831 88.9
      vertex -12.807 -56.9549 88.9
    endloop
  endfacet
  facet normal 0 0 1
    outer loop
      vertex -13.2417 -58.5772 88.9
      vertex -3.81 -54.831 88.9
      vertex -12.9978 -57.7732 88.9
    endloop
  endfacet
  facet normal 0 0 1
    outer loop
      vertex -13.5377 -59.3635 88.9
      vertex -3.81 -54.831 88.9
      vertex -13.2417 -58.5772 88.9
    endloop
  endfacet
  facet normal 0 0 1
    outer loop
      vertex -13.8844 -60.1289 88.9
      vertex -3.81 -54.831 88.9
      vertex -13.5377 -59.3635 88.9
    endloop
  endfacet
  facet normal 0 0 1
    outer loop
      vertex -14.2805 -60.8699 88.9
      vertex -3.81 -54.831 88.9
      vertex -13.8844 -60.1289 88.9
    endloop
  endfacet
  facet normal 0 0 1
    outer loop
      vertex -3.81 -54.831 88.9
      vertex -14.2805 -60.8699 88.9
      vertex -3.81 -80.415 88.9
    endloop
  endfacet
  facet normal -0 0 1
    outer loop
      vertex -14.7242 -61.5834 88.9
      vertex -3.81 -80.415 88.9
      vertex -14.2805 -60.8699 88.9
    endloop
  endfacet
  facet normal -0 0 1
    outer loop
      vertex -15.2136 -62.2663 88.9
      vertex -3.81 -80.415 88.9
      vertex -14.7242 -61.5834 88.9
    endloop
  endfacet
  facet normal -0 0 1
    outer loop
      vertex -15.7466 -62.9158 88.9
      vertex -3.81 -80.415 88.9
      vertex -15.2136 -62.2663 88.9
    endloop
  endfacet
  facet normal -0 0 1
    outer loop
      vertex -16.321 -63.529 88.9
      vertex -3.81 -80.415 88.9
      vertex -15.7466 -62.9158 88.9
    endloop
  endfacet
  facet normal -0 0 1
    outer loop
      vertex -16.7835 -63.9623 88.9
      vertex -3.81 -80.415 88.9
      vertex -16.321 -63.529 88.9
    endloop
  endfacet
  facet normal 0 0 1
    outer loop
      vertex -16.7835 -63.9623 88.9
      vertex -25.4 -86.2 88.9
      vertex -3.81 -80.415 88.9
    endloop
  endfacet
  facet normal -0 0 1
    outer loop
      vertex -34.0165 -63.9623 88.9
      vertex -25.4 -86.2 88.9
      vertex -16.7835 -63.9623 88.9
    endloop
  endfacet
  facet normal 0 0 1
    outer loop
      vertex -50.419 -79.4962 88.9
      vertex -34.0165 -63.9623 88.9
      vertex -34.479 -63.529 88.9
    endloop
  endfacet
  facet normal 0 0 1
    outer loop
      vertex -50.419 -79.4962 88.9
      vertex -34.479 -63.529 88.9
      vertex -35.0534 -62.9158 88.9
    endloop
  endfacet
  facet normal 0 0 1
    outer loop
      vertex -50.419 -79.4962 88.9
      vertex -35.0534 -62.9158 88.9
      vertex -35.5864 -62.2663 88.9
    endloop
  endfacet
  facet normal 0 0 1
    outer loop
      vertex -50.419 -79.4962 88.9
      vertex -35.5864 -62.2663 88.9
      vertex -36.0758 -61.5834 88.9
    endloop
  endfacet
  facet normal 0 0 1
    outer loop
      vertex -50.419 -79.4962 88.9
      vertex -36.0758 -61.5834 88.9
      vertex -36.5195 -60.8699 88.9
    endloop
  endfacet
  facet normal 0 0 1
    outer loop
      vertex -50.419 -79.4962 88.9
      vertex -36.5195 -60.8699 88.9
      vertex -36.9156 -60.1289 88.9
    endloop
  endfacet
  facet normal 0 0 1
    outer loop
      vertex -55.499 -54.831 88.9
      vertex -36.9156 -60.1289 88.9
      vertex -37.2623 -59.3635 88.9
    endloop
  endfacet
  facet normal 0 0 1
    outer loop
      vertex -34.0165 -63.9623 88.9
      vertex -50.419 -79.4962 88.9
      vertex -25.4 -86.2 88.9
    endloop
  endfacet
  facet normal 0 0 1
    outer loop
      vertex -55.499 -54.831 88.9
      vertex -37.2623 -59.3635 88.9
      vertex -37.5583 -58.5772 88.9
    endloop
  endfacet
  facet normal 0 0 1
    outer loop
      vertex -55.499 -54.831 88.9
      vertex -37.5583 -58.5772 88.9
      vertex -37.8022 -57.7732 88.9
    endloop
  endfacet
  facet normal 0 0 1
    outer loop
      vertex -55.499 -54.831 88.9
      vertex -37.8022 -57.7732 88.9
      vertex -37.993 -56.9549 88.9
    endloop
  endfacet
  facet normal 0 0 1
    outer loop
      vertex -55.499 -54.831 88.9
      vertex -37.993 -56.9549 88.9
      vertex -38.1299 -56.1259 88.9
    endloop
  endfacet
  facet normal 0 0 1
    outer loop
      vertex -55.499 -54.831 88.9
      vertex -38.1299 -56.1259 88.9
      vertex -38.2122 -55.2898 88.9
    endloop
  endfacet
  facet normal -0 0 1
    outer loop
      vertex -55.499 -54.831 88.9
      vertex -38.2122 -55.2898 88.9
      vertex -38.2272 -54.831 88.9
    endloop
  endfacet
  facet normal 0 0 1
    outer loop
      vertex -36.9156 -60.1289 88.9
      vertex -55.499 -54.831 88.9
      vertex -50.419 -79.4962 88.9
    endloop
  endfacet
  facet normal 0 0 1
    outer loop
      vertex -55.499 -92.1962 88.9
      vertex -50.419 -79.4962 88.9
      vertex -55.499 -54.831 88.9
    endloop
  endfacet
  facet normal 0 0 1
    outer loop
      vertex -50.419 -79.4962 88.9
      vertex -55.499 -92.1962 88.9
      vertex -50.419 -92.1962 88.9
    endloop
  endfacet
  facet normal -1 0 0
    outer loop
      vertex -55.499 -92.1962 1.90735e-07
      vertex -55.499 -54.831 5.81378
      vertex -55.499 -54.831 1.90735e-07
    endloop
  endfacet
  facet normal -1 -0 0
    outer loop
      vertex -55.499 -54.831 5.81378
      vertex -55.499 -92.1962 1.90735e-07
      vertex -55.499 -92.1962 5.81378
    endloop
  endfacet
  facet normal -1 0 0
    outer loop
      vertex -55.499 -92.1962 83.0862
      vertex -55.499 -54.831 88.9
      vertex -55.499 -54.831 83.0862
    endloop
  endfacet
  facet normal -1 -0 0
    outer loop
      vertex -55.499 -54.831 88.9
      vertex -55.499 -92.1962 83.0862
      vertex -55.499 -92.1962 88.9
    endloop
  endfacet
  facet normal -1 0 0
    outer loop
      vertex -55.499 -92.1962 11.9662
      vertex -55.499 -54.831 76.9338
      vertex -55.499 -54.831 11.9662
    endloop
  endfacet
  facet normal -1 -0 0
    outer loop
      vertex -55.499 -54.831 76.9338
      vertex -55.499 -92.1962 11.9662
      vertex -55.499 -92.1962 76.9338
    endloop
  endfacet
  facet normal 0 -1 0
    outer loop
      vertex -55.499 -92.1962 1.90735e-07
      vertex -50.419 -92.1962 5.81378
      vertex -55.499 -92.1962 5.81378
    endloop
  endfacet
  facet normal 0 -1 -0
    outer loop
      vertex -50.419 -92.1962 5.81378
      vertex -55.499 -92.1962 1.90735e-07
      vertex -50.419 -92.1962 1.90735e-07
    endloop
  endfacet
  facet normal 0 -1 0
    outer loop
      vertex -55.499 -92.1962 83.0862
      vertex -50.419 -92.1962 88.9
      vertex -55.499 -92.1962 88.9
    endloop
  endfacet
  facet normal 0 -1 -0
    outer loop
      vertex -50.419 -92.1962 88.9
      vertex -55.499 -92.1962 83.0862
      vertex -50.419 -92.1962 83.0862
    endloop
  endfacet
  facet normal 0 -1 0
    outer loop
      vertex -55.499 -92.1962 11.9662
      vertex -50.419 -92.1962 76.9338
      vertex -55.499 -92.1962 76.9338
    endloop
  endfacet
  facet normal 0 -1 -0
    outer loop
      vertex -50.419 -92.1962 76.9338
      vertex -55.499 -92.1962 11.9662
      vertex -50.419 -92.1962 11.9662
    endloop
  endfacet
  facet normal 1 -0 0
    outer loop
      vertex -50.419 -92.1962 5.81378
      vertex -50.419 -79.4962 1.90735e-07
      vertex -50.419 -79.4962 5.81378
    endloop
  endfacet
  facet normal 1 0 0
    outer loop
      vertex -50.419 -79.4962 1.90735e-07
      vertex -50.419 -92.1962 5.81378
      vertex -50.419 -92.1962 1.90735e-07
    endloop
  endfacet
  facet normal 1 -0 0
    outer loop
      vertex -50.419 -92.1962 88.9
      vertex -50.419 -79.4962 83.0862
      vertex -50.419 -79.4962 88.9
    endloop
  endfacet
  facet normal 1 0 0
    outer loop
      vertex -50.419 -79.4962 83.0862
      vertex -50.419 -92.1962 88.9
      vertex -50.419 -92.1962 83.0862
    endloop
  endfacet
  facet normal 1 -0 0
    outer loop
      vertex -50.419 -92.1962 76.9338
      vertex -50.419 -79.4962 11.9662
      vertex -50.419 -79.4962 76.9338
    endloop
  endfacet
  facet normal 1 0 0
    outer loop
      vertex -50.419 -79.4962 11.9662
      vertex -50.419 -92.1962 76.9338
      vertex -50.419 -92.1962 11.9662
    endloop
  endfacet
  facet normal -0.258818 -0.965926 0
    outer loop
      vertex -50.419 -79.4962 1.90735e-07
      vertex -25.4 -86.2 5.81378
      vertex -50.419 -79.4962 5.81378
    endloop
  endfacet
  facet normal -0.258818 -0.965926 -0
    outer loop
      vertex -25.4 -86.2 5.81378
      vertex -50.419 -79.4962 1.90735e-07
      vertex -25.4 -86.2 1.90735e-07
    endloop
  endfacet
  facet normal -0.258818 -0.965926 0
    outer loop
      vertex -50.419 -79.4962 83.0862
      vertex -25.4 -86.2 88.9
      vertex -50.419 -79.4962 88.9
    endloop
  endfacet
  facet normal -0.258818 -0.965926 -0
    outer loop
      vertex -25.4 -86.2 88.9
      vertex -50.419 -79.4962 83.0862
      vertex -25.4 -86.2 83.0862
    endloop
  endfacet
  facet normal -0.258818 -0.965926 0
    outer loop
      vertex -50.419 -79.4962 11.9662
      vertex -25.4 -86.2 76.9338
      vertex -50.419 -79.4962 76.9338
    endloop
  endfacet
  facet normal -0.258818 -0.965926 -0
    outer loop
      vertex -25.4 -86.2 76.9338
      vertex -50.419 -79.4962 11.9662
      vertex -25.4 -86.2 11.9662
    endloop
  endfacet
  facet normal 0.258818 -0.965926 0
    outer loop
      vertex -25.4 -86.2 1.90735e-07
      vertex -3.81 -80.415 5.81378
      vertex -25.4 -86.2 5.81378
    endloop
  endfacet
  facet normal 0.258818 -0.965926 0
    outer loop
      vertex -3.81 -80.415 5.81378
      vertex -25.4 -86.2 1.90735e-07
      vertex -3.81 -80.415 1.90735e-07
    endloop
  endfacet
  facet normal 0.258818 -0.965926 0
    outer loop
      vertex -25.4 -86.2 83.0862
      vertex -3.81 -80.415 88.9
      vertex -25.4 -86.2 88.9
    endloop
  endfacet
  facet normal 0.258818 -0.965926 0
    outer loop
      vertex -3.81 -80.415 88.9
      vertex -25.4 -86.2 83.0862
      vertex -3.81 -80.415 83.0862
    endloop
  endfacet
  facet normal 0.258818 -0.965926 0
    outer loop
      vertex -25.4 -86.2 11.9662
      vertex -3.81 -80.415 76.9338
      vertex -25.4 -86.2 76.9338
    endloop
  endfacet
  facet normal 0.258818 -0.965926 0
    outer loop
      vertex -3.81 -80.415 76.9338
      vertex -25.4 -86.2 11.9662
      vertex -3.81 -80.415 11.9662
    endloop
  endfacet
  facet normal 1 -0 0
    outer loop
      vertex -3.81 -80.415 5.81378
      vertex -3.81 -54.831 1.90735e-07
      vertex -3.81 -54.831 5.81378
    endloop
  endfacet
  facet normal 1 0 0
    outer loop
      vertex -3.81 -54.831 1.90735e-07
      vertex -3.81 -80.415 5.81378
      vertex -3.81 -80.415 1.90735e-07
    endloop
  endfacet
  facet normal 1 -0 0
    outer loop
      vertex -3.81 -80.415 88.9
      vertex -3.81 -54.831 83.0862
      vertex -3.81 -54.831 88.9
    endloop
  endfacet
  facet normal 1 0 0
    outer loop
      vertex -3.81 -54.831 83.0862
      vertex -3.81 -80.415 88.9
      vertex -3.81 -80.415 83.0862
    endloop
  endfacet
  facet normal 1 -0 0
    outer loop
      vertex -3.81 -80.415 76.9338
      vertex -3.81 -54.831 11.9662
      vertex -3.81 -54.831 76.9338
    endloop
  endfacet
  facet normal 1 0 0
    outer loop
      vertex -3.81 -54.831 11.9662
      vertex -3.81 -80.415 76.9338
      vertex -3.81 -80.415 11.9662
    endloop
  endfacet
  facet normal 0 1 0
    outer loop
      vertex -53.467 -54.831 78.74
      vertex -45.4263 -54.831 81.3197
      vertex -45.3432 -54.831 81.2419
    endloop
  endfacet
  facet normal 0 1 0
    outer loop
      vertex -53.467 -54.831 78.74
      vertex -45.3432 -54.831 81.2419
      vertex -45.2552 -54.831 81.1696
    endloop
  endfacet
  facet normal 0 1 0
    outer loop
      vertex -53.467 -54.831 78.74
      vertex -45.2552 -54.831 81.1696
      vertex -45.1626 -54.831 81.1033
    endloop
  endfacet
  facet normal 0 1 0
    outer loop
      vertex -53.467 -54.831 78.74
      vertex -45.1626 -54.831 81.1033
      vertex -45.0659 -54.831 81.0432
    endloop
  endfacet
  facet normal 0 1 0
    outer loop
      vertex -53.467 -54.831 78.74
      vertex -45.0659 -54.831 81.0432
      vertex -44.9655 -54.831 80.9895
    endloop
  endfacet
  facet normal 0 1 0
    outer loop
      vertex -53.467 -54.831 78.74
      vertex -44.9655 -54.831 80.9895
      vertex -44.8618 -54.831 80.9425
    endloop
  endfacet
  facet normal 0 1 0
    outer loop
      vertex -53.467 -54.831 78.74
      vertex -44.8618 -54.831 80.9425
      vertex -44.7553 -54.831 80.9024
    endloop
  endfacet
  facet normal 0 1 0
    outer loop
      vertex -53.467 -54.831 78.74
      vertex -44.7553 -54.831 80.9024
      vertex -44.6463 -54.831 80.8694
    endloop
  endfacet
  facet normal 0 1 0
    outer loop
      vertex -53.9185 -54.831 78.2884
      vertex -44.6463 -54.831 80.8694
      vertex -44.5354 -54.831 80.8435
    endloop
  endfacet
  facet normal 0 1 0
    outer loop
      vertex -54.5959 -54.831 77.6111
      vertex -44.5354 -54.831 80.8435
      vertex -44.4231 -54.831 80.825
    endloop
  endfacet
  facet normal 0 1 0
    outer loop
      vertex -55.2732 -54.831 76.9338
      vertex -44.4231 -54.831 80.825
      vertex -44.3098 -54.831 80.8138
    endloop
  endfacet
  facet normal 0 1 0
    outer loop
      vertex -45.4263 -54.831 81.3197
      vertex -53.467 -54.831 78.74
      vertex -53.467 -54.831 81.28
    endloop
  endfacet
  facet normal 0 1 0
    outer loop
      vertex -55.2732 -54.831 76.9338
      vertex -44.3098 -54.831 80.8138
      vertex -44.196 -54.831 80.8101
    endloop
  endfacet
  facet normal 0 1 0
    outer loop
      vertex -53.467 -54.831 81.28
      vertex -45.6427 -54.831 81.5834
      vertex -45.5764 -54.831 81.4908
    endloop
  endfacet
  facet normal 0 1 0
    outer loop
      vertex -53.467 -54.831 81.28
      vertex -45.5764 -54.831 81.4908
      vertex -45.5041 -54.831 81.4028
    endloop
  endfacet
  facet normal 0 1 0
    outer loop
      vertex -53.467 -54.831 81.28
      vertex -45.5041 -54.831 81.4028
      vertex -45.4263 -54.831 81.3197
    endloop
  endfacet
  facet normal 0 1 0
    outer loop
      vertex -45.6427 -54.831 81.5834
      vertex -53.467 -54.831 81.28
      vertex -53.6928 -54.831 81.5058
    endloop
  endfacet
  facet normal 0 1 0
    outer loop
      vertex -53.6928 -54.831 81.5058
      vertex -53.467 -54.831 81.28
      vertex -53.6928 -54.831 81.28
    endloop
  endfacet
  facet normal 0 1 0
    outer loop
      vertex -53.6928 -54.831 81.5058
      vertex -45.7565 -54.831 81.7805
      vertex -45.7028 -54.831 81.68
    endloop
  endfacet
  facet normal 0 1 0
    outer loop
      vertex -53.6928 -54.831 81.5058
      vertex -45.7028 -54.831 81.68
      vertex -45.6427 -54.831 81.5834
    endloop
  endfacet
  facet normal 0 1 0
    outer loop
      vertex -45.7565 -54.831 81.7805
      vertex -53.6928 -54.831 81.5058
      vertex -53.9185 -54.831 81.7316
    endloop
  endfacet
  facet normal 0 1 0
    outer loop
      vertex -53.9185 -54.831 81.7316
      vertex -53.6928 -54.831 81.5058
      vertex -53.9185 -54.831 81.5058
    endloop
  endfacet
  facet normal 0 1 0
    outer loop
      vertex -53.9185 -54.831 81.7316
      vertex -45.8436 -54.831 81.9907
      vertex -45.8035 -54.831 81.8842
    endloop
  endfacet
  facet normal 0 1 0
    outer loop
      vertex -53.9185 -54.831 81.7316
      vertex -45.8035 -54.831 81.8842
      vertex -45.7565 -54.831 81.7805
    endloop
  endfacet
  facet normal 0 1 0
    outer loop
      vertex -45.8436 -54.831 81.9907
      vertex -53.9185 -54.831 81.7316
      vertex -54.1443 -54.831 81.9573
    endloop
  endfacet
  facet normal 0 1 0
    outer loop
      vertex -54.1443 -54.831 81.9573
      vertex -53.9185 -54.831 81.7316
      vertex -54.1443 -54.831 81.7316
    endloop
  endfacet
  facet normal 0 1 0
    outer loop
      vertex -54.1443 -54.831 81.9573
      vertex -45.9025 -54.831 82.2106
      vertex -45.8766 -54.831 82.0997
    endloop
  endfacet
  facet normal 0 1 0
    outer loop
      vertex -54.1443 -54.831 81.9573
      vertex -45.8766 -54.831 82.0997
      vertex -45.8436 -54.831 81.9907
    endloop
  endfacet
  facet normal 0 1 0
    outer loop
      vertex -45.9025 -54.831 82.2106
      vertex -54.1443 -54.831 81.9573
      vertex -54.3701 -54.831 82.1831
    endloop
  endfacet
  facet normal 0 1 0
    outer loop
      vertex -54.3701 -54.831 82.1831
      vertex -54.1443 -54.831 81.9573
      vertex -54.3701 -54.831 81.9573
    endloop
  endfacet
  facet normal 0 1 0
    outer loop
      vertex -54.3701 -54.831 82.1831
      vertex -45.9322 -54.831 82.4362
      vertex -45.921 -54.831 82.3229
    endloop
  endfacet
  facet normal 0 1 0
    outer loop
      vertex -54.3701 -54.831 82.1831
      vertex -45.921 -54.831 82.3229
      vertex -45.9025 -54.831 82.2106
    endloop
  endfacet
  facet normal 0 1 0
    outer loop
      vertex -45.9322 -54.831 82.4362
      vertex -54.3701 -54.831 82.1831
      vertex -54.5959 -54.831 82.4089
    endloop
  endfacet
  facet normal 0 1 0
    outer loop
      vertex -54.5959 -54.831 82.4089
      vertex -54.3701 -54.831 82.1831
      vertex -54.5959 -54.831 82.1831
    endloop
  endfacet
  facet normal 0 1 0
    outer loop
      vertex -54.5959 -54.831 82.4089
      vertex -45.9322 -54.831 82.6638
      vertex -45.9359 -54.831 82.55
    endloop
  endfacet
  facet normal 0 1 0
    outer loop
      vertex -54.5959 -54.831 82.4089
      vertex -45.9359 -54.831 82.55
      vertex -45.9322 -54.831 82.4362
    endloop
  endfacet
  facet normal 0 1 0
    outer loop
      vertex -45.9322 -54.831 82.6638
      vertex -54.5959 -54.831 82.4089
      vertex -54.8217 -54.831 82.6347
    endloop
  endfacet
  facet normal 0 1 0
    outer loop
      vertex -54.8217 -54.831 82.6347
      vertex -54.5959 -54.831 82.4089
      vertex -54.8217 -54.831 82.4089
    endloop
  endfacet
  facet normal 0 1 0
    outer loop
      vertex -54.8217 -54.831 82.6347
      vertex -45.9025 -54.831 82.8894
      vertex -45.921 -54.831 82.7771
    endloop
  endfacet
  facet normal 0 1 0
    outer loop
      vertex -54.8217 -54.831 82.6347
      vertex -45.921 -54.831 82.7771
      vertex -45.9322 -54.831 82.6638
    endloop
  endfacet
  facet normal 0 1 0
    outer loop
      vertex -45.9025 -54.831 82.8894
      vertex -54.8217 -54.831 82.6347
      vertex -55.0474 -54.831 82.8604
    endloop
  endfacet
  facet normal 0 1 0
    outer loop
      vertex -55.0474 -54.831 82.8604
      vertex -54.8217 -54.831 82.6347
      vertex -55.0474 -54.831 82.6347
    endloop
  endfacet
  facet normal 0 1 0
    outer loop
      vertex -55.0474 -54.831 82.8604
      vertex -45.8436 -54.831 83.1093
      vertex -45.8766 -54.831 83.0003
    endloop
  endfacet
  facet normal 0 1 0
    outer loop
      vertex -55.0474 -54.831 82.8604
      vertex -45.8766 -54.831 83.0003
      vertex -45.9025 -54.831 82.8894
    endloop
  endfacet
  facet normal 0 1 0
    outer loop
      vertex -45.8436 -54.831 83.1093
      vertex -55.0474 -54.831 82.8604
      vertex -55.2732 -54.831 83.0862
    endloop
  endfacet
  facet normal 0 1 0
    outer loop
      vertex -55.2732 -54.831 83.0862
      vertex -55.0474 -54.831 82.8604
      vertex -55.2732 -54.831 82.8604
    endloop
  endfacet
  facet normal 0 1 0
    outer loop
      vertex -44.3098 -54.831 84.2862
      vertex -38.2272 -54.831 88.9
      vertex -44.196 -54.831 84.2899
    endloop
  endfacet
  facet normal 0 1 0
    outer loop
      vertex -38.2272 -54.831 88.9
      vertex -44.0822 -54.831 84.2862
      vertex -44.196 -54.831 84.2899
    endloop
  endfacet
  facet normal 0 1 0
    outer loop
      vertex -38.2272 -54.831 88.9
      vertex -43.9689 -54.831 84.275
      vertex -44.0822 -54.831 84.2862
    endloop
  endfacet
  facet normal 0 1 0
    outer loop
      vertex -38.2272 -54.831 88.9
      vertex -43.8566 -54.831 84.2565
      vertex -43.9689 -54.831 84.275
    endloop
  endfacet
  facet normal 0 1 0
    outer loop
      vertex -38.2272 -54.831 88.9
      vertex -43.7457 -54.831 84.2306
      vertex -43.8566 -54.831 84.2565
    endloop
  endfacet
  facet normal 0 1 0
    outer loop
      vertex -38.2272 -54.831 88.9
      vertex -43.6367 -54.831 84.1976
      vertex -43.7457 -54.831 84.2306
    endloop
  endfacet
  facet normal 0 1 0
    outer loop
      vertex -38.2272 -54.831 88.9
      vertex -43.5302 -54.831 84.1575
      vertex -43.6367 -54.831 84.1976
    endloop
  endfacet
  facet normal 0 1 0
    outer loop
      vertex -38.2272 -54.831 88.9
      vertex -43.4265 -54.831 84.1105
      vertex -43.5302 -54.831 84.1575
    endloop
  endfacet
  facet normal 0 1 0
    outer loop
      vertex -38.2272 -54.831 88.9
      vertex -43.326 -54.831 84.0568
      vertex -43.4265 -54.831 84.1105
    endloop
  endfacet
  facet normal 0 1 0
    outer loop
      vertex -38.2272 -54.831 88.9
      vertex -43.2294 -54.831 83.9967
      vertex -43.326 -54.831 84.0568
    endloop
  endfacet
  facet normal 0 1 0
    outer loop
      vertex -38.2272 -54.831 88.9
      vertex -43.1368 -54.831 83.9304
      vertex -43.2294 -54.831 83.9967
    endloop
  endfacet
  facet normal 0 1 0
    outer loop
      vertex -38.2272 -54.831 88.9
      vertex -43.0488 -54.831 83.8581
      vertex -43.1368 -54.831 83.9304
    endloop
  endfacet
  facet normal 0 1 0
    outer loop
      vertex -38.2272 -54.831 88.9
      vertex -42.9657 -54.831 83.7803
      vertex -43.0488 -54.831 83.8581
    endloop
  endfacet
  facet normal 0 1 0
    outer loop
      vertex -38.2272 -54.831 88.9
      vertex -42.8879 -54.831 83.6972
      vertex -42.9657 -54.831 83.7803
    endloop
  endfacet
  facet normal 0 1 0
    outer loop
      vertex -38.2272 -54.831 88.9
      vertex -42.8156 -54.831 83.6092
      vertex -42.8879 -54.831 83.6972
    endloop
  endfacet
  facet normal 0 1 0
    outer loop
      vertex -38.2272 -54.831 88.9
      vertex -42.7493 -54.831 83.5166
      vertex -42.8156 -54.831 83.6092
    endloop
  endfacet
  facet normal 0 1 0
    outer loop
      vertex -38.2272 -54.831 88.9
      vertex -42.6892 -54.831 83.42
      vertex -42.7493 -54.831 83.5166
    endloop
  endfacet
  facet normal 0 1 0
    outer loop
      vertex -38.2272 -54.831 88.9
      vertex -42.6355 -54.831 83.3195
      vertex -42.6892 -54.831 83.42
    endloop
  endfacet
  facet normal 0 1 0
    outer loop
      vertex -38.2272 -54.831 88.9
      vertex -42.5885 -54.831 83.2158
      vertex -42.6355 -54.831 83.3195
    endloop
  endfacet
  facet normal 0 1 0
    outer loop
      vertex -38.2272 -54.831 88.9
      vertex -42.5484 -54.831 83.1093
      vertex -42.5885 -54.831 83.2158
    endloop
  endfacet
  facet normal 0 1 0
    outer loop
      vertex -38.2272 -54.831 88.9
      vertex -42.5154 -54.831 83.0003
      vertex -42.5484 -54.831 83.1093
    endloop
  endfacet
  facet normal 0 1 0
    outer loop
      vertex -38.2272 -54.831 88.9
      vertex -42.4895 -54.831 82.8894
      vertex -42.5154 -54.831 83.0003
    endloop
  endfacet
  facet normal 0 1 0
    outer loop
      vertex -38.2272 -54.831 88.9
      vertex -42.471 -54.831 82.7771
      vertex -42.4895 -54.831 82.8894
    endloop
  endfacet
  facet normal 0 1 0
    outer loop
      vertex -38.2272 -54.831 88.9
      vertex -42.4598 -54.831 82.6638
      vertex -42.471 -54.831 82.7771
    endloop
  endfacet
  facet normal 0 1 0
    outer loop
      vertex -38.2272 -54.831 88.9
      vertex -42.4561 -54.831 82.55
      vertex -42.4598 -54.831 82.6638
    endloop
  endfacet
  facet normal 0 1 0
    outer loop
      vertex -38.2272 -54.831 88.9
      vertex -42.4598 -54.831 82.4362
      vertex -42.4561 -54.831 82.55
    endloop
  endfacet
  facet normal 0 1 0
    outer loop
      vertex -38.2272 -54.831 88.9
      vertex -42.471 -54.831 82.3229
      vertex -42.4598 -54.831 82.4362
    endloop
  endfacet
  facet normal 0 1 0
    outer loop
      vertex -38.2272 -54.831 88.9
      vertex -42.4895 -54.831 82.2106
      vertex -42.471 -54.831 82.3229
    endloop
  endfacet
  facet normal 0 1 0
    outer loop
      vertex -38.2272 -54.831 88.9
      vertex -42.5154 -54.831 82.0997
      vertex -42.4895 -54.831 82.2106
    endloop
  endfacet
  facet normal 0 1 0
    outer loop
      vertex -38.2272 -54.831 88.9
      vertex -42.5484 -54.831 81.9907
      vertex -42.5154 -54.831 82.0997
    endloop
  endfacet
  facet normal 0 1 0
    outer loop
      vertex -38.2272 -54.831 88.9
      vertex -42.5885 -54.831 81.8842
      vertex -42.5484 -54.831 81.9907
    endloop
  endfacet
  facet normal 0 1 0
    outer loop
      vertex -38.2272 -54.831 88.9
      vertex -42.6355 -54.831 81.7805
      vertex -42.5885 -54.831 81.8842
    endloop
  endfacet
  facet normal 0 1 0
    outer loop
      vertex -38.2272 -54.831 88.9
      vertex -42.6892 -54.831 81.68
      vertex -42.6355 -54.831 81.7805
    endloop
  endfacet
  facet normal 0 1 0
    outer loop
      vertex -55.2732 -54.831 76.9338
      vertex -44.196 -54.831 80.8101
      vertex -44.0822 -54.831 80.8138
    endloop
  endfacet
  facet normal 0 1 0
    outer loop
      vertex -55.2732 -54.831 76.9338
      vertex -44.0822 -54.831 80.8138
      vertex -43.9689 -54.831 80.825
    endloop
  endfacet
  facet normal 0 1 0
    outer loop
      vertex -55.2732 -54.831 76.9338
      vertex -43.9689 -54.831 80.825
      vertex -43.8566 -54.831 80.8435
    endloop
  endfacet
  facet normal 0 1 0
    outer loop
      vertex -53.467 -54.831 78.74
      vertex -53.6928 -54.831 78.5142
      vertex -53.6928 -54.831 78.74
    endloop
  endfacet
  facet normal 0 1 0
    outer loop
      vertex -44.6463 -54.831 80.8694
      vertex -53.6928 -54.831 78.5142
      vertex -53.467 -54.831 78.74
    endloop
  endfacet
  facet normal 0 1 0
    outer loop
      vertex -43.8566 -54.831 8.05647
      vertex -43.8566 -54.831 80.8435
      vertex -43.7457 -54.831 80.8694
    endloop
  endfacet
  facet normal 0 1 0
    outer loop
      vertex -53.6928 -54.831 78.5142
      vertex -53.9185 -54.831 78.2884
      vertex -53.9185 -54.831 78.5142
    endloop
  endfacet
  facet normal 0 1 0
    outer loop
      vertex -44.6463 -54.831 80.8694
      vertex -53.9185 -54.831 78.2884
      vertex -53.6928 -54.831 78.5142
    endloop
  endfacet
  facet normal 0 1 0
    outer loop
      vertex -53.9185 -54.831 78.2884
      vertex -54.1443 -54.831 78.0627
      vertex -54.1443 -54.831 78.2884
    endloop
  endfacet
  facet normal 0 1 0
    outer loop
      vertex -44.5354 -54.831 80.8435
      vertex -54.1443 -54.831 78.0627
      vertex -53.9185 -54.831 78.2884
    endloop
  endfacet
  facet normal 0 1 0
    outer loop
      vertex -54.1443 -54.831 78.0627
      vertex -54.3701 -54.831 77.8369
      vertex -54.3701 -54.831 78.0627
    endloop
  endfacet
  facet normal 0 1 0
    outer loop
      vertex -44.5354 -54.831 80.8435
      vertex -54.3701 -54.831 77.8369
      vertex -54.1443 -54.831 78.0627
    endloop
  endfacet
  facet normal 0 1 0
    outer loop
      vertex -54.3701 -54.831 77.8369
      vertex -54.5959 -54.831 77.6111
      vertex -54.5959 -54.831 77.8369
    endloop
  endfacet
  facet normal 0 1 0
    outer loop
      vertex -44.5354 -54.831 80.8435
      vertex -54.5959 -54.831 77.6111
      vertex -54.3701 -54.831 77.8369
    endloop
  endfacet
  facet normal 0 1 0
    outer loop
      vertex -54.5959 -54.831 77.6111
      vertex -54.8217 -54.831 77.3853
      vertex -54.8217 -54.831 77.6111
    endloop
  endfacet
  facet normal 0 1 0
    outer loop
      vertex -44.4231 -54.831 80.825
      vertex -54.8217 -54.831 77.3853
      vertex -54.5959 -54.831 77.6111
    endloop
  endfacet
  facet normal 0 1 0
    outer loop
      vertex -43.7457 -54.831 8.03061
      vertex -43.7457 -54.831 80.8694
      vertex -43.6367 -54.831 80.9024
    endloop
  endfacet
  facet normal 0 1 0
    outer loop
      vertex -54.8217 -54.831 77.3853
      vertex -55.0474 -54.831 77.1596
      vertex -55.0474 -54.831 77.3853
    endloop
  endfacet
  facet normal 0 1 0
    outer loop
      vertex -44.4231 -54.831 80.825
      vertex -55.0474 -54.831 77.1596
      vertex -54.8217 -54.831 77.3853
    endloop
  endfacet
  facet normal 0 1 0
    outer loop
      vertex -55.0474 -54.831 77.1596
      vertex -55.2732 -54.831 76.9338
      vertex -55.2732 -54.831 77.1596
    endloop
  endfacet
  facet normal 0 1 0
    outer loop
      vertex -44.4231 -54.831 80.825
      vertex -55.2732 -54.831 76.9338
      vertex -55.0474 -54.831 77.1596
    endloop
  endfacet
  facet normal 0 1 0
    outer loop
      vertex -55.2732 -54.831 76.9338
      vertex -55.2732 -54.831 11.9662
      vertex -55.499 -54.831 76.9338
    endloop
  endfacet
  facet normal 0 1 0
    outer loop
      vertex -43.8566 -54.831 80.8435
      vertex -55.2732 -54.831 11.9662
      vertex -55.2732 -54.831 76.9338
    endloop
  endfacet
  facet normal 0 1 0
    outer loop
      vertex -43.6367 -54.831 7.99756
      vertex -43.6367 -54.831 80.9024
      vertex -43.5302 -54.831 80.9425
    endloop
  endfacet
  facet normal 0 1 0
    outer loop
      vertex -43.5302 -54.831 7.95746
      vertex -43.5302 -54.831 80.9425
      vertex -43.4265 -54.831 80.9895
    endloop
  endfacet
  facet normal 0 1 0
    outer loop
      vertex -43.4265 -54.831 7.91047
      vertex -43.4265 -54.831 80.9895
      vertex -43.326 -54.831 81.0432
    endloop
  endfacet
  facet normal 0 1 0
    outer loop
      vertex -43.326 -54.831 7.8568
      vertex -43.326 -54.831 81.0432
      vertex -43.2294 -54.831 81.1033
    endloop
  endfacet
  facet normal 0 1 0
    outer loop
      vertex -43.2294 -54.831 7.79667
      vertex -43.2294 -54.831 81.1033
      vertex -43.1368 -54.831 81.1696
    endloop
  endfacet
  facet normal 0 1 0
    outer loop
      vertex -43.1368 -54.831 7.73036
      vertex -43.1368 -54.831 81.1696
      vertex -43.0488 -54.831 81.2419
    endloop
  endfacet
  facet normal 0 1 0
    outer loop
      vertex -43.0488 -54.831 7.65813
      vertex -43.0488 -54.831 81.2419
      vertex -42.9657 -54.831 81.3197
    endloop
  endfacet
  facet normal 0 1 0
    outer loop
      vertex -42.9657 -54.831 7.5803
      vertex -42.9657 -54.831 81.3197
      vertex -42.8879 -54.831 81.4028
    endloop
  endfacet
  facet normal 0 1 0
    outer loop
      vertex -42.8879 -54.831 7.4972
      vertex -42.8879 -54.831 81.4028
      vertex -42.8156 -54.831 81.4908
    endloop
  endfacet
  facet normal 0 1 0
    outer loop
      vertex -42.8156 -54.831 7.40918
      vertex -42.8156 -54.831 81.4908
      vertex -42.7493 -54.831 81.5834
    endloop
  endfacet
  facet normal 0 1 0
    outer loop
      vertex -42.7493 -54.831 7.31664
      vertex -42.7493 -54.831 81.5834
      vertex -42.6892 -54.831 81.68
    endloop
  endfacet
  facet normal 0 1 0
    outer loop
      vertex -42.6892 -54.831 7.21995
      vertex -42.6892 -54.831 81.68
      vertex -38.2272 -54.831 88.9
    endloop
  endfacet
  facet normal 0 1 0
    outer loop
      vertex -43.8566 -54.831 80.8435
      vertex -43.8566 -54.831 8.05647
      vertex -55.2732 -54.831 11.9662
    endloop
  endfacet
  facet normal -0 1 -0
    outer loop
      vertex -43.9689 -54.831 8.07502
      vertex -55.2732 -54.831 11.9662
      vertex -43.8566 -54.831 8.05647
    endloop
  endfacet
  facet normal -0 1 -0
    outer loop
      vertex -44.196 -54.831 8.0899
      vertex -55.2732 -54.831 11.9662
      vertex -44.0822 -54.831 8.08617
    endloop
  endfacet
  facet normal 0 1 -0
    outer loop
      vertex -44.3098 -54.831 8.08617
      vertex -55.2732 -54.831 11.9662
      vertex -44.196 -54.831 8.0899
    endloop
  endfacet
  facet normal 0 1 -0
    outer loop
      vertex -44.4231 -54.831 8.07502
      vertex -55.2732 -54.831 11.9662
      vertex -44.3098 -54.831 8.08617
    endloop
  endfacet
  facet normal 0 1 0
    outer loop
      vertex -55.2732 -54.831 11.9662
      vertex -44.4231 -54.831 8.07502
      vertex -55.0474 -54.831 11.7404
    endloop
  endfacet
  facet normal 0 1 0
    outer loop
      vertex -55.0474 -54.831 11.7404
      vertex -44.4231 -54.831 8.07502
      vertex -54.8217 -54.831 11.5147
    endloop
  endfacet
  facet normal 0 1 0
    outer loop
      vertex -54.8217 -54.831 11.5147
      vertex -44.4231 -54.831 8.07502
      vertex -54.5959 -54.831 11.2889
    endloop
  endfacet
  facet normal 0 1 0
    outer loop
      vertex -54.5959 -54.831 11.2889
      vertex -44.5354 -54.831 8.05647
      vertex -54.3701 -54.831 11.0631
    endloop
  endfacet
  facet normal 0 1 0
    outer loop
      vertex -54.3701 -54.831 11.0631
      vertex -44.5354 -54.831 8.05647
      vertex -54.1443 -54.831 10.8373
    endloop
  endfacet
  facet normal 0 1 -0
    outer loop
      vertex -44.5354 -54.831 8.05647
      vertex -54.5959 -54.831 11.2889
      vertex -44.4231 -54.831 8.07502
    endloop
  endfacet
  facet normal -0 1 -0
    outer loop
      vertex -44.0822 -54.831 8.08617
      vertex -55.2732 -54.831 11.9662
      vertex -43.9689 -54.831 8.07502
    endloop
  endfacet
  facet normal 0 1 0
    outer loop
      vertex -43.7457 -54.831 80.8694
      vertex -43.7457 -54.831 8.03061
      vertex -43.8566 -54.831 8.05647
    endloop
  endfacet
  facet normal 0 1 0
    outer loop
      vertex -43.6367 -54.831 80.9024
      vertex -43.6367 -54.831 7.99756
      vertex -43.7457 -54.831 8.03061
    endloop
  endfacet
  facet normal 0 1 0
    outer loop
      vertex -43.5302 -54.831 80.9425
      vertex -43.5302 -54.831 7.95746
      vertex -43.6367 -54.831 7.99756
    endloop
  endfacet
  facet normal 0 1 0
    outer loop
      vertex -43.4265 -54.831 80.9895
      vertex -43.4265 -54.831 7.91047
      vertex -43.5302 -54.831 7.95746
    endloop
  endfacet
  facet normal 0 1 0
    outer loop
      vertex -43.326 -54.831 81.0432
      vertex -43.326 -54.831 7.8568
      vertex -43.4265 -54.831 7.91047
    endloop
  endfacet
  facet normal 0 1 0
    outer loop
      vertex -43.2294 -54.831 81.1033
      vertex -43.2294 -54.831 7.79667
      vertex -43.326 -54.831 7.8568
    endloop
  endfacet
  facet normal 0 1 0
    outer loop
      vertex -43.1368 -54.831 81.1696
      vertex -43.1368 -54.831 7.73036
      vertex -43.2294 -54.831 7.79667
    endloop
  endfacet
  facet normal 0 1 0
    outer loop
      vertex -43.0488 -54.831 81.2419
      vertex -43.0488 -54.831 7.65813
      vertex -43.1368 -54.831 7.73036
    endloop
  endfacet
  facet normal 0 1 0
    outer loop
      vertex -42.9657 -54.831 81.3197
      vertex -42.9657 -54.831 7.5803
      vertex -43.0488 -54.831 7.65813
    endloop
  endfacet
  facet normal 0 1 0
    outer loop
      vertex -42.8879 -54.831 81.4028
      vertex -42.8879 -54.831 7.4972
      vertex -42.9657 -54.831 7.5803
    endloop
  endfacet
  facet normal 0 1 0
    outer loop
      vertex -42.8156 -54.831 81.4908
      vertex -42.8156 -54.831 7.40918
      vertex -42.8879 -54.831 7.4972
    endloop
  endfacet
  facet normal 0 1 0
    outer loop
      vertex -42.7493 -54.831 81.5834
      vertex -42.7493 -54.831 7.31664
      vertex -42.8156 -54.831 7.40918
    endloop
  endfacet
  facet normal 0 1 0
    outer loop
      vertex -42.6892 -54.831 81.68
      vertex -42.6892 -54.831 7.21995
      vertex -42.7493 -54.831 7.31664
    endloop
  endfacet
  facet normal 0 1 0
    outer loop
      vertex -38.2272 -54.831 88.9
      vertex -42.6355 -54.831 7.11954
      vertex -42.6892 -54.831 7.21995
    endloop
  endfacet
  facet normal 0 1 -0
    outer loop
      vertex -38.2272 -54.831 1.90735e-07
      vertex -42.6355 -54.831 7.11954
      vertex -38.2272 -54.831 88.9
    endloop
  endfacet
  facet normal 0 1 0
    outer loop
      vertex -42.6355 -54.831 7.11954
      vertex -38.2272 -54.831 1.90735e-07
      vertex -42.5885 -54.831 7.01583
    endloop
  endfacet
  facet normal 0 1 0
    outer loop
      vertex -42.5885 -54.831 7.01583
      vertex -38.2272 -54.831 1.90735e-07
      vertex -42.5484 -54.831 6.90927
    endloop
  endfacet
  facet normal 0 1 0
    outer loop
      vertex -42.5484 -54.831 6.90927
      vertex -38.2272 -54.831 1.90735e-07
      vertex -42.5154 -54.831 6.80032
    endloop
  endfacet
  facet normal 0 1 0
    outer loop
      vertex -42.5154 -54.831 6.80032
      vertex -38.2272 -54.831 1.90735e-07
      vertex -42.4895 -54.831 6.68944
    endloop
  endfacet
  facet normal 0 1 0
    outer loop
      vertex -42.4895 -54.831 6.68944
      vertex -38.2272 -54.831 1.90735e-07
      vertex -42.471 -54.831 6.5771
    endloop
  endfacet
  facet normal 0 1 0
    outer loop
      vertex -42.471 -54.831 6.5771
      vertex -38.2272 -54.831 1.90735e-07
      vertex -42.4598 -54.831 6.4638
    endloop
  endfacet
  facet normal 0 1 0
    outer loop
      vertex -42.4598 -54.831 6.4638
      vertex -38.2272 -54.831 1.90735e-07
      vertex -42.4561 -54.831 6.35
    endloop
  endfacet
  facet normal 0 1 0
    outer loop
      vertex -44.0822 -54.831 4.61383
      vertex -38.2272 -54.831 1.90735e-07
      vertex -44.196 -54.831 4.6101
    endloop
  endfacet
  facet normal 0 1 0
    outer loop
      vertex -43.9689 -54.831 4.62499
      vertex -38.2272 -54.831 1.90735e-07
      vertex -44.0822 -54.831 4.61383
    endloop
  endfacet
  facet normal 0 1 0
    outer loop
      vertex -43.8566 -54.831 4.64353
      vertex -38.2272 -54.831 1.90735e-07
      vertex -43.9689 -54.831 4.62499
    endloop
  endfacet
  facet normal 0 1 0
    outer loop
      vertex -43.7457 -54.831 4.66939
      vertex -38.2272 -54.831 1.90735e-07
      vertex -43.8566 -54.831 4.64353
    endloop
  endfacet
  facet normal 0 1 0
    outer loop
      vertex -43.6367 -54.831 4.70244
      vertex -38.2272 -54.831 1.90735e-07
      vertex -43.7457 -54.831 4.66939
    endloop
  endfacet
  facet normal 0 1 0
    outer loop
      vertex -43.5302 -54.831 4.74254
      vertex -38.2272 -54.831 1.90735e-07
      vertex -43.6367 -54.831 4.70244
    endloop
  endfacet
  facet normal 0 1 0
    outer loop
      vertex -43.4265 -54.831 4.78953
      vertex -38.2272 -54.831 1.90735e-07
      vertex -43.5302 -54.831 4.74254
    endloop
  endfacet
  facet normal 0 1 0
    outer loop
      vertex -43.326 -54.831 4.8432
      vertex -38.2272 -54.831 1.90735e-07
      vertex -43.4265 -54.831 4.78953
    endloop
  endfacet
  facet normal 0 1 0
    outer loop
      vertex -43.2294 -54.831 4.90333
      vertex -38.2272 -54.831 1.90735e-07
      vertex -43.326 -54.831 4.8432
    endloop
  endfacet
  facet normal 0 1 0
    outer loop
      vertex -43.1368 -54.831 4.96964
      vertex -38.2272 -54.831 1.90735e-07
      vertex -43.2294 -54.831 4.90333
    endloop
  endfacet
  facet normal 0 1 0
    outer loop
      vertex -43.0488 -54.831 5.04187
      vertex -38.2272 -54.831 1.90735e-07
      vertex -43.1368 -54.831 4.96964
    endloop
  endfacet
  facet normal 0 1 0
    outer loop
      vertex -42.9657 -54.831 5.11971
      vertex -38.2272 -54.831 1.90735e-07
      vertex -43.0488 -54.831 5.04187
    endloop
  endfacet
  facet normal 0 1 0
    outer loop
      vertex -42.8879 -54.831 5.2028
      vertex -38.2272 -54.831 1.90735e-07
      vertex -42.9657 -54.831 5.11971
    endloop
  endfacet
  facet normal 0 1 0
    outer loop
      vertex -42.8156 -54.831 5.29082
      vertex -38.2272 -54.831 1.90735e-07
      vertex -42.8879 -54.831 5.2028
    endloop
  endfacet
  facet normal 0 1 0
    outer loop
      vertex -42.7493 -54.831 5.38336
      vertex -38.2272 -54.831 1.90735e-07
      vertex -42.8156 -54.831 5.29082
    endloop
  endfacet
  facet normal 0 1 0
    outer loop
      vertex -42.6892 -54.831 5.48005
      vertex -38.2272 -54.831 1.90735e-07
      vertex -42.7493 -54.831 5.38336
    endloop
  endfacet
  facet normal 0 1 0
    outer loop
      vertex -42.6355 -54.831 5.58046
      vertex -38.2272 -54.831 1.90735e-07
      vertex -42.6892 -54.831 5.48005
    endloop
  endfacet
  facet normal 0 1 0
    outer loop
      vertex -42.5885 -54.831 5.68417
      vertex -38.2272 -54.831 1.90735e-07
      vertex -42.6355 -54.831 5.58046
    endloop
  endfacet
  facet normal 0 1 0
    outer loop
      vertex -42.5484 -54.831 5.79073
      vertex -38.2272 -54.831 1.90735e-07
      vertex -42.5885 -54.831 5.68417
    endloop
  endfacet
  facet normal 0 1 0
    outer loop
      vertex -42.5154 -54.831 5.89968
      vertex -38.2272 -54.831 1.90735e-07
      vertex -42.5484 -54.831 5.79073
    endloop
  endfacet
  facet normal 0 1 0
    outer loop
      vertex -42.4895 -54.831 6.01056
      vertex -38.2272 -54.831 1.90735e-07
      vertex -42.5154 -54.831 5.89968
    endloop
  endfacet
  facet normal 0 1 0
    outer loop
      vertex -42.471 -54.831 6.1229
      vertex -38.2272 -54.831 1.90735e-07
      vertex -42.4895 -54.831 6.01056
    endloop
  endfacet
  facet normal 0 1 0
    outer loop
      vertex -42.4598 -54.831 6.23621
      vertex -38.2272 -54.831 1.90735e-07
      vertex -42.471 -54.831 6.1229
    endloop
  endfacet
  facet normal 0 1 0
    outer loop
      vertex -42.4561 -54.831 6.35
      vertex -38.2272 -54.831 1.90735e-07
      vertex -42.4598 -54.831 6.23621
    endloop
  endfacet
  facet normal 0 1 0
    outer loop
      vertex -44.4231 -54.831 84.275
      vertex -38.2272 -54.831 88.9
      vertex -44.3098 -54.831 84.2862
    endloop
  endfacet
  facet normal 0 1 0
    outer loop
      vertex -44.5354 -54.831 84.2565
      vertex -38.2272 -54.831 88.9
      vertex -44.4231 -54.831 84.275
    endloop
  endfacet
  facet normal 0 1 0
    outer loop
      vertex -38.2272 -54.831 88.9
      vertex -44.5354 -54.831 84.2565
      vertex -55.499 -54.831 88.9
    endloop
  endfacet
  facet normal 0 1 -0
    outer loop
      vertex -44.6463 -54.831 84.2306
      vertex -55.499 -54.831 88.9
      vertex -44.5354 -54.831 84.2565
    endloop
  endfacet
  facet normal 0 1 -0
    outer loop
      vertex -44.7553 -54.831 84.1976
      vertex -55.499 -54.831 88.9
      vertex -44.6463 -54.831 84.2306
    endloop
  endfacet
  facet normal 0 1 -0
    outer loop
      vertex -44.8618 -54.831 84.1575
      vertex -55.499 -54.831 88.9
      vertex -44.7553 -54.831 84.1976
    endloop
  endfacet
  facet normal 0 1 -0
    outer loop
      vertex -44.9655 -54.831 84.1105
      vertex -55.499 -54.831 88.9
      vertex -44.8618 -54.831 84.1575
    endloop
  endfacet
  facet normal 0 1 -0
    outer loop
      vertex -45.0659 -54.831 84.0568
      vertex -55.499 -54.831 88.9
      vertex -44.9655 -54.831 84.1105
    endloop
  endfacet
  facet normal 0 1 -0
    outer loop
      vertex -45.1626 -54.831 83.9967
      vertex -55.499 -54.831 88.9
      vertex -45.0659 -54.831 84.0568
    endloop
  endfacet
  facet normal 0 1 -0
    outer loop
      vertex -45.2552 -54.831 83.9304
      vertex -55.499 -54.831 88.9
      vertex -45.1626 -54.831 83.9967
    endloop
  endfacet
  facet normal 0 1 -0
    outer loop
      vertex -45.3432 -54.831 83.8581
      vertex -55.499 -54.831 88.9
      vertex -45.2552 -54.831 83.9304
    endloop
  endfacet
  facet normal 0 1 -0
    outer loop
      vertex -45.4263 -54.831 83.7803
      vertex -55.499 -54.831 88.9
      vertex -45.3432 -54.831 83.8581
    endloop
  endfacet
  facet normal 0 1 -0
    outer loop
      vertex -45.5041 -54.831 83.6972
      vertex -55.499 -54.831 88.9
      vertex -45.4263 -54.831 83.7803
    endloop
  endfacet
  facet normal 0 1 -0
    outer loop
      vertex -45.5764 -54.831 83.6092
      vertex -55.499 -54.831 88.9
      vertex -45.5041 -54.831 83.6972
    endloop
  endfacet
  facet normal 0 1 -0
    outer loop
      vertex -45.6427 -54.831 83.5166
      vertex -55.499 -54.831 88.9
      vertex -45.5764 -54.831 83.6092
    endloop
  endfacet
  facet normal 0 1 -0
    outer loop
      vertex -45.7028 -54.831 83.42
      vertex -55.499 -54.831 88.9
      vertex -45.6427 -54.831 83.5166
    endloop
  endfacet
  facet normal 0 1 0
    outer loop
      vertex -55.2732 -54.831 83.0862
      vertex -45.7028 -54.831 83.42
      vertex -45.7565 -54.831 83.3195
    endloop
  endfacet
  facet normal 0 1 0
    outer loop
      vertex -55.2732 -54.831 83.0862
      vertex -45.7565 -54.831 83.3195
      vertex -45.8035 -54.831 83.2158
    endloop
  endfacet
  facet normal 0 1 0
    outer loop
      vertex -55.2732 -54.831 83.0862
      vertex -45.8035 -54.831 83.2158
      vertex -45.8436 -54.831 83.1093
    endloop
  endfacet
  facet normal 0 1 0
    outer loop
      vertex -45.7028 -54.831 83.42
      vertex -55.2732 -54.831 83.0862
      vertex -55.499 -54.831 88.9
    endloop
  endfacet
  facet normal 0 1 0
    outer loop
      vertex -55.499 -54.831 88.9
      vertex -55.2732 -54.831 83.0862
      vertex -55.499 -54.831 83.0862
    endloop
  endfacet
  facet normal 0 1 0
    outer loop
      vertex -55.499 -54.831 76.9338
      vertex -55.2732 -54.831 11.9662
      vertex -55.499 -54.831 11.9662
    endloop
  endfacet
  facet normal 0 1 0
    outer loop
      vertex -55.2732 -54.831 11.9662
      vertex -55.0474 -54.831 11.7404
      vertex -55.2732 -54.831 11.7404
    endloop
  endfacet
  facet normal 0 1 0
    outer loop
      vertex -55.0474 -54.831 11.7404
      vertex -54.8217 -54.831 11.5147
      vertex -55.0474 -54.831 11.5147
    endloop
  endfacet
  facet normal 0 1 0
    outer loop
      vertex -54.8217 -54.831 11.5147
      vertex -54.5959 -54.831 11.2889
      vertex -54.8217 -54.831 11.2889
    endloop
  endfacet
  facet normal 0 1 0
    outer loop
      vertex -54.5959 -54.831 11.2889
      vertex -54.3701 -54.831 11.0631
      vertex -54.5959 -54.831 11.0631
    endloop
  endfacet
  facet normal 0 1 0
    outer loop
      vertex -54.3701 -54.831 11.0631
      vertex -54.1443 -54.831 10.8373
      vertex -54.3701 -54.831 10.8373
    endloop
  endfacet
  facet normal 0 1 0
    outer loop
      vertex -54.1443 -54.831 10.8373
      vertex -53.9185 -54.831 10.6116
      vertex -54.1443 -54.831 10.6116
    endloop
  endfacet
  facet normal 0 1 0
    outer loop
      vertex -53.9185 -54.831 10.6116
      vertex -53.6928 -54.831 10.3858
      vertex -53.9185 -54.831 10.3858
    endloop
  endfacet
  facet normal 0 1 0
    outer loop
      vertex -53.6928 -54.831 10.3858
      vertex -53.467 -54.831 10.16
      vertex -53.6928 -54.831 10.16
    endloop
  endfacet
  facet normal 0 1 0
    outer loop
      vertex -54.1443 -54.831 10.8373
      vertex -44.5354 -54.831 8.05647
      vertex -53.9185 -54.831 10.6116
    endloop
  endfacet
  facet normal 0 1 -0
    outer loop
      vertex -44.6463 -54.831 8.03061
      vertex -53.9185 -54.831 10.6116
      vertex -44.5354 -54.831 8.05647
    endloop
  endfacet
  facet normal 0 1 0
    outer loop
      vertex -53.9185 -54.831 10.6116
      vertex -44.6463 -54.831 8.03061
      vertex -53.6928 -54.831 10.3858
    endloop
  endfacet
  facet normal 0 1 0
    outer loop
      vertex -53.6928 -54.831 10.3858
      vertex -44.6463 -54.831 8.03061
      vertex -53.467 -54.831 10.16
    endloop
  endfacet
  facet normal 0 1 -0
    outer loop
      vertex -44.7553 -54.831 7.99756
      vertex -53.467 -54.831 10.16
      vertex -44.6463 -54.831 8.03061
    endloop
  endfacet
  facet normal 0 1 -0
    outer loop
      vertex -44.8618 -54.831 7.95746
      vertex -53.467 -54.831 10.16
      vertex -44.7553 -54.831 7.99756
    endloop
  endfacet
  facet normal 0 1 -0
    outer loop
      vertex -44.9655 -54.831 7.91047
      vertex -53.467 -54.831 10.16
      vertex -44.8618 -54.831 7.95746
    endloop
  endfacet
  facet normal 0 1 -0
    outer loop
      vertex -45.0659 -54.831 7.8568
      vertex -53.467 -54.831 10.16
      vertex -44.9655 -54.831 7.91047
    endloop
  endfacet
  facet normal 0 1 -0
    outer loop
      vertex -45.1626 -54.831 7.79667
      vertex -53.467 -54.831 10.16
      vertex -45.0659 -54.831 7.8568
    endloop
  endfacet
  facet normal 0 1 -0
    outer loop
      vertex -45.2552 -54.831 7.73036
      vertex -53.467 -54.831 10.16
      vertex -45.1626 -54.831 7.79667
    endloop
  endfacet
  facet normal 0 1 -0
    outer loop
      vertex -45.3432 -54.831 7.65813
      vertex -53.467 -54.831 10.16
      vertex -45.2552 -54.831 7.73036
    endloop
  endfacet
  facet normal 0 1 -0
    outer loop
      vertex -45.4263 -54.831 7.5803
      vertex -53.467 -54.831 10.16
      vertex -45.3432 -54.831 7.65813
    endloop
  endfacet
  facet normal 0 1 -0
    outer loop
      vertex -45.5041 -54.831 7.4972
      vertex -53.467 -54.831 10.16
      vertex -45.4263 -54.831 7.5803
    endloop
  endfacet
  facet normal 0 1 -0
    outer loop
      vertex -45.5764 -54.831 7.40918
      vertex -53.467 -54.831 10.16
      vertex -45.5041 -54.831 7.4972
    endloop
  endfacet
  facet normal 0 1 -0
    outer loop
      vertex -45.6427 -54.831 7.31664
      vertex -53.467 -54.831 10.16
      vertex -45.5764 -54.831 7.40918
    endloop
  endfacet
  facet normal 0 1 -0
    outer loop
      vertex -45.7028 -54.831 7.21995
      vertex -53.467 -54.831 10.16
      vertex -45.6427 -54.831 7.31664
    endloop
  endfacet
  facet normal 0 1 -0
    outer loop
      vertex -45.7565 -54.831 7.11954
      vertex -53.467 -54.831 10.16
      vertex -45.7028 -54.831 7.21995
    endloop
  endfacet
  facet normal 0 1 0
    outer loop
      vertex -53.467 -54.831 10.16
      vertex -45.7565 -54.831 7.11954
      vertex -53.467 -54.831 7.62
    endloop
  endfacet
  facet normal 0 1 -0
    outer loop
      vertex -45.8035 -54.831 7.01583
      vertex -53.467 -54.831 7.62
      vertex -45.7565 -54.831 7.11954
    endloop
  endfacet
  facet normal 0 1 -0
    outer loop
      vertex -45.8436 -54.831 6.90927
      vertex -53.467 -54.831 7.62
      vertex -45.8035 -54.831 7.01583
    endloop
  endfacet
  facet normal 0 1 -0
    outer loop
      vertex -45.8766 -54.831 6.80032
      vertex -53.467 -54.831 7.62
      vertex -45.8436 -54.831 6.90927
    endloop
  endfacet
  facet normal 0 1 -0
    outer loop
      vertex -45.9025 -54.831 6.68944
      vertex -53.467 -54.831 7.62
      vertex -45.8766 -54.831 6.80032
    endloop
  endfacet
  facet normal 0 1 -0
    outer loop
      vertex -45.921 -54.831 6.5771
      vertex -53.467 -54.831 7.62
      vertex -45.9025 -54.831 6.68944
    endloop
  endfacet
  facet normal 0 1 0
    outer loop
      vertex -53.467 -54.831 7.62
      vertex -53.6928 -54.831 7.39422
      vertex -53.6928 -54.831 7.62
    endloop
  endfacet
  facet normal 0 1 -0
    outer loop
      vertex -45.9322 -54.831 6.4638
      vertex -53.467 -54.831 7.62
      vertex -45.921 -54.831 6.5771
    endloop
  endfacet
  facet normal 0 1 0
    outer loop
      vertex -53.6928 -54.831 7.39422
      vertex -53.9185 -54.831 7.16844
      vertex -53.9185 -54.831 7.39422
    endloop
  endfacet
  facet normal 0 1 -0
    outer loop
      vertex -45.9359 -54.831 6.35
      vertex -53.467 -54.831 7.62
      vertex -45.9322 -54.831 6.4638
    endloop
  endfacet
  facet normal 0 1 0
    outer loop
      vertex -45.9322 -54.831 6.23621
      vertex -53.467 -54.831 7.62
      vertex -45.9359 -54.831 6.35
    endloop
  endfacet
  facet normal 0 1 0
    outer loop
      vertex -53.9185 -54.831 7.16844
      vertex -54.1443 -54.831 6.94267
      vertex -54.1443 -54.831 7.16844
    endloop
  endfacet
  facet normal 0 1 0
    outer loop
      vertex -45.921 -54.831 6.1229
      vertex -53.467 -54.831 7.62
      vertex -45.9322 -54.831 6.23621
    endloop
  endfacet
  facet normal 0 1 0
    outer loop
      vertex -45.9025 -54.831 6.01056
      vertex -53.467 -54.831 7.62
      vertex -45.921 -54.831 6.1229
    endloop
  endfacet
  facet normal 0 1 0
    outer loop
      vertex -54.1443 -54.831 6.94267
      vertex -54.3701 -54.831 6.71689
      vertex -54.3701 -54.831 6.94267
    endloop
  endfacet
  facet normal 0 1 0
    outer loop
      vertex -45.8766 -54.831 5.89968
      vertex -53.467 -54.831 7.62
      vertex -45.9025 -54.831 6.01056
    endloop
  endfacet
  facet normal 0 1 0
    outer loop
      vertex -54.3701 -54.831 6.71689
      vertex -54.5959 -54.831 6.49111
      vertex -54.5959 -54.831 6.71689
    endloop
  endfacet
  facet normal 0 1 0
    outer loop
      vertex -45.8436 -54.831 5.79073
      vertex -53.467 -54.831 7.62
      vertex -45.8766 -54.831 5.89968
    endloop
  endfacet
  facet normal 0 1 0
    outer loop
      vertex -53.467 -54.831 7.62
      vertex -45.8436 -54.831 5.79073
      vertex -53.6928 -54.831 7.39422
    endloop
  endfacet
  facet normal 0 1 0
    outer loop
      vertex -54.5959 -54.831 6.49111
      vertex -54.8217 -54.831 6.26533
      vertex -54.8217 -54.831 6.49111
    endloop
  endfacet
  facet normal 0 1 0
    outer loop
      vertex -45.8035 -54.831 5.68417
      vertex -53.6928 -54.831 7.39422
      vertex -45.8436 -54.831 5.79073
    endloop
  endfacet
  facet normal 0 1 0
    outer loop
      vertex -53.6928 -54.831 7.39422
      vertex -45.8035 -54.831 5.68417
      vertex -53.9185 -54.831 7.16844
    endloop
  endfacet
  facet normal 0 1 0
    outer loop
      vertex -45.7565 -54.831 5.58046
      vertex -53.9185 -54.831 7.16844
      vertex -45.8035 -54.831 5.68417
    endloop
  endfacet
  facet normal 0 1 0
    outer loop
      vertex -54.8217 -54.831 6.26533
      vertex -55.0474 -54.831 6.03956
      vertex -55.0474 -54.831 6.26533
    endloop
  endfacet
  facet normal 0 1 0
    outer loop
      vertex -53.9185 -54.831 7.16844
      vertex -45.7565 -54.831 5.58046
      vertex -54.1443 -54.831 6.94267
    endloop
  endfacet
  facet normal 0 1 0
    outer loop
      vertex -54.1443 -54.831 6.94267
      vertex -45.7565 -54.831 5.58046
      vertex -54.3701 -54.831 6.71689
    endloop
  endfacet
  facet normal 0 1 0
    outer loop
      vertex -45.7028 -54.831 5.48005
      vertex -54.3701 -54.831 6.71689
      vertex -45.7565 -54.831 5.58046
    endloop
  endfacet
  facet normal 0 1 0
    outer loop
      vertex -55.0474 -54.831 6.03956
      vertex -55.2732 -54.831 5.81378
      vertex -55.2732 -54.831 6.03956
    endloop
  endfacet
  facet normal 0 1 0
    outer loop
      vertex -54.3701 -54.831 6.71689
      vertex -45.7028 -54.831 5.48005
      vertex -54.5959 -54.831 6.49111
    endloop
  endfacet
  facet normal 0 1 0
    outer loop
      vertex -55.499 -54.831 1.90735e-07
      vertex -54.5959 -54.831 6.49111
      vertex -45.7028 -54.831 5.48005
    endloop
  endfacet
  facet normal 0 1 0
    outer loop
      vertex -54.5959 -54.831 6.49111
      vertex -55.499 -54.831 1.90735e-07
      vertex -54.8217 -54.831 6.26533
    endloop
  endfacet
  facet normal 0 1 0
    outer loop
      vertex -54.8217 -54.831 6.26533
      vertex -55.499 -54.831 1.90735e-07
      vertex -55.0474 -54.831 6.03956
    endloop
  endfacet
  facet normal 0 1 0
    outer loop
      vertex -55.0474 -54.831 6.03956
      vertex -55.499 -54.831 1.90735e-07
      vertex -55.2732 -54.831 5.81378
    endloop
  endfacet
  facet normal 0 1 0
    outer loop
      vertex -55.499 -54.831 1.90735e-07
      vertex -45.7028 -54.831 5.48005
      vertex -45.6427 -54.831 5.38336
    endloop
  endfacet
  facet normal 0 1 0
    outer loop
      vertex -55.499 -54.831 1.90735e-07
      vertex -45.6427 -54.831 5.38336
      vertex -45.5764 -54.831 5.29082
    endloop
  endfacet
  facet normal 0 1 0
    outer loop
      vertex -55.499 -54.831 1.90735e-07
      vertex -45.5764 -54.831 5.29082
      vertex -45.5041 -54.831 5.2028
    endloop
  endfacet
  facet normal 0 1 0
    outer loop
      vertex -55.499 -54.831 1.90735e-07
      vertex -45.5041 -54.831 5.2028
      vertex -45.4263 -54.831 5.11971
    endloop
  endfacet
  facet normal 0 1 0
    outer loop
      vertex -55.499 -54.831 1.90735e-07
      vertex -45.4263 -54.831 5.11971
      vertex -45.3432 -54.831 5.04187
    endloop
  endfacet
  facet normal 0 1 0
    outer loop
      vertex -55.499 -54.831 1.90735e-07
      vertex -45.3432 -54.831 5.04187
      vertex -45.2552 -54.831 4.96964
    endloop
  endfacet
  facet normal 0 1 0
    outer loop
      vertex -55.499 -54.831 1.90735e-07
      vertex -45.2552 -54.831 4.96964
      vertex -45.1626 -54.831 4.90333
    endloop
  endfacet
  facet normal 0 1 0
    outer loop
      vertex -55.499 -54.831 1.90735e-07
      vertex -45.1626 -54.831 4.90333
      vertex -45.0659 -54.831 4.8432
    endloop
  endfacet
  facet normal 0 1 0
    outer loop
      vertex -55.499 -54.831 1.90735e-07
      vertex -45.0659 -54.831 4.8432
      vertex -44.9655 -54.831 4.78953
    endloop
  endfacet
  facet normal 0 1 0
    outer loop
      vertex -55.499 -54.831 1.90735e-07
      vertex -44.9655 -54.831 4.78953
      vertex -44.8618 -54.831 4.74254
    endloop
  endfacet
  facet normal 0 1 0
    outer loop
      vertex -55.499 -54.831 1.90735e-07
      vertex -44.8618 -54.831 4.74254
      vertex -44.7553 -54.831 4.70244
    endloop
  endfacet
  facet normal 0 1 0
    outer loop
      vertex -55.499 -54.831 1.90735e-07
      vertex -44.7553 -54.831 4.70244
      vertex -44.6463 -54.831 4.66939
    endloop
  endfacet
  facet normal 0 1 0
    outer loop
      vertex -55.499 -54.831 1.90735e-07
      vertex -44.6463 -54.831 4.66939
      vertex -44.5354 -54.831 4.64353
    endloop
  endfacet
  facet normal 0 1 0
    outer loop
      vertex -38.2272 -54.831 1.90735e-07
      vertex -44.5354 -54.831 4.64353
      vertex -44.4231 -54.831 4.62499
    endloop
  endfacet
  facet normal 0 1 0
    outer loop
      vertex -38.2272 -54.831 1.90735e-07
      vertex -44.3098 -54.831 4.61383
      vertex -44.196 -54.831 4.6101
    endloop
  endfacet
  facet normal 0 1 0
    outer loop
      vertex -38.2272 -54.831 1.90735e-07
      vertex -44.4231 -54.831 4.62499
      vertex -44.3098 -54.831 4.61383
    endloop
  endfacet
  facet normal 0 1 0
    outer loop
      vertex -44.5354 -54.831 4.64353
      vertex -38.2272 -54.831 1.90735e-07
      vertex -55.499 -54.831 1.90735e-07
    endloop
  endfacet
  facet normal 0 1 0
    outer loop
      vertex -55.2732 -54.831 5.81378
      vertex -55.499 -54.831 1.90735e-07
      vertex -55.499 -54.831 5.81378
    endloop
  endfacet
  facet normal 0 1 0
    outer loop
      vertex -3.81 -54.831 5.81378
      vertex -3.81 -54.831 1.90735e-07
      vertex -4.03578 -54.831 5.81378
    endloop
  endfacet
  facet normal 0 1 0
    outer loop
      vertex -4.03578 -54.831 6.03956
      vertex -4.03578 -54.831 5.81378
      vertex -4.26155 -54.831 6.03956
    endloop
  endfacet
  facet normal 0 1 0
    outer loop
      vertex -4.26155 -54.831 6.26533
      vertex -4.26155 -54.831 6.03956
      vertex -4.48734 -54.831 6.26533
    endloop
  endfacet
  facet normal 0 1 0
    outer loop
      vertex -4.48734 -54.831 6.49111
      vertex -4.48734 -54.831 6.26533
      vertex -4.7131 -54.831 6.49111
    endloop
  endfacet
  facet normal 0 1 0
    outer loop
      vertex -4.7131 -54.831 6.71689
      vertex -4.7131 -54.831 6.49111
      vertex -4.93889 -54.831 6.71689
    endloop
  endfacet
  facet normal 0 1 0
    outer loop
      vertex -4.93889 -54.831 6.94267
      vertex -4.93889 -54.831 6.71689
      vertex -5.16466 -54.831 6.94267
    endloop
  endfacet
  facet normal 0 1 0
    outer loop
      vertex -5.16466 -54.831 7.16844
      vertex -5.16466 -54.831 6.94267
      vertex -5.39044 -54.831 7.16844
    endloop
  endfacet
  facet normal 0 1 0
    outer loop
      vertex -5.39044 -54.831 7.39422
      vertex -5.39044 -54.831 7.16844
      vertex -5.61623 -54.831 7.39422
    endloop
  endfacet
  facet normal 0 1 0
    outer loop
      vertex -5.61623 -54.831 7.62
      vertex -5.61623 -54.831 7.39422
      vertex -5.842 -54.831 7.62
    endloop
  endfacet
  facet normal 0 1 0
    outer loop
      vertex -3.81 -54.831 76.9338
      vertex -3.81 -54.831 11.9662
      vertex -4.03578 -54.831 76.9338
    endloop
  endfacet
  facet normal 0 1 0
    outer loop
      vertex -4.03578 -54.831 77.1596
      vertex -4.03578 -54.831 76.9338
      vertex -4.26155 -54.831 77.1596
    endloop
  endfacet
  facet normal 0 1 0
    outer loop
      vertex -4.26155 -54.831 77.3853
      vertex -4.26155 -54.831 77.1596
      vertex -4.48734 -54.831 77.3853
    endloop
  endfacet
  facet normal 0 1 0
    outer loop
      vertex -4.48734 -54.831 77.6111
      vertex -4.48734 -54.831 77.3853
      vertex -4.7131 -54.831 77.6111
    endloop
  endfacet
  facet normal 0 1 0
    outer loop
      vertex -4.7131 -54.831 77.8369
      vertex -4.7131 -54.831 77.6111
      vertex -4.93889 -54.831 77.8369
    endloop
  endfacet
  facet normal 0 1 0
    outer loop
      vertex -4.93889 -54.831 78.0627
      vertex -4.93889 -54.831 77.8369
      vertex -5.16466 -54.831 78.0627
    endloop
  endfacet
  facet normal 0 1 0
    outer loop
      vertex -5.16466 -54.831 78.2884
      vertex -5.16466 -54.831 78.0627
      vertex -5.39044 -54.831 78.2884
    endloop
  endfacet
  facet normal 0 1 0
    outer loop
      vertex -5.39044 -54.831 78.5142
      vertex -5.39044 -54.831 78.2884
      vertex -5.61623 -54.831 78.5142
    endloop
  endfacet
  facet normal 0 1 0
    outer loop
      vertex -5.61623 -54.831 78.74
      vertex -5.61623 -54.831 78.5142
      vertex -5.842 -54.831 78.74
    endloop
  endfacet
  facet normal 0 1 0
    outer loop
      vertex -4.03578 -54.831 83.0862
      vertex -3.81 -54.831 88.9
      vertex -3.81 -54.831 83.0862
    endloop
  endfacet
  facet normal 0 1 0
    outer loop
      vertex -4.26155 -54.831 82.8604
      vertex -3.81 -54.831 88.9
      vertex -4.03578 -54.831 83.0862
    endloop
  endfacet
  facet normal 0 1 0
    outer loop
      vertex -4.26155 -54.831 82.8604
      vertex -4.03578 -54.831 83.0862
      vertex -4.03578 -54.831 82.8604
    endloop
  endfacet
  facet normal 0 1 0
    outer loop
      vertex -4.48734 -54.831 82.6347
      vertex -3.81 -54.831 88.9
      vertex -4.26155 -54.831 82.8604
    endloop
  endfacet
  facet normal 0 1 0
    outer loop
      vertex -4.48734 -54.831 82.6347
      vertex -4.26155 -54.831 82.8604
      vertex -4.26155 -54.831 82.6347
    endloop
  endfacet
  facet normal 0 1 0
    outer loop
      vertex -3.81 -54.831 88.9
      vertex -4.48734 -54.831 82.6347
      vertex -12.5728 -54.831 88.9
    endloop
  endfacet
  facet normal 0 1 0
    outer loop
      vertex -4.7131 -54.831 82.4089
      vertex -4.48734 -54.831 82.6347
      vertex -4.48734 -54.831 82.4089
    endloop
  endfacet
  facet normal 0 1 0
    outer loop
      vertex -4.48734 -54.831 82.6347
      vertex -4.7131 -54.831 82.4089
      vertex -12.5728 -54.831 88.9
    endloop
  endfacet
  facet normal 0 1 0
    outer loop
      vertex -4.93889 -54.831 82.1831
      vertex -4.7131 -54.831 82.4089
      vertex -4.7131 -54.831 82.1831
    endloop
  endfacet
  facet normal 0 1 0
    outer loop
      vertex -4.7131 -54.831 82.4089
      vertex -4.93889 -54.831 82.1831
      vertex -12.5728 -54.831 88.9
    endloop
  endfacet
  facet normal 0 1 0
    outer loop
      vertex -5.16466 -54.831 81.9573
      vertex -4.93889 -54.831 82.1831
      vertex -4.93889 -54.831 81.9573
    endloop
  endfacet
  facet normal 0 1 0
    outer loop
      vertex -4.93889 -54.831 82.1831
      vertex -5.16466 -54.831 81.9573
      vertex -12.5728 -54.831 88.9
    endloop
  endfacet
  facet normal 0 1 0
    outer loop
      vertex -5.39044 -54.831 81.7316
      vertex -5.16466 -54.831 81.9573
      vertex -5.16466 -54.831 81.7316
    endloop
  endfacet
  facet normal 0 1 0
    outer loop
      vertex -5.16466 -54.831 81.9573
      vertex -5.39044 -54.831 81.7316
      vertex -12.5728 -54.831 88.9
    endloop
  endfacet
  facet normal 0 1 0
    outer loop
      vertex -5.61623 -54.831 81.5058
      vertex -5.39044 -54.831 81.7316
      vertex -5.39044 -54.831 81.5058
    endloop
  endfacet
  facet normal 0 1 0
    outer loop
      vertex -5.39044 -54.831 81.7316
      vertex -5.61623 -54.831 81.5058
      vertex -12.5728 -54.831 88.9
    endloop
  endfacet
  facet normal 0 1 0
    outer loop
      vertex -5.842 -54.831 81.28
      vertex -5.61623 -54.831 81.5058
      vertex -5.61623 -54.831 81.28
    endloop
  endfacet
  facet normal 0 1 0
    outer loop
      vertex -5.61623 -54.831 81.5058
      vertex -5.842 -54.831 81.28
      vertex -12.5728 -54.831 88.9
    endloop
  endfacet
  facet normal 0 1 -0
    outer loop
      vertex -5.842 -54.831 78.74
      vertex -12.5728 -54.831 88.9
      vertex -5.842 -54.831 81.28
    endloop
  endfacet
  facet normal 0 -1 0
    outer loop
      vertex -5.16466 -54.831 78.0627
      vertex -5.61623 -54.831 78.5142
      vertex -5.39044 -54.831 78.2884
    endloop
  endfacet
  facet normal 0 1 -0
    outer loop
      vertex -4.93889 -54.831 11.0631
      vertex -5.16466 -54.831 78.0627
      vertex -4.93889 -54.831 77.8369
    endloop
  endfacet
  facet normal 0 1 0
    outer loop
      vertex -4.48734 -54.831 77.3853
      vertex -4.93889 -54.831 77.8369
      vertex -4.7131 -54.831 77.6111
    endloop
  endfacet
  facet normal 0 1 -0
    outer loop
      vertex -4.7131 -54.831 11.2889
      vertex -4.93889 -54.831 77.8369
      vertex -4.48734 -54.831 77.3853
    endloop
  endfacet
  facet normal 0 1 0
    outer loop
      vertex -4.03578 -54.831 76.9338
      vertex -4.48734 -54.831 77.3853
      vertex -4.26155 -54.831 77.1596
    endloop
  endfacet
  facet normal 0 1 0
    outer loop
      vertex -4.48734 -54.831 11.5147
      vertex -4.48734 -54.831 77.3853
      vertex -4.03578 -54.831 76.9338
    endloop
  endfacet
  facet normal 0 1 0
    outer loop
      vertex -4.03578 -54.831 11.9662
      vertex -4.03578 -54.831 76.9338
      vertex -3.81 -54.831 11.9662
    endloop
  endfacet
  facet normal 0 1 0
    outer loop
      vertex -4.26155 -54.831 11.7404
      vertex -4.03578 -54.831 76.9338
      vertex -4.03578 -54.831 11.9662
    endloop
  endfacet
  facet normal 0 1 0
    outer loop
      vertex -4.48734 -54.831 11.5147
      vertex -4.03578 -54.831 76.9338
      vertex -4.26155 -54.831 11.7404
    endloop
  endfacet
  facet normal 0 1 0
    outer loop
      vertex -4.7131 -54.831 11.2889
      vertex -4.48734 -54.831 77.3853
      vertex -4.48734 -54.831 11.5147
    endloop
  endfacet
  facet normal 0 1 0
    outer loop
      vertex -4.26155 -54.831 11.7404
      vertex -4.03578 -54.831 11.9662
      vertex -4.03578 -54.831 11.7404
    endloop
  endfacet
  facet normal 0 1 0
    outer loop
      vertex -4.93889 -54.831 11.0631
      vertex -4.93889 -54.831 77.8369
      vertex -4.7131 -54.831 11.2889
    endloop
  endfacet
  facet normal 0 1 0
    outer loop
      vertex -4.48734 -54.831 11.5147
      vertex -4.26155 -54.831 11.7404
      vertex -4.26155 -54.831 11.5147
    endloop
  endfacet
  facet normal 0 1 0
    outer loop
      vertex -5.16466 -54.831 10.8373
      vertex -5.16466 -54.831 78.0627
      vertex -4.93889 -54.831 11.0631
    endloop
  endfacet
  facet normal 0 1 0
    outer loop
      vertex -4.7131 -54.831 11.2889
      vertex -4.48734 -54.831 11.5147
      vertex -4.48734 -54.831 11.2889
    endloop
  endfacet
  facet normal 0 1 0
    outer loop
      vertex -5.16466 -54.831 78.0627
      vertex -5.16466 -54.831 10.8373
      vertex -5.61623 -54.831 78.5142
    endloop
  endfacet
  facet normal 0 1 0
    outer loop
      vertex -4.93889 -54.831 11.0631
      vertex -4.7131 -54.831 11.2889
      vertex -4.7131 -54.831 11.0631
    endloop
  endfacet
  facet normal 0 1 -0
    outer loop
      vertex -5.39044 -54.831 10.6116
      vertex -5.61623 -54.831 78.5142
      vertex -5.16466 -54.831 10.8373
    endloop
  endfacet
  facet normal 0 1 0
    outer loop
      vertex -5.16466 -54.831 10.8373
      vertex -4.93889 -54.831 11.0631
      vertex -4.93889 -54.831 10.8373
    endloop
  endfacet
  facet normal 0 1 0
    outer loop
      vertex -5.61623 -54.831 78.5142
      vertex -5.39044 -54.831 10.6116
      vertex -5.842 -54.831 78.74
    endloop
  endfacet
  facet normal 0 1 0
    outer loop
      vertex -5.39044 -54.831 10.6116
      vertex -5.16466 -54.831 10.8373
      vertex -5.16466 -54.831 10.6116
    endloop
  endfacet
  facet normal 0 1 -0
    outer loop
      vertex -5.61623 -54.831 10.3858
      vertex -5.842 -54.831 78.74
      vertex -5.39044 -54.831 10.6116
    endloop
  endfacet
  facet normal 0 1 0
    outer loop
      vertex -5.61623 -54.831 10.3858
      vertex -5.39044 -54.831 10.6116
      vertex -5.39044 -54.831 10.3858
    endloop
  endfacet
  facet normal 0 1 0
    outer loop
      vertex -5.842 -54.831 10.16
      vertex -5.842 -54.831 78.74
      vertex -5.61623 -54.831 10.3858
    endloop
  endfacet
  facet normal 0 1 0
    outer loop
      vertex -5.842 -54.831 10.16
      vertex -5.61623 -54.831 10.3858
      vertex -5.61623 -54.831 10.16
    endloop
  endfacet
  facet normal 0 1 0
    outer loop
      vertex -5.842 -54.831 78.74
      vertex -5.842 -54.831 10.16
      vertex -12.5728 -54.831 88.9
    endloop
  endfacet
  facet normal 0 1 0
    outer loop
      vertex -12.5728 -54.831 1.90735e-07
      vertex -5.842 -54.831 10.16
      vertex -5.842 -54.831 7.62
    endloop
  endfacet
  facet normal 0 1 0
    outer loop
      vertex -12.5728 -54.831 1.90735e-07
      vertex -5.39044 -54.831 7.16844
      vertex -5.16466 -54.831 6.94267
    endloop
  endfacet
  facet normal 0 1 0
    outer loop
      vertex -12.5728 -54.831 1.90735e-07
      vertex -5.16466 -54.831 6.94267
      vertex -4.93889 -54.831 6.71689
    endloop
  endfacet
  facet normal 0 1 0
    outer loop
      vertex -12.5728 -54.831 1.90735e-07
      vertex -4.7131 -54.831 6.49111
      vertex -4.48734 -54.831 6.26533
    endloop
  endfacet
  facet normal 0 1 0
    outer loop
      vertex -4.7131 -54.831 6.49111
      vertex -12.5728 -54.831 1.90735e-07
      vertex -4.93889 -54.831 6.71689
    endloop
  endfacet
  facet normal 0 1 0
    outer loop
      vertex -3.81 -54.831 1.90735e-07
      vertex -4.26155 -54.831 6.03956
      vertex -4.03578 -54.831 5.81378
    endloop
  endfacet
  facet normal 0 1 0
    outer loop
      vertex -4.26155 -54.831 6.03956
      vertex -3.81 -54.831 1.90735e-07
      vertex -4.48734 -54.831 6.26533
    endloop
  endfacet
  facet normal 0 1 0
    outer loop
      vertex -4.48734 -54.831 6.26533
      vertex -3.81 -54.831 1.90735e-07
      vertex -12.5728 -54.831 1.90735e-07
    endloop
  endfacet
  facet normal 0 1 0
    outer loop
      vertex -5.39044 -54.831 7.16844
      vertex -12.5728 -54.831 1.90735e-07
      vertex -5.61623 -54.831 7.39422
    endloop
  endfacet
  facet normal 0 1 0
    outer loop
      vertex -5.842 -54.831 10.16
      vertex -12.5728 -54.831 1.90735e-07
      vertex -12.5728 -54.831 88.9
    endloop
  endfacet
  facet normal 0 1 0
    outer loop
      vertex -5.61623 -54.831 7.39422
      vertex -12.5728 -54.831 1.90735e-07
      vertex -5.842 -54.831 7.62
    endloop
  endfacet
  facet normal 0.0979382 0 -0.995192
    outer loop
      vertex -44.4231 -61.29 8.07502
      vertex -44.3098 -54.831 8.08617
      vertex -44.3098 -61.29 8.08617
    endloop
  endfacet
  facet normal 0.0979382 0 -0.995192
    outer loop
      vertex -44.3098 -54.831 8.08617
      vertex -44.4231 -61.29 8.07502
      vertex -44.4231 -54.831 8.07502
    endloop
  endfacet
  facet normal 0.0327592 0 -0.999463
    outer loop
      vertex -44.3098 -61.29 8.08617
      vertex -44.196 -54.831 8.0899
      vertex -44.196 -61.29 8.0899
    endloop
  endfacet
  facet normal 0.0327592 0 -0.999463
    outer loop
      vertex -44.196 -54.831 8.0899
      vertex -44.3098 -61.29 8.08617
      vertex -44.3098 -54.831 8.08617
    endloop
  endfacet
  facet normal 0.528056 0 -0.84921
    outer loop
      vertex -45.1626 -61.29 7.79667
      vertex -45.0659 -54.831 7.8568
      vertex -45.0659 -61.29 7.8568
    endloop
  endfacet
  facet normal 0.528056 0 -0.84921
    outer loop
      vertex -45.0659 -54.831 7.8568
      vertex -45.1626 -61.29 7.79667
      vertex -45.1626 -54.831 7.79667
    endloop
  endfacet
  facet normal 0.849303 0 -0.527905
    outer loop
      vertex -45.6427 -61.29 7.31664
      vertex -45.7028 -54.831 7.21995
      vertex -45.6427 -54.831 7.31664
    endloop
  endfacet
  facet normal 0.849303 0 -0.527905
    outer loop
      vertex -45.7028 -54.831 7.21995
      vertex -45.6427 -61.29 7.31664
      vertex -45.7028 -61.29 7.21995
    endloop
  endfacet
  facet normal -0.935924 0 -0.352201
    outer loop
      vertex -42.5484 -61.29 6.90927
      vertex -42.5885 -54.831 7.01583
      vertex -42.5484 -54.831 6.90927
    endloop
  endfacet
  facet normal -0.935924 -0 -0.352201
    outer loop
      vertex -42.5885 -54.831 7.01583
      vertex -42.5484 -61.29 6.90927
      vertex -42.5885 -61.29 7.01583
    endloop
  endfacet
  facet normal -0.99515 0 -0.0983731
    outer loop
      vertex -42.4598 -61.29 6.4638
      vertex -42.471 -54.831 6.5771
      vertex -42.4598 -54.831 6.4638
    endloop
  endfacet
  facet normal -0.99515 -0 -0.0983731
    outer loop
      vertex -42.471 -54.831 6.5771
      vertex -42.4598 -61.29 6.4638
      vertex -42.471 -61.29 6.5771
    endloop
  endfacet
  facet normal 0.999472 0 -0.032496
    outer loop
      vertex -45.9322 -61.29 6.4638
      vertex -45.9359 -54.831 6.35
      vertex -45.9322 -54.831 6.4638
    endloop
  endfacet
  facet normal 0.999472 0 -0.032496
    outer loop
      vertex -45.9359 -54.831 6.35
      vertex -45.9322 -61.29 6.4638
      vertex -45.9359 -61.29 6.35
    endloop
  endfacet
  facet normal 0.99515 0 -0.0983731
    outer loop
      vertex -45.921 -61.29 6.5771
      vertex -45.9322 -54.831 6.4638
      vertex -45.921 -54.831 6.5771
    endloop
  endfacet
  facet normal 0.99515 0 -0.0983731
    outer loop
      vertex -45.9322 -54.831 6.4638
      vertex -45.921 -61.29 6.5771
      vertex -45.9322 -61.29 6.4638
    endloop
  endfacet
  facet normal 0.98671 -0 0.16249
    outer loop
      vertex -45.921 -61.29 6.1229
      vertex -45.9025 -54.831 6.01056
      vertex -45.921 -54.831 6.1229
    endloop
  endfacet
  facet normal 0.98671 0 0.16249
    outer loop
      vertex -45.9025 -54.831 6.01056
      vertex -45.921 -61.29 6.1229
      vertex -45.9025 -61.29 6.01056
    endloop
  endfacet
  facet normal 0.772735 0 -0.634728
    outer loop
      vertex -45.5041 -61.29 7.4972
      vertex -45.5764 -54.831 7.40918
      vertex -45.5041 -54.831 7.4972
    endloop
  endfacet
  facet normal 0.772735 0 -0.634728
    outer loop
      vertex -45.5764 -54.831 7.40918
      vertex -45.5041 -61.29 7.4972
      vertex -45.5764 -61.29 7.40918
    endloop
  endfacet
  facet normal -0.227091 0 0.973874
    outer loop
      vertex -43.8566 -54.831 4.64353
      vertex -43.7457 -61.29 4.66939
      vertex -43.7457 -54.831 4.66939
    endloop
  endfacet
  facet normal -0.227091 0 0.973874
    outer loop
      vertex -43.7457 -61.29 4.66939
      vertex -43.8566 -54.831 4.64353
      vertex -43.8566 -61.29 4.64353
    endloop
  endfacet
  facet normal 0.162974 0 -0.98663
    outer loop
      vertex -44.5354 -61.29 8.05647
      vertex -44.4231 -54.831 8.07502
      vertex -44.4231 -61.29 8.07502
    endloop
  endfacet
  facet normal 0.162974 0 -0.98663
    outer loop
      vertex -44.4231 -54.831 8.07502
      vertex -44.5354 -61.29 8.05647
      vertex -44.5354 -54.831 8.05647
    endloop
  endfacet
  facet normal 0.634447 0 -0.772966
    outer loop
      vertex -45.3432 -61.29 7.65813
      vertex -45.2552 -54.831 7.73036
      vertex -45.2552 -61.29 7.73036
    endloop
  endfacet
  facet normal 0.634447 0 -0.772966
    outer loop
      vertex -45.2552 -54.831 7.73036
      vertex -45.3432 -61.29 7.65813
      vertex -45.3432 -54.831 7.65813
    endloop
  endfacet
  facet normal -0.683631 0 0.729827
    outer loop
      vertex -43.0488 -54.831 5.04187
      vertex -42.9657 -61.29 5.11971
      vertex -42.9657 -54.831 5.11971
    endloop
  endfacet
  facet normal -0.683631 0 0.729827
    outer loop
      vertex -42.9657 -61.29 5.11971
      vertex -43.0488 -54.831 5.04187
      vertex -43.0488 -61.29 5.04187
    endloop
  endfacet
  facet normal 0 1 0
    outer loop
      vertex -44.0822 -61.29 8.08617
      vertex -44.3098 -61.29 8.08617
      vertex -44.196 -61.29 8.0899
    endloop
  endfacet
  facet normal 0 1 0
    outer loop
      vertex -43.9689 -61.29 8.07502
      vertex -44.3098 -61.29 8.08617
      vertex -44.0822 -61.29 8.08617
    endloop
  endfacet
  facet normal 0 1 0
    outer loop
      vertex -43.9689 -61.29 8.07502
      vertex -44.4231 -61.29 8.07502
      vertex -44.3098 -61.29 8.08617
    endloop
  endfacet
  facet normal 0 1 0
    outer loop
      vertex -43.8566 -61.29 8.05647
      vertex -44.4231 -61.29 8.07502
      vertex -43.9689 -61.29 8.07502
    endloop
  endfacet
  facet normal 0 1 0
    outer loop
      vertex -43.8566 -61.29 8.05647
      vertex -44.5354 -61.29 8.05647
      vertex -44.4231 -61.29 8.07502
    endloop
  endfacet
  facet normal 0 1 0
    outer loop
      vertex -43.7457 -61.29 8.03061
      vertex -44.5354 -61.29 8.05647
      vertex -43.8566 -61.29 8.05647
    endloop
  endfacet
  facet normal 0 1 0
    outer loop
      vertex -43.7457 -61.29 8.03061
      vertex -44.6463 -61.29 8.03061
      vertex -44.5354 -61.29 8.05647
    endloop
  endfacet
  facet normal 0 1 0
    outer loop
      vertex -43.6367 -61.29 7.99756
      vertex -44.6463 -61.29 8.03061
      vertex -43.7457 -61.29 8.03061
    endloop
  endfacet
  facet normal 0 1 0
    outer loop
      vertex -43.6367 -61.29 7.99756
      vertex -44.7553 -61.29 7.99756
      vertex -44.6463 -61.29 8.03061
    endloop
  endfacet
  facet normal 0 1 0
    outer loop
      vertex -43.5302 -61.29 7.95746
      vertex -44.7553 -61.29 7.99756
      vertex -43.6367 -61.29 7.99756
    endloop
  endfacet
  facet normal 0 1 0
    outer loop
      vertex -43.5302 -61.29 7.95746
      vertex -44.8618 -61.29 7.95746
      vertex -44.7553 -61.29 7.99756
    endloop
  endfacet
  facet normal 0 1 0
    outer loop
      vertex -43.4265 -61.29 7.91047
      vertex -44.8618 -61.29 7.95746
      vertex -43.5302 -61.29 7.95746
    endloop
  endfacet
  facet normal 0 1 0
    outer loop
      vertex -43.4265 -61.29 7.91047
      vertex -44.9655 -61.29 7.91047
      vertex -44.8618 -61.29 7.95746
    endloop
  endfacet
  facet normal 0 1 0
    outer loop
      vertex -43.326 -61.29 7.8568
      vertex -44.9655 -61.29 7.91047
      vertex -43.4265 -61.29 7.91047
    endloop
  endfacet
  facet normal 0 1 0
    outer loop
      vertex -43.326 -61.29 7.8568
      vertex -45.0659 -61.29 7.8568
      vertex -44.9655 -61.29 7.91047
    endloop
  endfacet
  facet normal 0 1 0
    outer loop
      vertex -43.2294 -61.29 7.79667
      vertex -45.0659 -61.29 7.8568
      vertex -43.326 -61.29 7.8568
    endloop
  endfacet
  facet normal 0 1 0
    outer loop
      vertex -43.2294 -61.29 7.79667
      vertex -45.1626 -61.29 7.79667
      vertex -45.0659 -61.29 7.8568
    endloop
  endfacet
  facet normal 0 1 0
    outer loop
      vertex -43.1368 -61.29 7.73036
      vertex -45.1626 -61.29 7.79667
      vertex -43.2294 -61.29 7.79667
    endloop
  endfacet
  facet normal 0 1 0
    outer loop
      vertex -43.1368 -61.29 7.73036
      vertex -45.2552 -61.29 7.73036
      vertex -45.1626 -61.29 7.79667
    endloop
  endfacet
  facet normal 0 1 0
    outer loop
      vertex -43.0488 -61.29 7.65813
      vertex -45.2552 -61.29 7.73036
      vertex -43.1368 -61.29 7.73036
    endloop
  endfacet
  facet normal 0 1 0
    outer loop
      vertex -43.0488 -61.29 7.65813
      vertex -45.3432 -61.29 7.65813
      vertex -45.2552 -61.29 7.73036
    endloop
  endfacet
  facet normal 0 1 0
    outer loop
      vertex -42.9657 -61.29 7.5803
      vertex -45.3432 -61.29 7.65813
      vertex -43.0488 -61.29 7.65813
    endloop
  endfacet
  facet normal 0 1 0
    outer loop
      vertex -42.9657 -61.29 7.5803
      vertex -45.4263 -61.29 7.5803
      vertex -45.3432 -61.29 7.65813
    endloop
  endfacet
  facet normal 0 1 0
    outer loop
      vertex -42.8879 -61.29 7.4972
      vertex -45.4263 -61.29 7.5803
      vertex -42.9657 -61.29 7.5803
    endloop
  endfacet
  facet normal 0 1 0
    outer loop
      vertex -42.8879 -61.29 7.4972
      vertex -45.5041 -61.29 7.4972
      vertex -45.4263 -61.29 7.5803
    endloop
  endfacet
  facet normal 0 1 0
    outer loop
      vertex -42.8156 -61.29 7.40918
      vertex -45.5041 -61.29 7.4972
      vertex -42.8879 -61.29 7.4972
    endloop
  endfacet
  facet normal 0 1 0
    outer loop
      vertex -42.8156 -61.29 7.40918
      vertex -45.5764 -61.29 7.40918
      vertex -45.5041 -61.29 7.4972
    endloop
  endfacet
  facet normal 0 1 0
    outer loop
      vertex -42.7493 -61.29 7.31664
      vertex -45.5764 -61.29 7.40918
      vertex -42.8156 -61.29 7.40918
    endloop
  endfacet
  facet normal 0 1 0
    outer loop
      vertex -42.7493 -61.29 7.31664
      vertex -45.6427 -61.29 7.31664
      vertex -45.5764 -61.29 7.40918
    endloop
  endfacet
  facet normal 0 1 0
    outer loop
      vertex -42.6892 -61.29 7.21995
      vertex -45.6427 -61.29 7.31664
      vertex -42.7493 -61.29 7.31664
    endloop
  endfacet
  facet normal 0 1 0
    outer loop
      vertex -42.6892 -61.29 7.21995
      vertex -45.7028 -61.29 7.21995
      vertex -45.6427 -61.29 7.31664
    endloop
  endfacet
  facet normal 0 1 0
    outer loop
      vertex -42.6355 -61.29 7.11954
      vertex -45.7028 -61.29 7.21995
      vertex -42.6892 -61.29 7.21995
    endloop
  endfacet
  facet normal 0 1 0
    outer loop
      vertex -42.6355 -61.29 7.11954
      vertex -45.7565 -61.29 7.11954
      vertex -45.7028 -61.29 7.21995
    endloop
  endfacet
  facet normal 0 1 0
    outer loop
      vertex -42.5885 -61.29 7.01583
      vertex -45.7565 -61.29 7.11954
      vertex -42.6355 -61.29 7.11954
    endloop
  endfacet
  facet normal 0 1 0
    outer loop
      vertex -42.5885 -61.29 7.01583
      vertex -45.8035 -61.29 7.01583
      vertex -45.7565 -61.29 7.11954
    endloop
  endfacet
  facet normal 0 1 0
    outer loop
      vertex -42.5484 -61.29 6.90927
      vertex -45.8035 -61.29 7.01583
      vertex -42.5885 -61.29 7.01583
    endloop
  endfacet
  facet normal 0 1 0
    outer loop
      vertex -42.5484 -61.29 6.90927
      vertex -45.8436 -61.29 6.90927
      vertex -45.8035 -61.29 7.01583
    endloop
  endfacet
  facet normal 0 1 0
    outer loop
      vertex -42.5154 -61.29 6.80032
      vertex -45.8436 -61.29 6.90927
      vertex -42.5484 -61.29 6.90927
    endloop
  endfacet
  facet normal 0 1 0
    outer loop
      vertex -42.5154 -61.29 6.80032
      vertex -45.8766 -61.29 6.80032
      vertex -45.8436 -61.29 6.90927
    endloop
  endfacet
  facet normal 0 1 0
    outer loop
      vertex -42.4895 -61.29 6.68944
      vertex -45.8766 -61.29 6.80032
      vertex -42.5154 -61.29 6.80032
    endloop
  endfacet
  facet normal 0 1 0
    outer loop
      vertex -42.4895 -61.29 6.68944
      vertex -45.9025 -61.29 6.68944
      vertex -45.8766 -61.29 6.80032
    endloop
  endfacet
  facet normal 0 1 0
    outer loop
      vertex -42.471 -61.29 6.5771
      vertex -45.9025 -61.29 6.68944
      vertex -42.4895 -61.29 6.68944
    endloop
  endfacet
  facet normal 0 1 0
    outer loop
      vertex -42.471 -61.29 6.5771
      vertex -45.921 -61.29 6.5771
      vertex -45.9025 -61.29 6.68944
    endloop
  endfacet
  facet normal 0 1 0
    outer loop
      vertex -42.4598 -61.29 6.4638
      vertex -45.921 -61.29 6.5771
      vertex -42.471 -61.29 6.5771
    endloop
  endfacet
  facet normal 0 1 0
    outer loop
      vertex -42.4598 -61.29 6.4638
      vertex -45.9322 -61.29 6.4638
      vertex -45.921 -61.29 6.5771
    endloop
  endfacet
  facet normal 0 1 0
    outer loop
      vertex -42.4561 -61.29 6.35
      vertex -45.9322 -61.29 6.4638
      vertex -42.4598 -61.29 6.4638
    endloop
  endfacet
  facet normal 0 1 0
    outer loop
      vertex -42.4561 -61.29 6.35
      vertex -45.9359 -61.29 6.35
      vertex -45.9322 -61.29 6.4638
    endloop
  endfacet
  facet normal 0 1 -0
    outer loop
      vertex -42.4598 -61.29 6.23621
      vertex -45.9359 -61.29 6.35
      vertex -42.4561 -61.29 6.35
    endloop
  endfacet
  facet normal 0 1 0
    outer loop
      vertex -42.4598 -61.29 6.23621
      vertex -45.9322 -61.29 6.23621
      vertex -45.9359 -61.29 6.35
    endloop
  endfacet
  facet normal 0 1 -0
    outer loop
      vertex -42.471 -61.29 6.1229
      vertex -45.9322 -61.29 6.23621
      vertex -42.4598 -61.29 6.23621
    endloop
  endfacet
  facet normal 0 1 0
    outer loop
      vertex -42.471 -61.29 6.1229
      vertex -45.921 -61.29 6.1229
      vertex -45.9322 -61.29 6.23621
    endloop
  endfacet
  facet normal 0 1 -0
    outer loop
      vertex -42.4895 -61.29 6.01056
      vertex -45.921 -61.29 6.1229
      vertex -42.471 -61.29 6.1229
    endloop
  endfacet
  facet normal 0 1 0
    outer loop
      vertex -42.4895 -61.29 6.01056
      vertex -45.9025 -61.29 6.01056
      vertex -45.921 -61.29 6.1229
    endloop
  endfacet
  facet normal 0 1 -0
    outer loop
      vertex -42.5154 -61.29 5.89968
      vertex -45.9025 -61.29 6.01056
      vertex -42.4895 -61.29 6.01056
    endloop
  endfacet
  facet normal 0 1 0
    outer loop
      vertex -42.5154 -61.29 5.89968
      vertex -45.8766 -61.29 5.89968
      vertex -45.9025 -61.29 6.01056
    endloop
  endfacet
  facet normal 0 1 -0
    outer loop
      vertex -42.5484 -61.29 5.79073
      vertex -45.8766 -61.29 5.89968
      vertex -42.5154 -61.29 5.89968
    endloop
  endfacet
  facet normal 0 1 0
    outer loop
      vertex -42.5484 -61.29 5.79073
      vertex -45.8436 -61.29 5.79073
      vertex -45.8766 -61.29 5.89968
    endloop
  endfacet
  facet normal 0 1 -0
    outer loop
      vertex -42.5885 -61.29 5.68417
      vertex -45.8436 -61.29 5.79073
      vertex -42.5484 -61.29 5.79073
    endloop
  endfacet
  facet normal 0 1 0
    outer loop
      vertex -42.5885 -61.29 5.68417
      vertex -45.8035 -61.29 5.68417
      vertex -45.8436 -61.29 5.79073
    endloop
  endfacet
  facet normal 0 1 -0
    outer loop
      vertex -42.6355 -61.29 5.58046
      vertex -45.8035 -61.29 5.68417
      vertex -42.5885 -61.29 5.68417
    endloop
  endfacet
  facet normal 0 1 0
    outer loop
      vertex -42.6355 -61.29 5.58046
      vertex -45.7565 -61.29 5.58046
      vertex -45.8035 -61.29 5.68417
    endloop
  endfacet
  facet normal 0 1 -0
    outer loop
      vertex -42.6892 -61.29 5.48005
      vertex -45.7565 -61.29 5.58046
      vertex -42.6355 -61.29 5.58046
    endloop
  endfacet
  facet normal 0 1 0
    outer loop
      vertex -42.6892 -61.29 5.48005
      vertex -45.7028 -61.29 5.48005
      vertex -45.7565 -61.29 5.58046
    endloop
  endfacet
  facet normal 0 1 -0
    outer loop
      vertex -42.7493 -61.29 5.38336
      vertex -45.7028 -61.29 5.48005
      vertex -42.6892 -61.29 5.48005
    endloop
  endfacet
  facet normal 0 1 0
    outer loop
      vertex -42.7493 -61.29 5.38336
      vertex -45.6427 -61.29 5.38336
      vertex -45.7028 -61.29 5.48005
    endloop
  endfacet
  facet normal 0 1 -0
    outer loop
      vertex -42.8156 -61.29 5.29082
      vertex -45.6427 -61.29 5.38336
      vertex -42.7493 -61.29 5.38336
    endloop
  endfacet
  facet normal 0 1 0
    outer loop
      vertex -42.8156 -61.29 5.29082
      vertex -45.5764 -61.29 5.29082
      vertex -45.6427 -61.29 5.38336
    endloop
  endfacet
  facet normal 0 1 -0
    outer loop
      vertex -42.8879 -61.29 5.2028
      vertex -45.5764 -61.29 5.29082
      vertex -42.8156 -61.29 5.29082
    endloop
  endfacet
  facet normal 0 1 0
    outer loop
      vertex -42.8879 -61.29 5.2028
      vertex -45.5041 -61.29 5.2028
      vertex -45.5764 -61.29 5.29082
    endloop
  endfacet
  facet normal 0 1 -0
    outer loop
      vertex -42.9657 -61.29 5.11971
      vertex -45.5041 -61.29 5.2028
      vertex -42.8879 -61.29 5.2028
    endloop
  endfacet
  facet normal 0 1 0
    outer loop
      vertex -42.9657 -61.29 5.11971
      vertex -45.4263 -61.29 5.11971
      vertex -45.5041 -61.29 5.2028
    endloop
  endfacet
  facet normal 0 1 -0
    outer loop
      vertex -43.0488 -61.29 5.04187
      vertex -45.4263 -61.29 5.11971
      vertex -42.9657 -61.29 5.11971
    endloop
  endfacet
  facet normal 0 1 0
    outer loop
      vertex -43.0488 -61.29 5.04187
      vertex -45.3432 -61.29 5.04187
      vertex -45.4263 -61.29 5.11971
    endloop
  endfacet
  facet normal 0 1 -0
    outer loop
      vertex -43.1368 -61.29 4.96964
      vertex -45.3432 -61.29 5.04187
      vertex -43.0488 -61.29 5.04187
    endloop
  endfacet
  facet normal 0 1 0
    outer loop
      vertex -43.1368 -61.29 4.96964
      vertex -45.2552 -61.29 4.96964
      vertex -45.3432 -61.29 5.04187
    endloop
  endfacet
  facet normal 0 1 -0
    outer loop
      vertex -43.2294 -61.29 4.90333
      vertex -45.2552 -61.29 4.96964
      vertex -43.1368 -61.29 4.96964
    endloop
  endfacet
  facet normal 0 1 0
    outer loop
      vertex -43.2294 -61.29 4.90333
      vertex -45.1626 -61.29 4.90333
      vertex -45.2552 -61.29 4.96964
    endloop
  endfacet
  facet normal 0 1 -0
    outer loop
      vertex -43.326 -61.29 4.8432
      vertex -45.1626 -61.29 4.90333
      vertex -43.2294 -61.29 4.90333
    endloop
  endfacet
  facet normal 0 1 0
    outer loop
      vertex -43.326 -61.29 4.8432
      vertex -45.0659 -61.29 4.8432
      vertex -45.1626 -61.29 4.90333
    endloop
  endfacet
  facet normal 0 1 -0
    outer loop
      vertex -43.4265 -61.29 4.78953
      vertex -45.0659 -61.29 4.8432
      vertex -43.326 -61.29 4.8432
    endloop
  endfacet
  facet normal 0 1 0
    outer loop
      vertex -43.4265 -61.29 4.78953
      vertex -44.9655 -61.29 4.78953
      vertex -45.0659 -61.29 4.8432
    endloop
  endfacet
  facet normal 0 1 -0
    outer loop
      vertex -43.5302 -61.29 4.74254
      vertex -44.9655 -61.29 4.78953
      vertex -43.4265 -61.29 4.78953
    endloop
  endfacet
  facet normal 0 1 0
    outer loop
      vertex -43.5302 -61.29 4.74254
      vertex -44.8618 -61.29 4.74254
      vertex -44.9655 -61.29 4.78953
    endloop
  endfacet
  facet normal 0 1 -0
    outer loop
      vertex -43.6367 -61.29 4.70244
      vertex -44.8618 -61.29 4.74254
      vertex -43.5302 -61.29 4.74254
    endloop
  endfacet
  facet normal 0 1 0
    outer loop
      vertex -43.6367 -61.29 4.70244
      vertex -44.7553 -61.29 4.70244
      vertex -44.8618 -61.29 4.74254
    endloop
  endfacet
  facet normal 0 1 -0
    outer loop
      vertex -43.7457 -61.29 4.66939
      vertex -44.7553 -61.29 4.70244
      vertex -43.6367 -61.29 4.70244
    endloop
  endfacet
  facet normal 0 1 0
    outer loop
      vertex -43.7457 -61.29 4.66939
      vertex -44.6463 -61.29 4.66939
      vertex -44.7553 -61.29 4.70244
    endloop
  endfacet
  facet normal 0 1 -0
    outer loop
      vertex -43.8566 -61.29 4.64353
      vertex -44.6463 -61.29 4.66939
      vertex -43.7457 -61.29 4.66939
    endloop
  endfacet
  facet normal 0 1 0
    outer loop
      vertex -43.8566 -61.29 4.64353
      vertex -44.5354 -61.29 4.64353
      vertex -44.6463 -61.29 4.66939
    endloop
  endfacet
  facet normal 0 1 -0
    outer loop
      vertex -43.9689 -61.29 4.62499
      vertex -44.5354 -61.29 4.64353
      vertex -43.8566 -61.29 4.64353
    endloop
  endfacet
  facet normal 0 1 0
    outer loop
      vertex -43.9689 -61.29 4.62499
      vertex -44.4231 -61.29 4.62499
      vertex -44.5354 -61.29 4.64353
    endloop
  endfacet
  facet normal 0 1 -0
    outer loop
      vertex -44.0822 -61.29 4.61383
      vertex -44.4231 -61.29 4.62499
      vertex -43.9689 -61.29 4.62499
    endloop
  endfacet
  facet normal 0 1 0
    outer loop
      vertex -44.0822 -61.29 4.61383
      vertex -44.3098 -61.29 4.61383
      vertex -44.4231 -61.29 4.62499
    endloop
  endfacet
  facet normal -0 1 0
    outer loop
      vertex -44.3098 -61.29 4.61383
      vertex -44.0822 -61.29 4.61383
      vertex -44.196 -61.29 4.6101
    endloop
  endfacet
  facet normal 0.352375 0 0.935859
    outer loop
      vertex -44.8618 -54.831 4.74254
      vertex -44.7553 -61.29 4.70244
      vertex -44.7553 -54.831 4.70244
    endloop
  endfacet
  facet normal 0.352375 0 0.935859
    outer loop
      vertex -44.7553 -61.29 4.70244
      vertex -44.8618 -54.831 4.74254
      vertex -44.8618 -61.29 4.74254
    endloop
  endfacet
  facet normal 0.98671 0 -0.16249
    outer loop
      vertex -45.9025 -61.29 6.68944
      vertex -45.921 -54.831 6.5771
      vertex -45.9025 -54.831 6.68944
    endloop
  endfacet
  facet normal 0.98671 0 -0.16249
    outer loop
      vertex -45.921 -54.831 6.5771
      vertex -45.9025 -61.29 6.68944
      vertex -45.921 -61.29 6.5771
    endloop
  endfacet
  facet normal -0.973787 0 0.227463
    outer loop
      vertex -42.5154 -61.29 5.89968
      vertex -42.4895 -54.831 6.01056
      vertex -42.5154 -54.831 5.89968
    endloop
  endfacet
  facet normal -0.973787 0 0.227463
    outer loop
      vertex -42.4895 -54.831 6.01056
      vertex -42.5154 -61.29 5.89968
      vertex -42.4895 -61.29 6.01056
    endloop
  endfacet
  facet normal 0.812902 0 -0.582401
    outer loop
      vertex -45.5764 -61.29 7.40918
      vertex -45.6427 -54.831 7.31664
      vertex -45.5764 -54.831 7.40918
    endloop
  endfacet
  facet normal 0.812902 0 -0.582401
    outer loop
      vertex -45.6427 -54.831 7.31664
      vertex -45.5764 -61.29 7.40918
      vertex -45.6427 -61.29 7.31664
    endloop
  endfacet
  facet normal -0.290166 0 -0.956976
    outer loop
      vertex -43.7457 -61.29 8.03061
      vertex -43.6367 -54.831 7.99756
      vertex -43.6367 -61.29 7.99756
    endloop
  endfacet
  facet normal -0.290166 0 -0.956976
    outer loop
      vertex -43.6367 -54.831 7.99756
      vertex -43.7457 -61.29 8.03061
      vertex -43.7457 -54.831 8.03061
    endloop
  endfacet
  facet normal -0.471067 0 0.882098
    outer loop
      vertex -43.4265 -54.831 4.78953
      vertex -43.326 -61.29 4.8432
      vertex -43.326 -54.831 4.8432
    endloop
  endfacet
  facet normal -0.471067 0 0.882098
    outer loop
      vertex -43.326 -61.29 4.8432
      vertex -43.4265 -54.831 4.78953
      vertex -43.4265 -61.29 4.78953
    endloop
  endfacet
  facet normal -0.910832 0 0.412777
    outer loop
      vertex -42.6355 -61.29 5.58046
      vertex -42.5885 -54.831 5.68417
      vertex -42.6355 -54.831 5.58046
    endloop
  endfacet
  facet normal -0.910832 0 0.412777
    outer loop
      vertex -42.5885 -54.831 5.68417
      vertex -42.6355 -61.29 5.58046
      vertex -42.5885 -61.29 5.68417
    endloop
  endfacet
  facet normal 0.957061 -0 0.289885
    outer loop
      vertex -45.8766 -61.29 5.89968
      vertex -45.8436 -54.831 5.79073
      vertex -45.8766 -54.831 5.89968
    endloop
  endfacet
  facet normal 0.957061 0 0.289885
    outer loop
      vertex -45.8436 -54.831 5.79073
      vertex -45.8766 -61.29 5.89968
      vertex -45.8436 -61.29 5.79073
    endloop
  endfacet
  facet normal -0.881813 0 0.4716
    outer loop
      vertex -42.6892 -61.29 5.48005
      vertex -42.6355 -54.831 5.58046
      vertex -42.6892 -54.831 5.48005
    endloop
  endfacet
  facet normal -0.881813 0 0.4716
    outer loop
      vertex -42.6355 -54.831 5.58046
      vertex -42.6892 -61.29 5.48005
      vertex -42.6355 -61.29 5.58046
    endloop
  endfacet
  facet normal 0.772735 -0 0.634728
    outer loop
      vertex -45.5764 -61.29 5.29082
      vertex -45.5041 -54.831 5.2028
      vertex -45.5764 -54.831 5.29082
    endloop
  endfacet
  facet normal 0.772735 0 0.634728
    outer loop
      vertex -45.5041 -54.831 5.2028
      vertex -45.5764 -61.29 5.29082
      vertex -45.5041 -61.29 5.2028
    endloop
  endfacet
  facet normal 0.58221 0 -0.813039
    outer loop
      vertex -45.2552 -61.29 7.73036
      vertex -45.1626 -54.831 7.79667
      vertex -45.1626 -61.29 7.79667
    endloop
  endfacet
  facet normal 0.58221 0 -0.813039
    outer loop
      vertex -45.1626 -54.831 7.79667
      vertex -45.2552 -61.29 7.73036
      vertex -45.2552 -54.831 7.73036
    endloop
  endfacet
  facet normal -0.162889 0 0.986644
    outer loop
      vertex -43.9689 -54.831 4.62499
      vertex -43.8566 -61.29 4.64353
      vertex -43.8566 -54.831 4.64353
    endloop
  endfacet
  facet normal -0.162889 0 0.986644
    outer loop
      vertex -43.8566 -61.29 4.64353
      vertex -43.9689 -54.831 4.62499
      vertex -43.9689 -61.29 4.62499
    endloop
  endfacet
  facet normal -0.0327592 0 0.999463
    outer loop
      vertex -44.196 -54.831 4.6101
      vertex -44.0822 -61.29 4.61383
      vertex -44.0822 -54.831 4.61383
    endloop
  endfacet
  facet normal -0.0327592 0 0.999463
    outer loop
      vertex -44.0822 -61.29 4.61383
      vertex -44.196 -54.831 4.6101
      vertex -44.196 -61.29 4.6101
    endloop
  endfacet
  facet normal 0.0327592 0 0.999463
    outer loop
      vertex -44.3098 -54.831 4.61383
      vertex -44.196 -61.29 4.6101
      vertex -44.196 -54.831 4.6101
    endloop
  endfacet
  facet normal 0.0327592 0 0.999463
    outer loop
      vertex -44.196 -61.29 4.6101
      vertex -44.3098 -54.831 4.61383
      vertex -44.3098 -61.29 4.61383
    endloop
  endfacet
  facet normal 0.290166 0 -0.956976
    outer loop
      vertex -44.7553 -61.29 7.99756
      vertex -44.6463 -54.831 8.03061
      vertex -44.6463 -61.29 8.03061
    endloop
  endfacet
  facet normal 0.290166 0 -0.956976
    outer loop
      vertex -44.6463 -54.831 8.03061
      vertex -44.7553 -61.29 7.99756
      vertex -44.7553 -54.831 7.99756
    endloop
  endfacet
  facet normal 0.881813 0 -0.4716
    outer loop
      vertex -45.7028 -61.29 7.21995
      vertex -45.7565 -54.831 7.11954
      vertex -45.7028 -54.831 7.21995
    endloop
  endfacet
  facet normal 0.881813 0 -0.4716
    outer loop
      vertex -45.7565 -54.831 7.11954
      vertex -45.7028 -61.29 7.21995
      vertex -45.7565 -61.29 7.11954
    endloop
  endfacet
  facet normal 0.973787 -0 0.227463
    outer loop
      vertex -45.9025 -61.29 6.01056
      vertex -45.8766 -54.831 5.89968
      vertex -45.9025 -54.831 6.01056
    endloop
  endfacet
  facet normal 0.973787 0 0.227463
    outer loop
      vertex -45.8766 -54.831 5.89968
      vertex -45.9025 -61.29 6.01056
      vertex -45.8766 -61.29 5.89968
    endloop
  endfacet
  facet normal -0.227091 0 -0.973874
    outer loop
      vertex -43.8566 -61.29 8.05647
      vertex -43.7457 -54.831 8.03061
      vertex -43.7457 -61.29 8.03061
    endloop
  endfacet
  facet normal -0.227091 0 -0.973874
    outer loop
      vertex -43.7457 -54.831 8.03061
      vertex -43.8566 -61.29 8.05647
      vertex -43.8566 -54.831 8.05647
    endloop
  endfacet
  facet normal 0.227091 0 -0.973874
    outer loop
      vertex -44.6463 -61.29 8.03061
      vertex -44.5354 -54.831 8.05647
      vertex -44.5354 -61.29 8.05647
    endloop
  endfacet
  facet normal 0.227091 0 -0.973874
    outer loop
      vertex -44.5354 -54.831 8.05647
      vertex -44.6463 -61.29 8.03061
      vertex -44.6463 -54.831 8.03061
    endloop
  endfacet
  facet normal -0.683585 0 -0.729871
    outer loop
      vertex -43.0488 -61.29 7.65813
      vertex -42.9657 -54.831 7.5803
      vertex -42.9657 -61.29 7.5803
    endloop
  endfacet
  facet normal -0.683585 0 -0.729871
    outer loop
      vertex -42.9657 -54.831 7.5803
      vertex -43.0488 -61.29 7.65813
      vertex -43.0488 -54.831 7.65813
    endloop
  endfacet
  facet normal 0.910832 -0 0.412777
    outer loop
      vertex -45.8035 -61.29 5.68417
      vertex -45.7565 -54.831 5.58046
      vertex -45.8035 -54.831 5.68417
    endloop
  endfacet
  facet normal 0.910832 0 0.412777
    outer loop
      vertex -45.7565 -54.831 5.58046
      vertex -45.8035 -61.29 5.68417
      vertex -45.7565 -61.29 5.58046
    endloop
  endfacet
  facet normal -0.881813 0 -0.4716
    outer loop
      vertex -42.6355 -61.29 7.11954
      vertex -42.6892 -54.831 7.21995
      vertex -42.6355 -54.831 7.11954
    endloop
  endfacet
  facet normal -0.881813 -0 -0.4716
    outer loop
      vertex -42.6892 -54.831 7.21995
      vertex -42.6355 -61.29 7.11954
      vertex -42.6892 -61.29 7.21995
    endloop
  endfacet
  facet normal 0.935924 0 -0.352201
    outer loop
      vertex -45.8035 -61.29 7.01583
      vertex -45.8436 -54.831 6.90927
      vertex -45.8035 -54.831 7.01583
    endloop
  endfacet
  facet normal 0.935924 0 -0.352201
    outer loop
      vertex -45.8436 -54.831 6.90927
      vertex -45.8035 -61.29 7.01583
      vertex -45.8436 -61.29 6.90927
    endloop
  endfacet
  facet normal -0.634447 0 0.772966
    outer loop
      vertex -43.1368 -54.831 4.96964
      vertex -43.0488 -61.29 5.04187
      vertex -43.0488 -54.831 5.04187
    endloop
  endfacet
  facet normal -0.634447 0 0.772966
    outer loop
      vertex -43.0488 -61.29 5.04187
      vertex -43.1368 -54.831 4.96964
      vertex -43.1368 -61.29 4.96964
    endloop
  endfacet
  facet normal 0.412737 0 -0.91085
    outer loop
      vertex -44.9655 -61.29 7.91047
      vertex -44.8618 -54.831 7.95746
      vertex -44.8618 -61.29 7.95746
    endloop
  endfacet
  facet normal 0.412737 0 -0.91085
    outer loop
      vertex -44.8618 -54.831 7.95746
      vertex -44.9655 -61.29 7.91047
      vertex -44.9655 -54.831 7.91047
    endloop
  endfacet
  facet normal -0.412737 0 -0.91085
    outer loop
      vertex -43.5302 -61.29 7.95746
      vertex -43.4265 -54.831 7.91047
      vertex -43.4265 -61.29 7.91047
    endloop
  endfacet
  facet normal -0.412737 0 -0.91085
    outer loop
      vertex -43.4265 -54.831 7.91047
      vertex -43.5302 -61.29 7.95746
      vertex -43.5302 -54.831 7.95746
    endloop
  endfacet
  facet normal -0.162974 0 -0.98663
    outer loop
      vertex -43.9689 -61.29 8.07502
      vertex -43.8566 -54.831 8.05647
      vertex -43.8566 -61.29 8.05647
    endloop
  endfacet
  facet normal -0.162974 0 -0.98663
    outer loop
      vertex -43.8566 -54.831 8.05647
      vertex -43.9689 -61.29 8.07502
      vertex -43.9689 -54.831 8.07502
    endloop
  endfacet
  facet normal 0.471431 0 0.881903
    outer loop
      vertex -45.0659 -54.831 4.8432
      vertex -44.9655 -61.29 4.78953
      vertex -44.9655 -54.831 4.78953
    endloop
  endfacet
  facet normal 0.471431 0 0.881903
    outer loop
      vertex -44.9655 -61.29 4.78953
      vertex -45.0659 -54.831 4.8432
      vertex -45.0659 -61.29 4.8432
    endloop
  endfacet
  facet normal 0.227091 0 0.973874
    outer loop
      vertex -44.6463 -54.831 4.66939
      vertex -44.5354 -61.29 4.64353
      vertex -44.5354 -54.831 4.64353
    endloop
  endfacet
  facet normal 0.227091 0 0.973874
    outer loop
      vertex -44.5354 -61.29 4.64353
      vertex -44.6463 -54.831 4.66939
      vertex -44.6463 -61.29 4.66939
    endloop
  endfacet
  facet normal -0.471067 0 -0.882098
    outer loop
      vertex -43.4265 -61.29 7.91047
      vertex -43.326 -54.831 7.8568
      vertex -43.326 -61.29 7.8568
    endloop
  endfacet
  facet normal -0.471067 0 -0.882098
    outer loop
      vertex -43.326 -54.831 7.8568
      vertex -43.4265 -61.29 7.91047
      vertex -43.4265 -54.831 7.91047
    endloop
  endfacet
  facet normal -0.910832 0 -0.412777
    outer loop
      vertex -42.5885 -61.29 7.01583
      vertex -42.6355 -54.831 7.11954
      vertex -42.5885 -54.831 7.01583
    endloop
  endfacet
  facet normal -0.910832 -0 -0.412777
    outer loop
      vertex -42.6355 -54.831 7.11954
      vertex -42.5885 -61.29 7.01583
      vertex -42.6355 -61.29 7.11954
    endloop
  endfacet
  facet normal 0.910832 0 -0.412777
    outer loop
      vertex -45.7565 -61.29 7.11954
      vertex -45.8035 -54.831 7.01583
      vertex -45.7565 -54.831 7.11954
    endloop
  endfacet
  facet normal 0.910832 0 -0.412777
    outer loop
      vertex -45.8035 -54.831 7.01583
      vertex -45.7565 -61.29 7.11954
      vertex -45.8035 -61.29 7.01583
    endloop
  endfacet
  facet normal -0.849303 0 0.527905
    outer loop
      vertex -42.7493 -61.29 5.38336
      vertex -42.6892 -54.831 5.48005
      vertex -42.7493 -54.831 5.38336
    endloop
  endfacet
  facet normal -0.849303 0 0.527905
    outer loop
      vertex -42.6892 -54.831 5.48005
      vertex -42.7493 -61.29 5.38336
      vertex -42.6892 -61.29 5.48005
    endloop
  endfacet
  facet normal -0.0979382 0 -0.995192
    outer loop
      vertex -44.0822 -61.29 8.08617
      vertex -43.9689 -54.831 8.07502
      vertex -43.9689 -61.29 8.07502
    endloop
  endfacet
  facet normal -0.0979382 0 -0.995192
    outer loop
      vertex -43.9689 -54.831 8.07502
      vertex -44.0822 -61.29 8.08617
      vertex -44.0822 -54.831 8.08617
    endloop
  endfacet
  facet normal 0.471431 0 -0.881903
    outer loop
      vertex -45.0659 -61.29 7.8568
      vertex -44.9655 -54.831 7.91047
      vertex -44.9655 -61.29 7.91047
    endloop
  endfacet
  facet normal 0.471431 0 -0.881903
    outer loop
      vertex -44.9655 -54.831 7.91047
      vertex -45.0659 -61.29 7.8568
      vertex -45.0659 -54.831 7.8568
    endloop
  endfacet
  facet normal 0.683585 0 -0.729871
    outer loop
      vertex -45.4263 -61.29 7.5803
      vertex -45.3432 -54.831 7.65813
      vertex -45.3432 -61.29 7.65813
    endloop
  endfacet
  facet normal 0.683585 0 -0.729871
    outer loop
      vertex -45.3432 -54.831 7.65813
      vertex -45.4263 -61.29 7.5803
      vertex -45.4263 -54.831 7.5803
    endloop
  endfacet
  facet normal 0.849303 -0 0.527905
    outer loop
      vertex -45.7028 -61.29 5.48005
      vertex -45.6427 -54.831 5.38336
      vertex -45.7028 -54.831 5.48005
    endloop
  endfacet
  facet normal 0.849303 0 0.527905
    outer loop
      vertex -45.6427 -54.831 5.38336
      vertex -45.7028 -61.29 5.48005
      vertex -45.6427 -61.29 5.38336
    endloop
  endfacet
  facet normal 0.935924 -0 0.352201
    outer loop
      vertex -45.8436 -61.29 5.79073
      vertex -45.8035 -54.831 5.68417
      vertex -45.8436 -54.831 5.79073
    endloop
  endfacet
  facet normal 0.935924 0 0.352201
    outer loop
      vertex -45.8035 -54.831 5.68417
      vertex -45.8436 -61.29 5.79073
      vertex -45.8035 -61.29 5.68417
    endloop
  endfacet
  facet normal -0.52845 0 -0.848965
    outer loop
      vertex -43.326 -61.29 7.8568
      vertex -43.2294 -54.831 7.79667
      vertex -43.2294 -61.29 7.79667
    endloop
  endfacet
  facet normal -0.52845 0 -0.848965
    outer loop
      vertex -43.2294 -54.831 7.79667
      vertex -43.326 -61.29 7.8568
      vertex -43.326 -54.831 7.8568
    endloop
  endfacet
  facet normal 0.99515 -0 0.0983645
    outer loop
      vertex -45.9322 -61.29 6.23621
      vertex -45.921 -54.831 6.1229
      vertex -45.9322 -54.831 6.23621
    endloop
  endfacet
  facet normal 0.99515 0 0.0983645
    outer loop
      vertex -45.921 -54.831 6.1229
      vertex -45.9322 -61.29 6.23621
      vertex -45.921 -61.29 6.1229
    endloop
  endfacet
  facet normal -0.290166 0 0.956976
    outer loop
      vertex -43.7457 -54.831 4.66939
      vertex -43.6367 -61.29 4.70244
      vertex -43.6367 -54.831 4.70244
    endloop
  endfacet
  facet normal -0.290166 0 0.956976
    outer loop
      vertex -43.6367 -61.29 4.70244
      vertex -43.7457 -54.831 4.66939
      vertex -43.7457 -61.29 4.66939
    endloop
  endfacet
  facet normal 0.352375 0 -0.935859
    outer loop
      vertex -44.8618 -61.29 7.95746
      vertex -44.7553 -54.831 7.99756
      vertex -44.7553 -61.29 7.99756
    endloop
  endfacet
  facet normal 0.352375 0 -0.935859
    outer loop
      vertex -44.7553 -54.831 7.99756
      vertex -44.8618 -61.29 7.95746
      vertex -44.8618 -54.831 7.95746
    endloop
  endfacet
  facet normal -0.98671 0 -0.16249
    outer loop
      vertex -42.471 -61.29 6.5771
      vertex -42.4895 -54.831 6.68944
      vertex -42.471 -54.831 6.5771
    endloop
  endfacet
  facet normal -0.98671 -0 -0.16249
    outer loop
      vertex -42.4895 -54.831 6.68944
      vertex -42.471 -61.29 6.5771
      vertex -42.4895 -61.29 6.68944
    endloop
  endfacet
  facet normal 0.730003 0 -0.683444
    outer loop
      vertex -45.4263 -61.29 7.5803
      vertex -45.5041 -54.831 7.4972
      vertex -45.4263 -54.831 7.5803
    endloop
  endfacet
  facet normal 0.730003 0 -0.683444
    outer loop
      vertex -45.5041 -54.831 7.4972
      vertex -45.4263 -61.29 7.5803
      vertex -45.5041 -61.29 7.4972
    endloop
  endfacet
  facet normal 0.729962 -0 0.683488
    outer loop
      vertex -45.5041 -61.29 5.2028
      vertex -45.4263 -54.831 5.11971
      vertex -45.5041 -54.831 5.2028
    endloop
  endfacet
  facet normal 0.729962 0 0.683488
    outer loop
      vertex -45.4263 -54.831 5.11971
      vertex -45.5041 -61.29 5.2028
      vertex -45.4263 -61.29 5.11971
    endloop
  endfacet
  facet normal -0.58221 0 -0.813039
    outer loop
      vertex -43.2294 -61.29 7.79667
      vertex -43.1368 -54.831 7.73036
      vertex -43.1368 -61.29 7.73036
    endloop
  endfacet
  facet normal -0.58221 0 -0.813039
    outer loop
      vertex -43.1368 -54.831 7.73036
      vertex -43.2294 -61.29 7.79667
      vertex -43.2294 -54.831 7.79667
    endloop
  endfacet
  facet normal -0.973787 0 -0.227463
    outer loop
      vertex -42.4895 -61.29 6.68944
      vertex -42.5154 -54.831 6.80032
      vertex -42.4895 -54.831 6.68944
    endloop
  endfacet
  facet normal -0.973787 -0 -0.227463
    outer loop
      vertex -42.5154 -54.831 6.80032
      vertex -42.4895 -61.29 6.68944
      vertex -42.5154 -61.29 6.80032
    endloop
  endfacet
  facet normal -0.0327592 0 -0.999463
    outer loop
      vertex -44.196 -61.29 8.0899
      vertex -44.0822 -54.831 8.08617
      vertex -44.0822 -61.29 8.08617
    endloop
  endfacet
  facet normal -0.0327592 0 -0.999463
    outer loop
      vertex -44.0822 -54.831 8.08617
      vertex -44.196 -61.29 8.0899
      vertex -44.196 -54.831 8.0899
    endloop
  endfacet
  facet normal -0.957061 0 0.289885
    outer loop
      vertex -42.5484 -61.29 5.79073
      vertex -42.5154 -54.831 5.89968
      vertex -42.5484 -54.831 5.79073
    endloop
  endfacet
  facet normal -0.957061 0 0.289885
    outer loop
      vertex -42.5154 -54.831 5.89968
      vertex -42.5484 -61.29 5.79073
      vertex -42.5154 -61.29 5.89968
    endloop
  endfacet
  facet normal -0.352375 0 -0.935859
    outer loop
      vertex -43.6367 -61.29 7.99756
      vertex -43.5302 -54.831 7.95746
      vertex -43.5302 -61.29 7.95746
    endloop
  endfacet
  facet normal -0.352375 0 -0.935859
    outer loop
      vertex -43.5302 -54.831 7.95746
      vertex -43.6367 -61.29 7.99756
      vertex -43.6367 -54.831 7.99756
    endloop
  endfacet
  facet normal 0.58221 0 0.813039
    outer loop
      vertex -45.2552 -54.831 4.96964
      vertex -45.1626 -61.29 4.90333
      vertex -45.1626 -54.831 4.90333
    endloop
  endfacet
  facet normal 0.58221 0 0.813039
    outer loop
      vertex -45.1626 -61.29 4.90333
      vertex -45.2552 -54.831 4.96964
      vertex -45.2552 -61.29 4.96964
    endloop
  endfacet
  facet normal 0.812902 -0 0.582401
    outer loop
      vertex -45.6427 -61.29 5.38336
      vertex -45.5764 -54.831 5.29082
      vertex -45.6427 -54.831 5.38336
    endloop
  endfacet
  facet normal 0.812902 0 0.582401
    outer loop
      vertex -45.5764 -54.831 5.29082
      vertex -45.6427 -61.29 5.38336
      vertex -45.5764 -61.29 5.29082
    endloop
  endfacet
  facet normal 0.528056 0 0.84921
    outer loop
      vertex -45.1626 -54.831 4.90333
      vertex -45.0659 -61.29 4.8432
      vertex -45.0659 -54.831 4.8432
    endloop
  endfacet
  facet normal 0.528056 0 0.84921
    outer loop
      vertex -45.0659 -61.29 4.8432
      vertex -45.1626 -54.831 4.90333
      vertex -45.1626 -61.29 4.90333
    endloop
  endfacet
  facet normal -0.772735 0 -0.634728
    outer loop
      vertex -42.8156 -61.29 7.40918
      vertex -42.8879 -54.831 7.4972
      vertex -42.8156 -54.831 7.40918
    endloop
  endfacet
  facet normal -0.772735 -0 -0.634728
    outer loop
      vertex -42.8879 -54.831 7.4972
      vertex -42.8156 -61.29 7.40918
      vertex -42.8879 -61.29 7.4972
    endloop
  endfacet
  facet normal -0.52845 0 0.848965
    outer loop
      vertex -43.326 -54.831 4.8432
      vertex -43.2294 -61.29 4.90333
      vertex -43.2294 -54.831 4.90333
    endloop
  endfacet
  facet normal -0.52845 0 0.848965
    outer loop
      vertex -43.2294 -61.29 4.90333
      vertex -43.326 -54.831 4.8432
      vertex -43.326 -61.29 4.8432
    endloop
  endfacet
  facet normal -0.352375 0 0.935859
    outer loop
      vertex -43.6367 -54.831 4.70244
      vertex -43.5302 -61.29 4.74254
      vertex -43.5302 -54.831 4.74254
    endloop
  endfacet
  facet normal -0.352375 0 0.935859
    outer loop
      vertex -43.5302 -61.29 4.74254
      vertex -43.6367 -54.831 4.70244
      vertex -43.6367 -61.29 4.70244
    endloop
  endfacet
  facet normal -0.58221 0 0.813039
    outer loop
      vertex -43.2294 -54.831 4.90333
      vertex -43.1368 -61.29 4.96964
      vertex -43.1368 -54.831 4.96964
    endloop
  endfacet
  facet normal -0.58221 0 0.813039
    outer loop
      vertex -43.1368 -61.29 4.96964
      vertex -43.2294 -54.831 4.90333
      vertex -43.2294 -61.29 4.90333
    endloop
  endfacet
  facet normal -0.0980252 0 0.995184
    outer loop
      vertex -44.0822 -54.831 4.61383
      vertex -43.9689 -61.29 4.62499
      vertex -43.9689 -54.831 4.62499
    endloop
  endfacet
  facet normal -0.0980252 0 0.995184
    outer loop
      vertex -43.9689 -61.29 4.62499
      vertex -44.0822 -54.831 4.61383
      vertex -44.0822 -61.29 4.61383
    endloop
  endfacet
  facet normal -0.999472 0 -0.032496
    outer loop
      vertex -42.4561 -61.29 6.35
      vertex -42.4598 -54.831 6.4638
      vertex -42.4561 -54.831 6.35
    endloop
  endfacet
  facet normal -0.999472 -0 -0.032496
    outer loop
      vertex -42.4598 -54.831 6.4638
      vertex -42.4561 -61.29 6.35
      vertex -42.4598 -61.29 6.4638
    endloop
  endfacet
  facet normal 0.683631 0 0.729827
    outer loop
      vertex -45.4263 -54.831 5.11971
      vertex -45.3432 -61.29 5.04187
      vertex -45.3432 -54.831 5.04187
    endloop
  endfacet
  facet normal 0.683631 0 0.729827
    outer loop
      vertex -45.3432 -61.29 5.04187
      vertex -45.4263 -54.831 5.11971
      vertex -45.4263 -61.29 5.11971
    endloop
  endfacet
  facet normal -0.812902 0 0.582401
    outer loop
      vertex -42.8156 -61.29 5.29082
      vertex -42.7493 -54.831 5.38336
      vertex -42.8156 -54.831 5.29082
    endloop
  endfacet
  facet normal -0.812902 0 0.582401
    outer loop
      vertex -42.7493 -54.831 5.38336
      vertex -42.8156 -61.29 5.29082
      vertex -42.7493 -61.29 5.38336
    endloop
  endfacet
  facet normal 0.0980252 0 0.995184
    outer loop
      vertex -44.4231 -54.831 4.62499
      vertex -44.3098 -61.29 4.61383
      vertex -44.3098 -54.831 4.61383
    endloop
  endfacet
  facet normal 0.0980252 0 0.995184
    outer loop
      vertex -44.3098 -61.29 4.61383
      vertex -44.4231 -54.831 4.62499
      vertex -44.4231 -61.29 4.62499
    endloop
  endfacet
  facet normal 0.162889 0 0.986644
    outer loop
      vertex -44.5354 -54.831 4.64353
      vertex -44.4231 -61.29 4.62499
      vertex -44.4231 -54.831 4.62499
    endloop
  endfacet
  facet normal 0.162889 0 0.986644
    outer loop
      vertex -44.4231 -61.29 4.62499
      vertex -44.5354 -54.831 4.64353
      vertex -44.5354 -61.29 4.64353
    endloop
  endfacet
  facet normal -0.412737 0 0.91085
    outer loop
      vertex -43.5302 -54.831 4.74254
      vertex -43.4265 -61.29 4.78953
      vertex -43.4265 -54.831 4.78953
    endloop
  endfacet
  facet normal -0.412737 0 0.91085
    outer loop
      vertex -43.4265 -61.29 4.78953
      vertex -43.5302 -54.831 4.74254
      vertex -43.5302 -61.29 4.74254
    endloop
  endfacet
  facet normal -0.98671 0 0.16249
    outer loop
      vertex -42.4895 -61.29 6.01056
      vertex -42.471 -54.831 6.1229
      vertex -42.4895 -54.831 6.01056
    endloop
  endfacet
  facet normal -0.98671 0 0.16249
    outer loop
      vertex -42.471 -54.831 6.1229
      vertex -42.4895 -61.29 6.01056
      vertex -42.471 -61.29 6.1229
    endloop
  endfacet
  facet normal -0.634447 0 -0.772966
    outer loop
      vertex -43.1368 -61.29 7.73036
      vertex -43.0488 -54.831 7.65813
      vertex -43.0488 -61.29 7.65813
    endloop
  endfacet
  facet normal -0.634447 0 -0.772966
    outer loop
      vertex -43.0488 -54.831 7.65813
      vertex -43.1368 -61.29 7.73036
      vertex -43.1368 -54.831 7.73036
    endloop
  endfacet
  facet normal -0.935924 0 0.352201
    outer loop
      vertex -42.5885 -61.29 5.68417
      vertex -42.5484 -54.831 5.79073
      vertex -42.5885 -54.831 5.68417
    endloop
  endfacet
  facet normal -0.935924 0 0.352201
    outer loop
      vertex -42.5484 -54.831 5.79073
      vertex -42.5885 -61.29 5.68417
      vertex -42.5484 -61.29 5.79073
    endloop
  endfacet
  facet normal 0.957061 0 -0.289885
    outer loop
      vertex -45.8436 -61.29 6.90927
      vertex -45.8766 -54.831 6.80032
      vertex -45.8436 -54.831 6.90927
    endloop
  endfacet
  facet normal 0.957061 0 -0.289885
    outer loop
      vertex -45.8766 -54.831 6.80032
      vertex -45.8436 -61.29 6.90927
      vertex -45.8766 -61.29 6.80032
    endloop
  endfacet
  facet normal 0.290166 0 0.956976
    outer loop
      vertex -44.7553 -54.831 4.70244
      vertex -44.6463 -61.29 4.66939
      vertex -44.6463 -54.831 4.66939
    endloop
  endfacet
  facet normal 0.290166 0 0.956976
    outer loop
      vertex -44.6463 -61.29 4.66939
      vertex -44.7553 -54.831 4.70244
      vertex -44.7553 -61.29 4.70244
    endloop
  endfacet
  facet normal -0.999472 0 0.0324989
    outer loop
      vertex -42.4598 -61.29 6.23621
      vertex -42.4561 -54.831 6.35
      vertex -42.4598 -54.831 6.23621
    endloop
  endfacet
  facet normal -0.999472 0 0.0324989
    outer loop
      vertex -42.4561 -54.831 6.35
      vertex -42.4598 -61.29 6.23621
      vertex -42.4561 -61.29 6.35
    endloop
  endfacet
  facet normal 0.999472 -0 0.0324989
    outer loop
      vertex -45.9359 -61.29 6.35
      vertex -45.9322 -54.831 6.23621
      vertex -45.9359 -54.831 6.35
    endloop
  endfacet
  facet normal 0.999472 0 0.0324989
    outer loop
      vertex -45.9322 -54.831 6.23621
      vertex -45.9359 -61.29 6.35
      vertex -45.9322 -61.29 6.23621
    endloop
  endfacet
  facet normal -0.957061 0 -0.289885
    outer loop
      vertex -42.5154 -61.29 6.80032
      vertex -42.5484 -54.831 6.90927
      vertex -42.5154 -54.831 6.80032
    endloop
  endfacet
  facet normal -0.957061 -0 -0.289885
    outer loop
      vertex -42.5484 -54.831 6.90927
      vertex -42.5154 -61.29 6.80032
      vertex -42.5484 -61.29 6.90927
    endloop
  endfacet
  facet normal -0.849303 0 -0.527905
    outer loop
      vertex -42.6892 -61.29 7.21995
      vertex -42.7493 -54.831 7.31664
      vertex -42.6892 -54.831 7.21995
    endloop
  endfacet
  facet normal -0.849303 -0 -0.527905
    outer loop
      vertex -42.7493 -54.831 7.31664
      vertex -42.6892 -61.29 7.21995
      vertex -42.7493 -61.29 7.31664
    endloop
  endfacet
  facet normal -0.812902 0 -0.582401
    outer loop
      vertex -42.7493 -61.29 7.31664
      vertex -42.8156 -54.831 7.40918
      vertex -42.7493 -54.831 7.31664
    endloop
  endfacet
  facet normal -0.812902 -0 -0.582401
    outer loop
      vertex -42.8156 -54.831 7.40918
      vertex -42.7493 -61.29 7.31664
      vertex -42.8156 -61.29 7.40918
    endloop
  endfacet
  facet normal 0.881813 -0 0.4716
    outer loop
      vertex -45.7565 -61.29 5.58046
      vertex -45.7028 -54.831 5.48005
      vertex -45.7565 -54.831 5.58046
    endloop
  endfacet
  facet normal 0.881813 0 0.4716
    outer loop
      vertex -45.7028 -54.831 5.48005
      vertex -45.7565 -61.29 5.58046
      vertex -45.7028 -61.29 5.48005
    endloop
  endfacet
  facet normal -0.99515 0 0.0983645
    outer loop
      vertex -42.471 -61.29 6.1229
      vertex -42.4598 -54.831 6.23621
      vertex -42.471 -54.831 6.1229
    endloop
  endfacet
  facet normal -0.99515 0 0.0983645
    outer loop
      vertex -42.4598 -54.831 6.23621
      vertex -42.471 -61.29 6.1229
      vertex -42.4598 -61.29 6.23621
    endloop
  endfacet
  facet normal 0.634447 0 0.772966
    outer loop
      vertex -45.3432 -54.831 5.04187
      vertex -45.2552 -61.29 4.96964
      vertex -45.2552 -54.831 4.96964
    endloop
  endfacet
  facet normal 0.634447 0 0.772966
    outer loop
      vertex -45.2552 -61.29 4.96964
      vertex -45.3432 -54.831 5.04187
      vertex -45.3432 -61.29 5.04187
    endloop
  endfacet
  facet normal 0.973787 0 -0.227463
    outer loop
      vertex -45.8766 -61.29 6.80032
      vertex -45.9025 -54.831 6.68944
      vertex -45.8766 -54.831 6.80032
    endloop
  endfacet
  facet normal 0.973787 0 -0.227463
    outer loop
      vertex -45.9025 -54.831 6.68944
      vertex -45.8766 -61.29 6.80032
      vertex -45.9025 -61.29 6.68944
    endloop
  endfacet
  facet normal 0.412737 0 0.91085
    outer loop
      vertex -44.9655 -54.831 4.78953
      vertex -44.8618 -61.29 4.74254
      vertex -44.8618 -54.831 4.74254
    endloop
  endfacet
  facet normal 0.412737 0 0.91085
    outer loop
      vertex -44.8618 -61.29 4.74254
      vertex -44.9655 -54.831 4.78953
      vertex -44.9655 -61.29 4.78953
    endloop
  endfacet
  facet normal -0.772735 0 0.634728
    outer loop
      vertex -42.8879 -61.29 5.2028
      vertex -42.8156 -54.831 5.29082
      vertex -42.8879 -54.831 5.2028
    endloop
  endfacet
  facet normal -0.772735 0 0.634728
    outer loop
      vertex -42.8156 -54.831 5.29082
      vertex -42.8879 -61.29 5.2028
      vertex -42.8156 -61.29 5.29082
    endloop
  endfacet
  facet normal -0.730003 0 -0.683444
    outer loop
      vertex -42.8879 -61.29 7.4972
      vertex -42.9657 -54.831 7.5803
      vertex -42.8879 -54.831 7.4972
    endloop
  endfacet
  facet normal -0.730003 -0 -0.683444
    outer loop
      vertex -42.9657 -54.831 7.5803
      vertex -42.8879 -61.29 7.4972
      vertex -42.9657 -61.29 7.5803
    endloop
  endfacet
  facet normal -0.729962 0 0.683488
    outer loop
      vertex -42.9657 -61.29 5.11971
      vertex -42.8879 -54.831 5.2028
      vertex -42.9657 -54.831 5.11971
    endloop
  endfacet
  facet normal -0.729962 0 0.683488
    outer loop
      vertex -42.8879 -54.831 5.2028
      vertex -42.9657 -61.29 5.11971
      vertex -42.8879 -61.29 5.2028
    endloop
  endfacet
  facet normal 0.0983731 0 -0.99515
    outer loop
      vertex -44.4231 -61.29 84.275
      vertex -44.3098 -54.831 84.2862
      vertex -44.3098 -61.29 84.2862
    endloop
  endfacet
  facet normal 0.0983731 0 -0.99515
    outer loop
      vertex -44.3098 -54.831 84.2862
      vertex -44.4231 -61.29 84.275
      vertex -44.4231 -54.831 84.275
    endloop
  endfacet
  facet normal 0.032496 0 -0.999472
    outer loop
      vertex -44.3098 -61.29 84.2862
      vertex -44.196 -54.831 84.2899
      vertex -44.196 -61.29 84.2899
    endloop
  endfacet
  facet normal 0.032496 0 -0.999472
    outer loop
      vertex -44.196 -54.831 84.2899
      vertex -44.3098 -61.29 84.2862
      vertex -44.3098 -54.831 84.2862
    endloop
  endfacet
  facet normal 0.527866 0 -0.849328
    outer loop
      vertex -45.1626 -61.29 83.9967
      vertex -45.0659 -54.831 84.0568
      vertex -45.0659 -61.29 84.0568
    endloop
  endfacet
  facet normal 0.527866 0 -0.849328
    outer loop
      vertex -45.0659 -54.831 84.0568
      vertex -45.1626 -61.29 83.9967
      vertex -45.1626 -54.831 83.9967
    endloop
  endfacet
  facet normal 0.849083 0 -0.52826
    outer loop
      vertex -45.6427 -61.29 83.5166
      vertex -45.7028 -54.831 83.42
      vertex -45.6427 -54.831 83.5166
    endloop
  endfacet
  facet normal 0.849083 0 -0.52826
    outer loop
      vertex -45.7028 -54.831 83.42
      vertex -45.6427 -61.29 83.5166
      vertex -45.7028 -61.29 83.42
    endloop
  endfacet
  facet normal -0.935859 0 -0.352375
    outer loop
      vertex -42.5484 -61.29 83.1093
      vertex -42.5885 -54.831 83.2158
      vertex -42.5484 -54.831 83.1093
    endloop
  endfacet
  facet normal -0.935859 -0 -0.352375
    outer loop
      vertex -42.5885 -54.831 83.2158
      vertex -42.5484 -61.29 83.1093
      vertex -42.5885 -61.29 83.2158
    endloop
  endfacet
  facet normal -0.99515 0 -0.0983731
    outer loop
      vertex -42.4598 -61.29 82.6638
      vertex -42.471 -54.831 82.7771
      vertex -42.4598 -54.831 82.6638
    endloop
  endfacet
  facet normal -0.99515 -0 -0.0983731
    outer loop
      vertex -42.471 -54.831 82.7771
      vertex -42.4598 -61.29 82.6638
      vertex -42.471 -61.29 82.7771
    endloop
  endfacet
  facet normal 0.999472 0 -0.032496
    outer loop
      vertex -45.9322 -61.29 82.6638
      vertex -45.9359 -54.831 82.55
      vertex -45.9322 -54.831 82.6638
    endloop
  endfacet
  facet normal 0.999472 0 -0.032496
    outer loop
      vertex -45.9359 -54.831 82.55
      vertex -45.9322 -61.29 82.6638
      vertex -45.9359 -61.29 82.55
    endloop
  endfacet
  facet normal 0.99515 0 -0.0983731
    outer loop
      vertex -45.921 -61.29 82.7771
      vertex -45.9322 -54.831 82.6638
      vertex -45.921 -54.831 82.7771
    endloop
  endfacet
  facet normal 0.99515 0 -0.0983731
    outer loop
      vertex -45.9322 -54.831 82.6638
      vertex -45.921 -61.29 82.7771
      vertex -45.9322 -61.29 82.6638
    endloop
  endfacet
  facet normal 0.986701 -0 0.162546
    outer loop
      vertex -45.921 -61.29 82.3229
      vertex -45.9025 -54.831 82.2106
      vertex -45.921 -54.831 82.3229
    endloop
  endfacet
  facet normal 0.986701 0 0.162546
    outer loop
      vertex -45.9025 -54.831 82.2106
      vertex -45.921 -61.29 82.3229
      vertex -45.9025 -61.29 82.2106
    endloop
  endfacet
  facet normal 0.772665 0 -0.634814
    outer loop
      vertex -45.5041 -61.29 83.6972
      vertex -45.5764 -54.831 83.6092
      vertex -45.5041 -54.831 83.6972
    endloop
  endfacet
  facet normal 0.772665 0 -0.634814
    outer loop
      vertex -45.5764 -54.831 83.6092
      vertex -45.5041 -61.29 83.6972
      vertex -45.5764 -61.29 83.6092
    endloop
  endfacet
  facet normal -0.227424 0 0.973796
    outer loop
      vertex -43.8566 -54.831 80.8435
      vertex -43.7457 -61.29 80.8694
      vertex -43.7457 -54.831 80.8694
    endloop
  endfacet
  facet normal -0.227424 0 0.973796
    outer loop
      vertex -43.7457 -61.29 80.8694
      vertex -43.8566 -54.831 80.8435
      vertex -43.8566 -61.29 80.8435
    endloop
  endfacet
  facet normal 0.162546 0 -0.986701
    outer loop
      vertex -44.5354 -61.29 84.2565
      vertex -44.4231 -54.831 84.275
      vertex -44.4231 -61.29 84.275
    endloop
  endfacet
  facet normal 0.162546 0 -0.986701
    outer loop
      vertex -44.4231 -54.831 84.275
      vertex -44.5354 -61.29 84.2565
      vertex -44.5354 -54.831 84.2565
    endloop
  endfacet
  facet normal 0.634814 0 -0.772665
    outer loop
      vertex -45.3432 -61.29 83.8581
      vertex -45.2552 -54.831 83.9304
      vertex -45.2552 -61.29 83.9304
    endloop
  endfacet
  facet normal 0.634814 0 -0.772665
    outer loop
      vertex -45.2552 -54.831 83.9304
      vertex -45.3432 -61.29 83.8581
      vertex -45.3432 -54.831 83.8581
    endloop
  endfacet
  facet normal -0.683444 0 0.730003
    outer loop
      vertex -43.0488 -54.831 81.2419
      vertex -42.9657 -61.29 81.3197
      vertex -42.9657 -54.831 81.3197
    endloop
  endfacet
  facet normal -0.683444 0 0.730003
    outer loop
      vertex -42.9657 -61.29 81.3197
      vertex -43.0488 -54.831 81.2419
      vertex -43.0488 -61.29 81.2419
    endloop
  endfacet
  facet normal 0.352375 0 0.935859
    outer loop
      vertex -44.8618 -54.831 80.9425
      vertex -44.7553 -61.29 80.9024
      vertex -44.7553 -54.831 80.9024
    endloop
  endfacet
  facet normal 0.352375 0 0.935859
    outer loop
      vertex -44.7553 -61.29 80.9024
      vertex -44.8618 -54.831 80.9425
      vertex -44.8618 -61.29 80.9425
    endloop
  endfacet
  facet normal 0.986701 0 -0.162546
    outer loop
      vertex -45.9025 -61.29 82.8894
      vertex -45.921 -54.831 82.7771
      vertex -45.9025 -54.831 82.8894
    endloop
  endfacet
  facet normal 0.986701 0 -0.162546
    outer loop
      vertex -45.921 -54.831 82.7771
      vertex -45.9025 -61.29 82.8894
      vertex -45.921 -61.29 82.7771
    endloop
  endfacet
  facet normal -0.973796 0 0.227424
    outer loop
      vertex -42.5154 -61.29 82.0997
      vertex -42.4895 -54.831 82.2106
      vertex -42.5154 -54.831 82.0997
    endloop
  endfacet
  facet normal -0.973796 0 0.227424
    outer loop
      vertex -42.4895 -54.831 82.2106
      vertex -42.5154 -61.29 82.0997
      vertex -42.4895 -61.29 82.2106
    endloop
  endfacet
  facet normal 0.81308 0 -0.582151
    outer loop
      vertex -45.5764 -61.29 83.6092
      vertex -45.6427 -54.831 83.5166
      vertex -45.5764 -54.831 83.6092
    endloop
  endfacet
  facet normal 0.81308 0 -0.582151
    outer loop
      vertex -45.6427 -54.831 83.5166
      vertex -45.5764 -61.29 83.6092
      vertex -45.6427 -61.29 83.5166
    endloop
  endfacet
  facet normal -0.289764 0 -0.957098
    outer loop
      vertex -43.7457 -61.29 84.2306
      vertex -43.6367 -54.831 84.1976
      vertex -43.6367 -61.29 84.1976
    endloop
  endfacet
  facet normal -0.289764 0 -0.957098
    outer loop
      vertex -43.6367 -54.831 84.1976
      vertex -43.7457 -61.29 84.2306
      vertex -43.7457 -54.831 84.2306
    endloop
  endfacet
  facet normal -0.471271 0 0.881988
    outer loop
      vertex -43.4265 -54.831 80.9895
      vertex -43.326 -61.29 81.0432
      vertex -43.326 -54.831 81.0432
    endloop
  endfacet
  facet normal -0.471271 0 0.881988
    outer loop
      vertex -43.326 -61.29 81.0432
      vertex -43.4265 -54.831 80.9895
      vertex -43.4265 -61.29 80.9895
    endloop
  endfacet
  facet normal -0.910817 0 0.41281
    outer loop
      vertex -42.6355 -61.29 81.7805
      vertex -42.5885 -54.831 81.8842
      vertex -42.6355 -54.831 81.7805
    endloop
  endfacet
  facet normal -0.910817 0 0.41281
    outer loop
      vertex -42.5885 -54.831 81.8842
      vertex -42.6355 -61.29 81.7805
      vertex -42.5885 -61.29 81.8842
    endloop
  endfacet
  facet normal 0.957098 -0 0.289764
    outer loop
      vertex -45.8766 -61.29 82.0997
      vertex -45.8436 -54.831 81.9907
      vertex -45.8766 -54.831 82.0997
    endloop
  endfacet
  facet normal 0.957098 0 0.289764
    outer loop
      vertex -45.8436 -54.831 81.9907
      vertex -45.8766 -61.29 82.0997
      vertex -45.8436 -61.29 81.9907
    endloop
  endfacet
  facet normal -0.881988 0 0.471271
    outer loop
      vertex -42.6892 -61.29 81.68
      vertex -42.6355 -54.831 81.7805
      vertex -42.6892 -54.831 81.68
    endloop
  endfacet
  facet normal -0.881988 0 0.471271
    outer loop
      vertex -42.6355 -54.831 81.7805
      vertex -42.6892 -61.29 81.68
      vertex -42.6355 -61.29 81.7805
    endloop
  endfacet
  facet normal 0.772665 -0 0.634814
    outer loop
      vertex -45.5764 -61.29 81.4908
      vertex -45.5041 -54.831 81.4028
      vertex -45.5764 -54.831 81.4908
    endloop
  endfacet
  facet normal 0.772665 0 0.634814
    outer loop
      vertex -45.5041 -54.831 81.4028
      vertex -45.5764 -61.29 81.4908
      vertex -45.5041 -61.29 81.4028
    endloop
  endfacet
  facet normal 0.582151 0 -0.81308
    outer loop
      vertex -45.2552 -61.29 83.9304
      vertex -45.1626 -54.831 83.9967
      vertex -45.1626 -61.29 83.9967
    endloop
  endfacet
  facet normal 0.582151 0 -0.81308
    outer loop
      vertex -45.1626 -54.831 83.9967
      vertex -45.2552 -61.29 83.9304
      vertex -45.2552 -54.831 83.9304
    endloop
  endfacet
  facet normal -0.162546 0 0.986701
    outer loop
      vertex -43.9689 -54.831 80.825
      vertex -43.8566 -61.29 80.8435
      vertex -43.8566 -54.831 80.8435
    endloop
  endfacet
  facet normal -0.162546 0 0.986701
    outer loop
      vertex -43.8566 -61.29 80.8435
      vertex -43.9689 -54.831 80.825
      vertex -43.9689 -61.29 80.825
    endloop
  endfacet
  facet normal -0.032496 0 0.999472
    outer loop
      vertex -44.196 -54.831 80.8101
      vertex -44.0822 -61.29 80.8138
      vertex -44.0822 -54.831 80.8138
    endloop
  endfacet
  facet normal -0.032496 0 0.999472
    outer loop
      vertex -44.0822 -61.29 80.8138
      vertex -44.196 -54.831 80.8101
      vertex -44.196 -61.29 80.8101
    endloop
  endfacet
  facet normal 0.032496 0 0.999472
    outer loop
      vertex -44.3098 -54.831 80.8138
      vertex -44.196 -61.29 80.8101
      vertex -44.196 -54.831 80.8101
    endloop
  endfacet
  facet normal 0.032496 0 0.999472
    outer loop
      vertex -44.196 -61.29 80.8101
      vertex -44.3098 -54.831 80.8138
      vertex -44.3098 -61.29 80.8138
    endloop
  endfacet
  facet normal 0.289764 0 -0.957098
    outer loop
      vertex -44.7553 -61.29 84.1976
      vertex -44.6463 -54.831 84.2306
      vertex -44.6463 -61.29 84.2306
    endloop
  endfacet
  facet normal 0.289764 0 -0.957098
    outer loop
      vertex -44.6463 -54.831 84.2306
      vertex -44.7553 -61.29 84.1976
      vertex -44.7553 -54.831 84.1976
    endloop
  endfacet
  facet normal 0.881988 0 -0.471271
    outer loop
      vertex -45.7028 -61.29 83.42
      vertex -45.7565 -54.831 83.3195
      vertex -45.7028 -54.831 83.42
    endloop
  endfacet
  facet normal 0.881988 0 -0.471271
    outer loop
      vertex -45.7565 -54.831 83.3195
      vertex -45.7028 -61.29 83.42
      vertex -45.7565 -61.29 83.3195
    endloop
  endfacet
  facet normal 0 1 0
    outer loop
      vertex -44.0822 -61.29 84.2862
      vertex -44.3098 -61.29 84.2862
      vertex -44.196 -61.29 84.2899
    endloop
  endfacet
  facet normal 0 1 0
    outer loop
      vertex -43.9689 -61.29 84.275
      vertex -44.3098 -61.29 84.2862
      vertex -44.0822 -61.29 84.2862
    endloop
  endfacet
  facet normal 0 1 0
    outer loop
      vertex -43.9689 -61.29 84.275
      vertex -44.4231 -61.29 84.275
      vertex -44.3098 -61.29 84.2862
    endloop
  endfacet
  facet normal 0 1 0
    outer loop
      vertex -43.8566 -61.29 84.2565
      vertex -44.4231 -61.29 84.275
      vertex -43.9689 -61.29 84.275
    endloop
  endfacet
  facet normal 0 1 0
    outer loop
      vertex -43.8566 -61.29 84.2565
      vertex -44.5354 -61.29 84.2565
      vertex -44.4231 -61.29 84.275
    endloop
  endfacet
  facet normal 0 1 0
    outer loop
      vertex -43.7457 -61.29 84.2306
      vertex -44.5354 -61.29 84.2565
      vertex -43.8566 -61.29 84.2565
    endloop
  endfacet
  facet normal 0 1 0
    outer loop
      vertex -43.7457 -61.29 84.2306
      vertex -44.6463 -61.29 84.2306
      vertex -44.5354 -61.29 84.2565
    endloop
  endfacet
  facet normal 0 1 0
    outer loop
      vertex -43.6367 -61.29 84.1976
      vertex -44.6463 -61.29 84.2306
      vertex -43.7457 -61.29 84.2306
    endloop
  endfacet
  facet normal 0 1 0
    outer loop
      vertex -43.6367 -61.29 84.1976
      vertex -44.7553 -61.29 84.1976
      vertex -44.6463 -61.29 84.2306
    endloop
  endfacet
  facet normal 0 1 0
    outer loop
      vertex -43.5302 -61.29 84.1575
      vertex -44.7553 -61.29 84.1976
      vertex -43.6367 -61.29 84.1976
    endloop
  endfacet
  facet normal 0 1 0
    outer loop
      vertex -43.5302 -61.29 84.1575
      vertex -44.8618 -61.29 84.1575
      vertex -44.7553 -61.29 84.1976
    endloop
  endfacet
  facet normal 0 1 0
    outer loop
      vertex -43.4265 -61.29 84.1105
      vertex -44.8618 -61.29 84.1575
      vertex -43.5302 -61.29 84.1575
    endloop
  endfacet
  facet normal 0 1 0
    outer loop
      vertex -43.4265 -61.29 84.1105
      vertex -44.9655 -61.29 84.1105
      vertex -44.8618 -61.29 84.1575
    endloop
  endfacet
  facet normal 0 1 0
    outer loop
      vertex -43.326 -61.29 84.0568
      vertex -44.9655 -61.29 84.1105
      vertex -43.4265 -61.29 84.1105
    endloop
  endfacet
  facet normal 0 1 0
    outer loop
      vertex -43.326 -61.29 84.0568
      vertex -45.0659 -61.29 84.0568
      vertex -44.9655 -61.29 84.1105
    endloop
  endfacet
  facet normal 0 1 0
    outer loop
      vertex -43.2294 -61.29 83.9967
      vertex -45.0659 -61.29 84.0568
      vertex -43.326 -61.29 84.0568
    endloop
  endfacet
  facet normal 0 1 0
    outer loop
      vertex -43.2294 -61.29 83.9967
      vertex -45.1626 -61.29 83.9967
      vertex -45.0659 -61.29 84.0568
    endloop
  endfacet
  facet normal 0 1 0
    outer loop
      vertex -43.1368 -61.29 83.9304
      vertex -45.1626 -61.29 83.9967
      vertex -43.2294 -61.29 83.9967
    endloop
  endfacet
  facet normal 0 1 0
    outer loop
      vertex -43.1368 -61.29 83.9304
      vertex -45.2552 -61.29 83.9304
      vertex -45.1626 -61.29 83.9967
    endloop
  endfacet
  facet normal 0 1 0
    outer loop
      vertex -43.0488 -61.29 83.8581
      vertex -45.2552 -61.29 83.9304
      vertex -43.1368 -61.29 83.9304
    endloop
  endfacet
  facet normal 0 1 0
    outer loop
      vertex -43.0488 -61.29 83.8581
      vertex -45.3432 -61.29 83.8581
      vertex -45.2552 -61.29 83.9304
    endloop
  endfacet
  facet normal 0 1 0
    outer loop
      vertex -42.9657 -61.29 83.7803
      vertex -45.3432 -61.29 83.8581
      vertex -43.0488 -61.29 83.8581
    endloop
  endfacet
  facet normal 0 1 0
    outer loop
      vertex -42.9657 -61.29 83.7803
      vertex -45.4263 -61.29 83.7803
      vertex -45.3432 -61.29 83.8581
    endloop
  endfacet
  facet normal 0 1 0
    outer loop
      vertex -42.8879 -61.29 83.6972
      vertex -45.4263 -61.29 83.7803
      vertex -42.9657 -61.29 83.7803
    endloop
  endfacet
  facet normal 0 1 0
    outer loop
      vertex -42.8879 -61.29 83.6972
      vertex -45.5041 -61.29 83.6972
      vertex -45.4263 -61.29 83.7803
    endloop
  endfacet
  facet normal 0 1 0
    outer loop
      vertex -42.8156 -61.29 83.6092
      vertex -45.5041 -61.29 83.6972
      vertex -42.8879 -61.29 83.6972
    endloop
  endfacet
  facet normal 0 1 0
    outer loop
      vertex -42.8156 -61.29 83.6092
      vertex -45.5764 -61.29 83.6092
      vertex -45.5041 -61.29 83.6972
    endloop
  endfacet
  facet normal 0 1 0
    outer loop
      vertex -42.7493 -61.29 83.5166
      vertex -45.5764 -61.29 83.6092
      vertex -42.8156 -61.29 83.6092
    endloop
  endfacet
  facet normal 0 1 0
    outer loop
      vertex -42.7493 -61.29 83.5166
      vertex -45.6427 -61.29 83.5166
      vertex -45.5764 -61.29 83.6092
    endloop
  endfacet
  facet normal 0 1 0
    outer loop
      vertex -42.6892 -61.29 83.42
      vertex -45.6427 -61.29 83.5166
      vertex -42.7493 -61.29 83.5166
    endloop
  endfacet
  facet normal 0 1 0
    outer loop
      vertex -42.6892 -61.29 83.42
      vertex -45.7028 -61.29 83.42
      vertex -45.6427 -61.29 83.5166
    endloop
  endfacet
  facet normal 0 1 0
    outer loop
      vertex -42.6355 -61.29 83.3195
      vertex -45.7028 -61.29 83.42
      vertex -42.6892 -61.29 83.42
    endloop
  endfacet
  facet normal 0 1 0
    outer loop
      vertex -42.6355 -61.29 83.3195
      vertex -45.7565 -61.29 83.3195
      vertex -45.7028 -61.29 83.42
    endloop
  endfacet
  facet normal 0 1 0
    outer loop
      vertex -42.5885 -61.29 83.2158
      vertex -45.7565 -61.29 83.3195
      vertex -42.6355 -61.29 83.3195
    endloop
  endfacet
  facet normal 0 1 0
    outer loop
      vertex -42.5885 -61.29 83.2158
      vertex -45.8035 -61.29 83.2158
      vertex -45.7565 -61.29 83.3195
    endloop
  endfacet
  facet normal 0 1 0
    outer loop
      vertex -42.5484 -61.29 83.1093
      vertex -45.8035 -61.29 83.2158
      vertex -42.5885 -61.29 83.2158
    endloop
  endfacet
  facet normal 0 1 0
    outer loop
      vertex -42.5484 -61.29 83.1093
      vertex -45.8436 -61.29 83.1093
      vertex -45.8035 -61.29 83.2158
    endloop
  endfacet
  facet normal 0 1 0
    outer loop
      vertex -42.5154 -61.29 83.0003
      vertex -45.8436 -61.29 83.1093
      vertex -42.5484 -61.29 83.1093
    endloop
  endfacet
  facet normal 0 1 0
    outer loop
      vertex -42.5154 -61.29 83.0003
      vertex -45.8766 -61.29 83.0003
      vertex -45.8436 -61.29 83.1093
    endloop
  endfacet
  facet normal 0 1 0
    outer loop
      vertex -42.4895 -61.29 82.8894
      vertex -45.8766 -61.29 83.0003
      vertex -42.5154 -61.29 83.0003
    endloop
  endfacet
  facet normal 0 1 0
    outer loop
      vertex -42.4895 -61.29 82.8894
      vertex -45.9025 -61.29 82.8894
      vertex -45.8766 -61.29 83.0003
    endloop
  endfacet
  facet normal 0 1 0
    outer loop
      vertex -42.471 -61.29 82.7771
      vertex -45.9025 -61.29 82.8894
      vertex -42.4895 -61.29 82.8894
    endloop
  endfacet
  facet normal 0 1 0
    outer loop
      vertex -42.471 -61.29 82.7771
      vertex -45.921 -61.29 82.7771
      vertex -45.9025 -61.29 82.8894
    endloop
  endfacet
  facet normal 0 1 0
    outer loop
      vertex -42.4598 -61.29 82.6638
      vertex -45.921 -61.29 82.7771
      vertex -42.471 -61.29 82.7771
    endloop
  endfacet
  facet normal 0 1 0
    outer loop
      vertex -42.4598 -61.29 82.6638
      vertex -45.9322 -61.29 82.6638
      vertex -45.921 -61.29 82.7771
    endloop
  endfacet
  facet normal 0 1 0
    outer loop
      vertex -42.4561 -61.29 82.55
      vertex -45.9322 -61.29 82.6638
      vertex -42.4598 -61.29 82.6638
    endloop
  endfacet
  facet normal 0 1 0
    outer loop
      vertex -42.4561 -61.29 82.55
      vertex -45.9359 -61.29 82.55
      vertex -45.9322 -61.29 82.6638
    endloop
  endfacet
  facet normal 0 1 -0
    outer loop
      vertex -42.4598 -61.29 82.4362
      vertex -45.9359 -61.29 82.55
      vertex -42.4561 -61.29 82.55
    endloop
  endfacet
  facet normal 0 1 0
    outer loop
      vertex -42.4598 -61.29 82.4362
      vertex -45.9322 -61.29 82.4362
      vertex -45.9359 -61.29 82.55
    endloop
  endfacet
  facet normal 0 1 -0
    outer loop
      vertex -42.471 -61.29 82.3229
      vertex -45.9322 -61.29 82.4362
      vertex -42.4598 -61.29 82.4362
    endloop
  endfacet
  facet normal 0 1 0
    outer loop
      vertex -42.471 -61.29 82.3229
      vertex -45.921 -61.29 82.3229
      vertex -45.9322 -61.29 82.4362
    endloop
  endfacet
  facet normal 0 1 -0
    outer loop
      vertex -42.4895 -61.29 82.2106
      vertex -45.921 -61.29 82.3229
      vertex -42.471 -61.29 82.3229
    endloop
  endfacet
  facet normal 0 1 0
    outer loop
      vertex -42.4895 -61.29 82.2106
      vertex -45.9025 -61.29 82.2106
      vertex -45.921 -61.29 82.3229
    endloop
  endfacet
  facet normal 0 1 -0
    outer loop
      vertex -42.5154 -61.29 82.0997
      vertex -45.9025 -61.29 82.2106
      vertex -42.4895 -61.29 82.2106
    endloop
  endfacet
  facet normal 0 1 0
    outer loop
      vertex -42.5154 -61.29 82.0997
      vertex -45.8766 -61.29 82.0997
      vertex -45.9025 -61.29 82.2106
    endloop
  endfacet
  facet normal 0 1 -0
    outer loop
      vertex -42.5484 -61.29 81.9907
      vertex -45.8766 -61.29 82.0997
      vertex -42.5154 -61.29 82.0997
    endloop
  endfacet
  facet normal 0 1 0
    outer loop
      vertex -42.5484 -61.29 81.9907
      vertex -45.8436 -61.29 81.9907
      vertex -45.8766 -61.29 82.0997
    endloop
  endfacet
  facet normal 0 1 -0
    outer loop
      vertex -42.5885 -61.29 81.8842
      vertex -45.8436 -61.29 81.9907
      vertex -42.5484 -61.29 81.9907
    endloop
  endfacet
  facet normal 0 1 0
    outer loop
      vertex -42.5885 -61.29 81.8842
      vertex -45.8035 -61.29 81.8842
      vertex -45.8436 -61.29 81.9907
    endloop
  endfacet
  facet normal 0 1 -0
    outer loop
      vertex -42.6355 -61.29 81.7805
      vertex -45.8035 -61.29 81.8842
      vertex -42.5885 -61.29 81.8842
    endloop
  endfacet
  facet normal 0 1 0
    outer loop
      vertex -42.6355 -61.29 81.7805
      vertex -45.7565 -61.29 81.7805
      vertex -45.8035 -61.29 81.8842
    endloop
  endfacet
  facet normal 0 1 -0
    outer loop
      vertex -42.6892 -61.29 81.68
      vertex -45.7565 -61.29 81.7805
      vertex -42.6355 -61.29 81.7805
    endloop
  endfacet
  facet normal 0 1 0
    outer loop
      vertex -42.6892 -61.29 81.68
      vertex -45.7028 -61.29 81.68
      vertex -45.7565 -61.29 81.7805
    endloop
  endfacet
  facet normal 0 1 -0
    outer loop
      vertex -42.7493 -61.29 81.5834
      vertex -45.7028 -61.29 81.68
      vertex -42.6892 -61.29 81.68
    endloop
  endfacet
  facet normal 0 1 0
    outer loop
      vertex -42.7493 -61.29 81.5834
      vertex -45.6427 -61.29 81.5834
      vertex -45.7028 -61.29 81.68
    endloop
  endfacet
  facet normal 0 1 -0
    outer loop
      vertex -42.8156 -61.29 81.4908
      vertex -45.6427 -61.29 81.5834
      vertex -42.7493 -61.29 81.5834
    endloop
  endfacet
  facet normal 0 1 0
    outer loop
      vertex -42.8156 -61.29 81.4908
      vertex -45.5764 -61.29 81.4908
      vertex -45.6427 -61.29 81.5834
    endloop
  endfacet
  facet normal 0 1 -0
    outer loop
      vertex -42.8879 -61.29 81.4028
      vertex -45.5764 -61.29 81.4908
      vertex -42.8156 -61.29 81.4908
    endloop
  endfacet
  facet normal 0 1 0
    outer loop
      vertex -42.8879 -61.29 81.4028
      vertex -45.5041 -61.29 81.4028
      vertex -45.5764 -61.29 81.4908
    endloop
  endfacet
  facet normal 0 1 -0
    outer loop
      vertex -42.9657 -61.29 81.3197
      vertex -45.5041 -61.29 81.4028
      vertex -42.8879 -61.29 81.4028
    endloop
  endfacet
  facet normal 0 1 0
    outer loop
      vertex -42.9657 -61.29 81.3197
      vertex -45.4263 -61.29 81.3197
      vertex -45.5041 -61.29 81.4028
    endloop
  endfacet
  facet normal 0 1 -0
    outer loop
      vertex -43.0488 -61.29 81.2419
      vertex -45.4263 -61.29 81.3197
      vertex -42.9657 -61.29 81.3197
    endloop
  endfacet
  facet normal 0 1 0
    outer loop
      vertex -43.0488 -61.29 81.2419
      vertex -45.3432 -61.29 81.2419
      vertex -45.4263 -61.29 81.3197
    endloop
  endfacet
  facet normal 0 1 -0
    outer loop
      vertex -43.1368 -61.29 81.1696
      vertex -45.3432 -61.29 81.2419
      vertex -43.0488 -61.29 81.2419
    endloop
  endfacet
  facet normal 0 1 0
    outer loop
      vertex -43.1368 -61.29 81.1696
      vertex -45.2552 -61.29 81.1696
      vertex -45.3432 -61.29 81.2419
    endloop
  endfacet
  facet normal 0 1 -0
    outer loop
      vertex -43.2294 -61.29 81.1033
      vertex -45.2552 -61.29 81.1696
      vertex -43.1368 -61.29 81.1696
    endloop
  endfacet
  facet normal 0 1 0
    outer loop
      vertex -43.2294 -61.29 81.1033
      vertex -45.1626 -61.29 81.1033
      vertex -45.2552 -61.29 81.1696
    endloop
  endfacet
  facet normal 0 1 -0
    outer loop
      vertex -43.326 -61.29 81.0432
      vertex -45.1626 -61.29 81.1033
      vertex -43.2294 -61.29 81.1033
    endloop
  endfacet
  facet normal 0 1 0
    outer loop
      vertex -43.326 -61.29 81.0432
      vertex -45.0659 -61.29 81.0432
      vertex -45.1626 -61.29 81.1033
    endloop
  endfacet
  facet normal 0 1 -0
    outer loop
      vertex -43.4265 -61.29 80.9895
      vertex -45.0659 -61.29 81.0432
      vertex -43.326 -61.29 81.0432
    endloop
  endfacet
  facet normal 0 1 0
    outer loop
      vertex -43.4265 -61.29 80.9895
      vertex -44.9655 -61.29 80.9895
      vertex -45.0659 -61.29 81.0432
    endloop
  endfacet
  facet normal 0 1 -0
    outer loop
      vertex -43.5302 -61.29 80.9425
      vertex -44.9655 -61.29 80.9895
      vertex -43.4265 -61.29 80.9895
    endloop
  endfacet
  facet normal 0 1 0
    outer loop
      vertex -43.5302 -61.29 80.9425
      vertex -44.8618 -61.29 80.9425
      vertex -44.9655 -61.29 80.9895
    endloop
  endfacet
  facet normal 0 1 -0
    outer loop
      vertex -43.6367 -61.29 80.9024
      vertex -44.8618 -61.29 80.9425
      vertex -43.5302 -61.29 80.9425
    endloop
  endfacet
  facet normal 0 1 0
    outer loop
      vertex -43.6367 -61.29 80.9024
      vertex -44.7553 -61.29 80.9024
      vertex -44.8618 -61.29 80.9425
    endloop
  endfacet
  facet normal 0 1 -0
    outer loop
      vertex -43.7457 -61.29 80.8694
      vertex -44.7553 -61.29 80.9024
      vertex -43.6367 -61.29 80.9024
    endloop
  endfacet
  facet normal 0 1 0
    outer loop
      vertex -43.7457 -61.29 80.8694
      vertex -44.6463 -61.29 80.8694
      vertex -44.7553 -61.29 80.9024
    endloop
  endfacet
  facet normal 0 1 -0
    outer loop
      vertex -43.8566 -61.29 80.8435
      vertex -44.6463 -61.29 80.8694
      vertex -43.7457 -61.29 80.8694
    endloop
  endfacet
  facet normal 0 1 0
    outer loop
      vertex -43.8566 -61.29 80.8435
      vertex -44.5354 -61.29 80.8435
      vertex -44.6463 -61.29 80.8694
    endloop
  endfacet
  facet normal 0 1 -0
    outer loop
      vertex -43.9689 -61.29 80.825
      vertex -44.5354 -61.29 80.8435
      vertex -43.8566 -61.29 80.8435
    endloop
  endfacet
  facet normal 0 1 0
    outer loop
      vertex -43.9689 -61.29 80.825
      vertex -44.4231 -61.29 80.825
      vertex -44.5354 -61.29 80.8435
    endloop
  endfacet
  facet normal 0 1 -0
    outer loop
      vertex -44.0822 -61.29 80.8138
      vertex -44.4231 -61.29 80.825
      vertex -43.9689 -61.29 80.825
    endloop
  endfacet
  facet normal 0 1 0
    outer loop
      vertex -44.0822 -61.29 80.8138
      vertex -44.3098 -61.29 80.8138
      vertex -44.4231 -61.29 80.825
    endloop
  endfacet
  facet normal -0 1 0
    outer loop
      vertex -44.3098 -61.29 80.8138
      vertex -44.0822 -61.29 80.8138
      vertex -44.196 -61.29 80.8101
    endloop
  endfacet
  facet normal 0.973796 -0 0.227424
    outer loop
      vertex -45.9025 -61.29 82.2106
      vertex -45.8766 -54.831 82.0997
      vertex -45.9025 -54.831 82.2106
    endloop
  endfacet
  facet normal 0.973796 0 0.227424
    outer loop
      vertex -45.8766 -54.831 82.0997
      vertex -45.9025 -61.29 82.2106
      vertex -45.8766 -61.29 82.0997
    endloop
  endfacet
  facet normal -0.227424 0 -0.973796
    outer loop
      vertex -43.8566 -61.29 84.2565
      vertex -43.7457 -54.831 84.2306
      vertex -43.7457 -61.29 84.2306
    endloop
  endfacet
  facet normal -0.227424 0 -0.973796
    outer loop
      vertex -43.7457 -54.831 84.2306
      vertex -43.8566 -61.29 84.2565
      vertex -43.8566 -54.831 84.2565
    endloop
  endfacet
  facet normal 0.227424 0 -0.973796
    outer loop
      vertex -44.6463 -61.29 84.2306
      vertex -44.5354 -54.831 84.2565
      vertex -44.5354 -61.29 84.2565
    endloop
  endfacet
  facet normal 0.227424 0 -0.973796
    outer loop
      vertex -44.5354 -54.831 84.2565
      vertex -44.6463 -61.29 84.2306
      vertex -44.6463 -54.831 84.2306
    endloop
  endfacet
  facet normal -0.683444 0 -0.730003
    outer loop
      vertex -43.0488 -61.29 83.8581
      vertex -42.9657 -54.831 83.7803
      vertex -42.9657 -61.29 83.7803
    endloop
  endfacet
  facet normal -0.683444 0 -0.730003
    outer loop
      vertex -42.9657 -54.831 83.7803
      vertex -43.0488 -61.29 83.8581
      vertex -43.0488 -54.831 83.8581
    endloop
  endfacet
  facet normal 0.910817 -0 0.41281
    outer loop
      vertex -45.8035 -61.29 81.8842
      vertex -45.7565 -54.831 81.7805
      vertex -45.8035 -54.831 81.8842
    endloop
  endfacet
  facet normal 0.910817 0 0.41281
    outer loop
      vertex -45.7565 -54.831 81.7805
      vertex -45.8035 -61.29 81.8842
      vertex -45.7565 -61.29 81.7805
    endloop
  endfacet
  facet normal -0.881988 0 -0.471271
    outer loop
      vertex -42.6355 -61.29 83.3195
      vertex -42.6892 -54.831 83.42
      vertex -42.6355 -54.831 83.3195
    endloop
  endfacet
  facet normal -0.881988 -0 -0.471271
    outer loop
      vertex -42.6892 -54.831 83.42
      vertex -42.6355 -61.29 83.3195
      vertex -42.6892 -61.29 83.42
    endloop
  endfacet
  facet normal 0.935859 0 -0.352375
    outer loop
      vertex -45.8035 -61.29 83.2158
      vertex -45.8436 -54.831 83.1093
      vertex -45.8035 -54.831 83.2158
    endloop
  endfacet
  facet normal 0.935859 0 -0.352375
    outer loop
      vertex -45.8436 -54.831 83.1093
      vertex -45.8035 -61.29 83.2158
      vertex -45.8436 -61.29 83.1093
    endloop
  endfacet
  facet normal -0.634814 0 0.772665
    outer loop
      vertex -43.1368 -54.831 81.1696
      vertex -43.0488 -61.29 81.2419
      vertex -43.0488 -54.831 81.2419
    endloop
  endfacet
  facet normal -0.634814 0 0.772665
    outer loop
      vertex -43.0488 -61.29 81.2419
      vertex -43.1368 -54.831 81.1696
      vertex -43.1368 -61.29 81.1696
    endloop
  endfacet
  facet normal 0.41281 0 -0.910817
    outer loop
      vertex -44.9655 -61.29 84.1105
      vertex -44.8618 -54.831 84.1575
      vertex -44.8618 -61.29 84.1575
    endloop
  endfacet
  facet normal 0.41281 0 -0.910817
    outer loop
      vertex -44.8618 -54.831 84.1575
      vertex -44.9655 -61.29 84.1105
      vertex -44.9655 -54.831 84.1105
    endloop
  endfacet
  facet normal -0.41281 0 -0.910817
    outer loop
      vertex -43.5302 -61.29 84.1575
      vertex -43.4265 -54.831 84.1105
      vertex -43.4265 -61.29 84.1105
    endloop
  endfacet
  facet normal -0.41281 0 -0.910817
    outer loop
      vertex -43.4265 -54.831 84.1105
      vertex -43.5302 -61.29 84.1575
      vertex -43.5302 -54.831 84.1575
    endloop
  endfacet
  facet normal -0.162546 0 -0.986701
    outer loop
      vertex -43.9689 -61.29 84.275
      vertex -43.8566 -54.831 84.2565
      vertex -43.8566 -61.29 84.2565
    endloop
  endfacet
  facet normal -0.162546 0 -0.986701
    outer loop
      vertex -43.8566 -54.831 84.2565
      vertex -43.9689 -61.29 84.275
      vertex -43.9689 -54.831 84.275
    endloop
  endfacet
  facet normal 0.227424 0 0.973796
    outer loop
      vertex -44.6463 -54.831 80.8694
      vertex -44.5354 -61.29 80.8435
      vertex -44.5354 -54.831 80.8435
    endloop
  endfacet
  facet normal 0.227424 0 0.973796
    outer loop
      vertex -44.5354 -61.29 80.8435
      vertex -44.6463 -54.831 80.8694
      vertex -44.6463 -61.29 80.8694
    endloop
  endfacet
  facet normal -0.910817 0 -0.41281
    outer loop
      vertex -42.5885 -61.29 83.2158
      vertex -42.6355 -54.831 83.3195
      vertex -42.5885 -54.831 83.2158
    endloop
  endfacet
  facet normal -0.910817 -0 -0.41281
    outer loop
      vertex -42.6355 -54.831 83.3195
      vertex -42.5885 -61.29 83.2158
      vertex -42.6355 -61.29 83.3195
    endloop
  endfacet
  facet normal 0.910817 0 -0.41281
    outer loop
      vertex -45.7565 -61.29 83.3195
      vertex -45.8035 -54.831 83.2158
      vertex -45.7565 -54.831 83.3195
    endloop
  endfacet
  facet normal 0.910817 0 -0.41281
    outer loop
      vertex -45.8035 -54.831 83.2158
      vertex -45.7565 -61.29 83.3195
      vertex -45.8035 -61.29 83.2158
    endloop
  endfacet
  facet normal -0.849083 0 0.52826
    outer loop
      vertex -42.7493 -61.29 81.5834
      vertex -42.6892 -54.831 81.68
      vertex -42.7493 -54.831 81.5834
    endloop
  endfacet
  facet normal -0.849083 0 0.52826
    outer loop
      vertex -42.6892 -54.831 81.68
      vertex -42.7493 -61.29 81.5834
      vertex -42.6892 -61.29 81.68
    endloop
  endfacet
  facet normal -0.0983731 0 -0.99515
    outer loop
      vertex -44.0822 -61.29 84.2862
      vertex -43.9689 -54.831 84.275
      vertex -43.9689 -61.29 84.275
    endloop
  endfacet
  facet normal -0.0983731 0 -0.99515
    outer loop
      vertex -43.9689 -54.831 84.275
      vertex -44.0822 -61.29 84.2862
      vertex -44.0822 -54.831 84.2862
    endloop
  endfacet
  facet normal 0.471636 0 -0.881793
    outer loop
      vertex -45.0659 -61.29 84.0568
      vertex -44.9655 -54.831 84.1105
      vertex -44.9655 -61.29 84.1105
    endloop
  endfacet
  facet normal 0.471636 0 -0.881793
    outer loop
      vertex -44.9655 -54.831 84.1105
      vertex -45.0659 -61.29 84.0568
      vertex -45.0659 -54.831 84.0568
    endloop
  endfacet
  facet normal 0.683444 0 -0.730003
    outer loop
      vertex -45.4263 -61.29 83.7803
      vertex -45.3432 -54.831 83.8581
      vertex -45.3432 -61.29 83.8581
    endloop
  endfacet
  facet normal 0.683444 0 -0.730003
    outer loop
      vertex -45.3432 -54.831 83.8581
      vertex -45.4263 -61.29 83.7803
      vertex -45.4263 -54.831 83.7803
    endloop
  endfacet
  facet normal 0.849083 -0 0.52826
    outer loop
      vertex -45.7028 -61.29 81.68
      vertex -45.6427 -54.831 81.5834
      vertex -45.7028 -54.831 81.68
    endloop
  endfacet
  facet normal 0.849083 0 0.52826
    outer loop
      vertex -45.6427 -54.831 81.5834
      vertex -45.7028 -61.29 81.68
      vertex -45.6427 -61.29 81.5834
    endloop
  endfacet
  facet normal 0.935859 -0 0.352375
    outer loop
      vertex -45.8436 -61.29 81.9907
      vertex -45.8035 -54.831 81.8842
      vertex -45.8436 -54.831 81.9907
    endloop
  endfacet
  facet normal 0.935859 0 0.352375
    outer loop
      vertex -45.8035 -54.831 81.8842
      vertex -45.8436 -61.29 81.9907
      vertex -45.8035 -61.29 81.8842
    endloop
  endfacet
  facet normal -0.52826 0 -0.849083
    outer loop
      vertex -43.326 -61.29 84.0568
      vertex -43.2294 -54.831 83.9967
      vertex -43.2294 -61.29 83.9967
    endloop
  endfacet
  facet normal -0.52826 0 -0.849083
    outer loop
      vertex -43.2294 -54.831 83.9967
      vertex -43.326 -61.29 84.0568
      vertex -43.326 -54.831 84.0568
    endloop
  endfacet
  facet normal 0.99515 -0 0.0983731
    outer loop
      vertex -45.9322 -61.29 82.4362
      vertex -45.921 -54.831 82.3229
      vertex -45.9322 -54.831 82.4362
    endloop
  endfacet
  facet normal 0.99515 0 0.0983731
    outer loop
      vertex -45.921 -54.831 82.3229
      vertex -45.9322 -61.29 82.4362
      vertex -45.921 -61.29 82.3229
    endloop
  endfacet
  facet normal -0.289764 0 0.957098
    outer loop
      vertex -43.7457 -54.831 80.8694
      vertex -43.6367 -61.29 80.9024
      vertex -43.6367 -54.831 80.9024
    endloop
  endfacet
  facet normal -0.289764 0 0.957098
    outer loop
      vertex -43.6367 -61.29 80.9024
      vertex -43.7457 -54.831 80.8694
      vertex -43.7457 -61.29 80.8694
    endloop
  endfacet
  facet normal 0.352375 0 -0.935859
    outer loop
      vertex -44.8618 -61.29 84.1575
      vertex -44.7553 -54.831 84.1976
      vertex -44.7553 -61.29 84.1976
    endloop
  endfacet
  facet normal 0.352375 0 -0.935859
    outer loop
      vertex -44.7553 -54.831 84.1976
      vertex -44.8618 -61.29 84.1575
      vertex -44.8618 -54.831 84.1575
    endloop
  endfacet
  facet normal -0.986701 0 -0.162546
    outer loop
      vertex -42.471 -61.29 82.7771
      vertex -42.4895 -54.831 82.8894
      vertex -42.471 -54.831 82.7771
    endloop
  endfacet
  facet normal -0.986701 -0 -0.162546
    outer loop
      vertex -42.4895 -54.831 82.8894
      vertex -42.471 -61.29 82.7771
      vertex -42.4895 -61.29 82.8894
    endloop
  endfacet
  facet normal 0.730003 0 -0.683444
    outer loop
      vertex -45.4263 -61.29 83.7803
      vertex -45.5041 -54.831 83.6972
      vertex -45.4263 -54.831 83.7803
    endloop
  endfacet
  facet normal 0.730003 0 -0.683444
    outer loop
      vertex -45.5041 -54.831 83.6972
      vertex -45.4263 -61.29 83.7803
      vertex -45.5041 -61.29 83.6972
    endloop
  endfacet
  facet normal 0.730003 -0 0.683444
    outer loop
      vertex -45.5041 -61.29 81.4028
      vertex -45.4263 -54.831 81.3197
      vertex -45.5041 -54.831 81.4028
    endloop
  endfacet
  facet normal 0.730003 0 0.683444
    outer loop
      vertex -45.4263 -54.831 81.3197
      vertex -45.5041 -61.29 81.4028
      vertex -45.4263 -61.29 81.3197
    endloop
  endfacet
  facet normal -0.582151 0 -0.81308
    outer loop
      vertex -43.2294 -61.29 83.9967
      vertex -43.1368 -54.831 83.9304
      vertex -43.1368 -61.29 83.9304
    endloop
  endfacet
  facet normal -0.582151 0 -0.81308
    outer loop
      vertex -43.1368 -54.831 83.9304
      vertex -43.2294 -61.29 83.9967
      vertex -43.2294 -54.831 83.9967
    endloop
  endfacet
  facet normal -0.973796 0 -0.227424
    outer loop
      vertex -42.4895 -61.29 82.8894
      vertex -42.5154 -54.831 83.0003
      vertex -42.4895 -54.831 82.8894
    endloop
  endfacet
  facet normal -0.973796 -0 -0.227424
    outer loop
      vertex -42.5154 -54.831 83.0003
      vertex -42.4895 -61.29 82.8894
      vertex -42.5154 -61.29 83.0003
    endloop
  endfacet
  facet normal -0.032496 0 -0.999472
    outer loop
      vertex -44.196 -61.29 84.2899
      vertex -44.0822 -54.831 84.2862
      vertex -44.0822 -61.29 84.2862
    endloop
  endfacet
  facet normal -0.032496 0 -0.999472
    outer loop
      vertex -44.0822 -54.831 84.2862
      vertex -44.196 -61.29 84.2899
      vertex -44.196 -54.831 84.2899
    endloop
  endfacet
  facet normal -0.957098 0 0.289764
    outer loop
      vertex -42.5484 -61.29 81.9907
      vertex -42.5154 -54.831 82.0997
      vertex -42.5484 -54.831 81.9907
    endloop
  endfacet
  facet normal -0.957098 0 0.289764
    outer loop
      vertex -42.5154 -54.831 82.0997
      vertex -42.5484 -61.29 81.9907
      vertex -42.5154 -61.29 82.0997
    endloop
  endfacet
  facet normal -0.352375 0 -0.935859
    outer loop
      vertex -43.6367 -61.29 84.1976
      vertex -43.5302 -54.831 84.1575
      vertex -43.5302 -61.29 84.1575
    endloop
  endfacet
  facet normal -0.352375 0 -0.935859
    outer loop
      vertex -43.5302 -54.831 84.1575
      vertex -43.6367 -61.29 84.1976
      vertex -43.6367 -54.831 84.1976
    endloop
  endfacet
  facet normal 0.582151 0 0.81308
    outer loop
      vertex -45.2552 -54.831 81.1696
      vertex -45.1626 -61.29 81.1033
      vertex -45.1626 -54.831 81.1033
    endloop
  endfacet
  facet normal 0.582151 0 0.81308
    outer loop
      vertex -45.1626 -61.29 81.1033
      vertex -45.2552 -54.831 81.1696
      vertex -45.2552 -61.29 81.1696
    endloop
  endfacet
  facet normal 0.81308 -0 0.582151
    outer loop
      vertex -45.6427 -61.29 81.5834
      vertex -45.5764 -54.831 81.4908
      vertex -45.6427 -54.831 81.5834
    endloop
  endfacet
  facet normal 0.81308 0 0.582151
    outer loop
      vertex -45.5764 -54.831 81.4908
      vertex -45.6427 -61.29 81.5834
      vertex -45.5764 -61.29 81.4908
    endloop
  endfacet
  facet normal 0.527866 0 0.849328
    outer loop
      vertex -45.1626 -54.831 81.1033
      vertex -45.0659 -61.29 81.0432
      vertex -45.0659 -54.831 81.0432
    endloop
  endfacet
  facet normal 0.527866 0 0.849328
    outer loop
      vertex -45.0659 -61.29 81.0432
      vertex -45.1626 -54.831 81.1033
      vertex -45.1626 -61.29 81.1033
    endloop
  endfacet
  facet normal -0.772665 0 -0.634814
    outer loop
      vertex -42.8156 -61.29 83.6092
      vertex -42.8879 -54.831 83.6972
      vertex -42.8156 -54.831 83.6092
    endloop
  endfacet
  facet normal -0.772665 -0 -0.634814
    outer loop
      vertex -42.8879 -54.831 83.6972
      vertex -42.8156 -61.29 83.6092
      vertex -42.8879 -61.29 83.6972
    endloop
  endfacet
  facet normal 0.471636 0 0.881793
    outer loop
      vertex -45.0659 -54.831 81.0432
      vertex -44.9655 -61.29 80.9895
      vertex -44.9655 -54.831 80.9895
    endloop
  endfacet
  facet normal 0.471636 0 0.881793
    outer loop
      vertex -44.9655 -61.29 80.9895
      vertex -45.0659 -54.831 81.0432
      vertex -45.0659 -61.29 81.0432
    endloop
  endfacet
  facet normal -0.52826 0 0.849083
    outer loop
      vertex -43.326 -54.831 81.0432
      vertex -43.2294 -61.29 81.1033
      vertex -43.2294 -54.831 81.1033
    endloop
  endfacet
  facet normal -0.52826 0 0.849083
    outer loop
      vertex -43.2294 -61.29 81.1033
      vertex -43.326 -54.831 81.0432
      vertex -43.326 -61.29 81.0432
    endloop
  endfacet
  facet normal -0.352375 0 0.935859
    outer loop
      vertex -43.6367 -54.831 80.9024
      vertex -43.5302 -61.29 80.9425
      vertex -43.5302 -54.831 80.9425
    endloop
  endfacet
  facet normal -0.352375 0 0.935859
    outer loop
      vertex -43.5302 -61.29 80.9425
      vertex -43.6367 -54.831 80.9024
      vertex -43.6367 -61.29 80.9024
    endloop
  endfacet
  facet normal -0.471271 0 -0.881988
    outer loop
      vertex -43.4265 -61.29 84.1105
      vertex -43.326 -54.831 84.0568
      vertex -43.326 -61.29 84.0568
    endloop
  endfacet
  facet normal -0.471271 0 -0.881988
    outer loop
      vertex -43.326 -54.831 84.0568
      vertex -43.4265 -61.29 84.1105
      vertex -43.4265 -54.831 84.1105
    endloop
  endfacet
  facet normal -0.582151 0 0.81308
    outer loop
      vertex -43.2294 -54.831 81.1033
      vertex -43.1368 -61.29 81.1696
      vertex -43.1368 -54.831 81.1696
    endloop
  endfacet
  facet normal -0.582151 0 0.81308
    outer loop
      vertex -43.1368 -61.29 81.1696
      vertex -43.2294 -54.831 81.1033
      vertex -43.2294 -61.29 81.1033
    endloop
  endfacet
  facet normal -0.0983731 0 0.99515
    outer loop
      vertex -44.0822 -54.831 80.8138
      vertex -43.9689 -61.29 80.825
      vertex -43.9689 -54.831 80.825
    endloop
  endfacet
  facet normal -0.0983731 0 0.99515
    outer loop
      vertex -43.9689 -61.29 80.825
      vertex -44.0822 -54.831 80.8138
      vertex -44.0822 -61.29 80.8138
    endloop
  endfacet
  facet normal -0.999472 0 -0.032496
    outer loop
      vertex -42.4561 -61.29 82.55
      vertex -42.4598 -54.831 82.6638
      vertex -42.4561 -54.831 82.55
    endloop
  endfacet
  facet normal -0.999472 -0 -0.032496
    outer loop
      vertex -42.4598 -54.831 82.6638
      vertex -42.4561 -61.29 82.55
      vertex -42.4598 -61.29 82.6638
    endloop
  endfacet
  facet normal 0.683444 0 0.730003
    outer loop
      vertex -45.4263 -54.831 81.3197
      vertex -45.3432 -61.29 81.2419
      vertex -45.3432 -54.831 81.2419
    endloop
  endfacet
  facet normal 0.683444 0 0.730003
    outer loop
      vertex -45.3432 -61.29 81.2419
      vertex -45.4263 -54.831 81.3197
      vertex -45.4263 -61.29 81.3197
    endloop
  endfacet
  facet normal -0.81308 0 0.582151
    outer loop
      vertex -42.8156 -61.29 81.4908
      vertex -42.7493 -54.831 81.5834
      vertex -42.8156 -54.831 81.4908
    endloop
  endfacet
  facet normal -0.81308 0 0.582151
    outer loop
      vertex -42.7493 -54.831 81.5834
      vertex -42.8156 -61.29 81.4908
      vertex -42.7493 -61.29 81.5834
    endloop
  endfacet
  facet normal 0.0983731 0 0.99515
    outer loop
      vertex -44.4231 -54.831 80.825
      vertex -44.3098 -61.29 80.8138
      vertex -44.3098 -54.831 80.8138
    endloop
  endfacet
  facet normal 0.0983731 0 0.99515
    outer loop
      vertex -44.3098 -61.29 80.8138
      vertex -44.4231 -54.831 80.825
      vertex -44.4231 -61.29 80.825
    endloop
  endfacet
  facet normal 0.162546 0 0.986701
    outer loop
      vertex -44.5354 -54.831 80.8435
      vertex -44.4231 -61.29 80.825
      vertex -44.4231 -54.831 80.825
    endloop
  endfacet
  facet normal 0.162546 0 0.986701
    outer loop
      vertex -44.4231 -61.29 80.825
      vertex -44.5354 -54.831 80.8435
      vertex -44.5354 -61.29 80.8435
    endloop
  endfacet
  facet normal -0.41281 0 0.910817
    outer loop
      vertex -43.5302 -54.831 80.9425
      vertex -43.4265 -61.29 80.9895
      vertex -43.4265 -54.831 80.9895
    endloop
  endfacet
  facet normal -0.41281 0 0.910817
    outer loop
      vertex -43.4265 -61.29 80.9895
      vertex -43.5302 -54.831 80.9425
      vertex -43.5302 -61.29 80.9425
    endloop
  endfacet
  facet normal -0.986701 0 0.162546
    outer loop
      vertex -42.4895 -61.29 82.2106
      vertex -42.471 -54.831 82.3229
      vertex -42.4895 -54.831 82.2106
    endloop
  endfacet
  facet normal -0.986701 0 0.162546
    outer loop
      vertex -42.471 -54.831 82.3229
      vertex -42.4895 -61.29 82.2106
      vertex -42.471 -61.29 82.3229
    endloop
  endfacet
  facet normal -0.634814 0 -0.772665
    outer loop
      vertex -43.1368 -61.29 83.9304
      vertex -43.0488 -54.831 83.8581
      vertex -43.0488 -61.29 83.8581
    endloop
  endfacet
  facet normal -0.634814 0 -0.772665
    outer loop
      vertex -43.0488 -54.831 83.8581
      vertex -43.1368 -61.29 83.9304
      vertex -43.1368 -54.831 83.9304
    endloop
  endfacet
  facet normal -0.935859 0 0.352375
    outer loop
      vertex -42.5885 -61.29 81.8842
      vertex -42.5484 -54.831 81.9907
      vertex -42.5885 -54.831 81.8842
    endloop
  endfacet
  facet normal -0.935859 0 0.352375
    outer loop
      vertex -42.5484 -54.831 81.9907
      vertex -42.5885 -61.29 81.8842
      vertex -42.5484 -61.29 81.9907
    endloop
  endfacet
  facet normal 0.957098 0 -0.289764
    outer loop
      vertex -45.8436 -61.29 83.1093
      vertex -45.8766 -54.831 83.0003
      vertex -45.8436 -54.831 83.1093
    endloop
  endfacet
  facet normal 0.957098 0 -0.289764
    outer loop
      vertex -45.8766 -54.831 83.0003
      vertex -45.8436 -61.29 83.1093
      vertex -45.8766 -61.29 83.0003
    endloop
  endfacet
  facet normal 0.289764 0 0.957098
    outer loop
      vertex -44.7553 -54.831 80.9024
      vertex -44.6463 -61.29 80.8694
      vertex -44.6463 -54.831 80.8694
    endloop
  endfacet
  facet normal 0.289764 0 0.957098
    outer loop
      vertex -44.6463 -61.29 80.8694
      vertex -44.7553 -54.831 80.9024
      vertex -44.7553 -61.29 80.9024
    endloop
  endfacet
  facet normal -0.999472 0 0.032496
    outer loop
      vertex -42.4598 -61.29 82.4362
      vertex -42.4561 -54.831 82.55
      vertex -42.4598 -54.831 82.4362
    endloop
  endfacet
  facet normal -0.999472 0 0.032496
    outer loop
      vertex -42.4561 -54.831 82.55
      vertex -42.4598 -61.29 82.4362
      vertex -42.4561 -61.29 82.55
    endloop
  endfacet
  facet normal 0.999472 -0 0.032496
    outer loop
      vertex -45.9359 -61.29 82.55
      vertex -45.9322 -54.831 82.4362
      vertex -45.9359 -54.831 82.55
    endloop
  endfacet
  facet normal 0.999472 0 0.032496
    outer loop
      vertex -45.9322 -54.831 82.4362
      vertex -45.9359 -61.29 82.55
      vertex -45.9322 -61.29 82.4362
    endloop
  endfacet
  facet normal -0.957098 0 -0.289764
    outer loop
      vertex -42.5154 -61.29 83.0003
      vertex -42.5484 -54.831 83.1093
      vertex -42.5154 -54.831 83.0003
    endloop
  endfacet
  facet normal -0.957098 -0 -0.289764
    outer loop
      vertex -42.5484 -54.831 83.1093
      vertex -42.5154 -61.29 83.0003
      vertex -42.5484 -61.29 83.1093
    endloop
  endfacet
  facet normal -0.849083 0 -0.52826
    outer loop
      vertex -42.6892 -61.29 83.42
      vertex -42.7493 -54.831 83.5166
      vertex -42.6892 -54.831 83.42
    endloop
  endfacet
  facet normal -0.849083 -0 -0.52826
    outer loop
      vertex -42.7493 -54.831 83.5166
      vertex -42.6892 -61.29 83.42
      vertex -42.7493 -61.29 83.5166
    endloop
  endfacet
  facet normal -0.81308 0 -0.582151
    outer loop
      vertex -42.7493 -61.29 83.5166
      vertex -42.8156 -54.831 83.6092
      vertex -42.7493 -54.831 83.5166
    endloop
  endfacet
  facet normal -0.81308 -0 -0.582151
    outer loop
      vertex -42.8156 -54.831 83.6092
      vertex -42.7493 -61.29 83.5166
      vertex -42.8156 -61.29 83.6092
    endloop
  endfacet
  facet normal 0.881988 -0 0.471271
    outer loop
      vertex -45.7565 -61.29 81.7805
      vertex -45.7028 -54.831 81.68
      vertex -45.7565 -54.831 81.7805
    endloop
  endfacet
  facet normal 0.881988 0 0.471271
    outer loop
      vertex -45.7028 -54.831 81.68
      vertex -45.7565 -61.29 81.7805
      vertex -45.7028 -61.29 81.68
    endloop
  endfacet
  facet normal -0.99515 0 0.0983731
    outer loop
      vertex -42.471 -61.29 82.3229
      vertex -42.4598 -54.831 82.4362
      vertex -42.471 -54.831 82.3229
    endloop
  endfacet
  facet normal -0.99515 0 0.0983731
    outer loop
      vertex -42.4598 -54.831 82.4362
      vertex -42.471 -61.29 82.3229
      vertex -42.4598 -61.29 82.4362
    endloop
  endfacet
  facet normal 0.634814 0 0.772665
    outer loop
      vertex -45.3432 -54.831 81.2419
      vertex -45.2552 -61.29 81.1696
      vertex -45.2552 -54.831 81.1696
    endloop
  endfacet
  facet normal 0.634814 0 0.772665
    outer loop
      vertex -45.2552 -61.29 81.1696
      vertex -45.3432 -54.831 81.2419
      vertex -45.3432 -61.29 81.2419
    endloop
  endfacet
  facet normal 0.973796 0 -0.227424
    outer loop
      vertex -45.8766 -61.29 83.0003
      vertex -45.9025 -54.831 82.8894
      vertex -45.8766 -54.831 83.0003
    endloop
  endfacet
  facet normal 0.973796 0 -0.227424
    outer loop
      vertex -45.9025 -54.831 82.8894
      vertex -45.8766 -61.29 83.0003
      vertex -45.9025 -61.29 82.8894
    endloop
  endfacet
  facet normal 0.41281 0 0.910817
    outer loop
      vertex -44.9655 -54.831 80.9895
      vertex -44.8618 -61.29 80.9425
      vertex -44.8618 -54.831 80.9425
    endloop
  endfacet
  facet normal 0.41281 0 0.910817
    outer loop
      vertex -44.8618 -61.29 80.9425
      vertex -44.9655 -54.831 80.9895
      vertex -44.9655 -61.29 80.9895
    endloop
  endfacet
  facet normal -0.772665 0 0.634814
    outer loop
      vertex -42.8879 -61.29 81.4028
      vertex -42.8156 -54.831 81.4908
      vertex -42.8879 -54.831 81.4028
    endloop
  endfacet
  facet normal -0.772665 0 0.634814
    outer loop
      vertex -42.8156 -54.831 81.4908
      vertex -42.8879 -61.29 81.4028
      vertex -42.8156 -61.29 81.4908
    endloop
  endfacet
  facet normal -0.730003 0 -0.683444
    outer loop
      vertex -42.8879 -61.29 83.6972
      vertex -42.9657 -54.831 83.7803
      vertex -42.8879 -54.831 83.6972
    endloop
  endfacet
  facet normal -0.730003 -0 -0.683444
    outer loop
      vertex -42.9657 -54.831 83.7803
      vertex -42.8879 -61.29 83.6972
      vertex -42.9657 -61.29 83.7803
    endloop
  endfacet
  facet normal -0.730003 0 0.683444
    outer loop
      vertex -42.9657 -61.29 81.3197
      vertex -42.8879 -54.831 81.4028
      vertex -42.9657 -54.831 81.3197
    endloop
  endfacet
  facet normal -0.730003 0 0.683444
    outer loop
      vertex -42.8879 -54.831 81.4028
      vertex -42.9657 -61.29 81.3197
      vertex -42.8879 -61.29 81.4028
    endloop
  endfacet
  facet normal 0.95724 0 -0.289294
    outer loop
      vertex -141.793 -6.35 1.27779
      vertex -141.883 6.35 0.97999
      vertex -141.793 6.35 1.27779
    endloop
  endfacet
  facet normal 0.95724 0 -0.289294
    outer loop
      vertex -141.883 6.35 0.97999
      vertex -141.793 -6.35 1.27779
      vertex -141.883 -6.35 0.97999
    endloop
  endfacet
  facet normal 0.995028 0 -0.099596
    outer loop
      vertex -141.762 -6.35 1.5875
      vertex -141.793 6.35 1.27779
      vertex -141.762 6.35 1.5875
    endloop
  endfacet
  facet normal 0.995028 0 -0.099596
    outer loop
      vertex -141.793 6.35 1.27779
      vertex -141.762 -6.35 1.5875
      vertex -141.793 -6.35 1.27779
    endloop
  endfacet
  facet normal 0.881522 0 -0.472144
    outer loop
      vertex -141.883 -6.35 0.97999
      vertex -142.03 6.35 0.705532
      vertex -141.883 6.35 0.97999
    endloop
  endfacet
  facet normal 0.881522 0 -0.472144
    outer loop
      vertex -142.03 6.35 0.705532
      vertex -141.883 -6.35 0.97999
      vertex -142.03 -6.35 0.705532
    endloop
  endfacet
  facet normal 0.95724 -0 0.289294
    outer loop
      vertex -141.883 -6.35 2.19501
      vertex -141.793 6.35 1.89721
      vertex -141.883 6.35 2.19501
    endloop
  endfacet
  facet normal 0.95724 0 0.289294
    outer loop
      vertex -141.793 6.35 1.89721
      vertex -141.883 -6.35 2.19501
      vertex -141.793 -6.35 1.89721
    endloop
  endfacet
  facet normal 0.881523 -0 0.472141
    outer loop
      vertex -142.03 -6.35 2.46947
      vertex -141.883 6.35 2.19501
      vertex -142.03 6.35 2.46947
    endloop
  endfacet
  facet normal 0.881523 0 0.472141
    outer loop
      vertex -141.883 6.35 2.19501
      vertex -142.03 -6.35 2.46947
      vertex -141.883 -6.35 2.19501
    endloop
  endfacet
  facet normal 0.773676 -0 0.633581
    outer loop
      vertex -142.227 -6.35 2.71003
      vertex -142.03 6.35 2.46947
      vertex -142.227 6.35 2.71003
    endloop
  endfacet
  facet normal 0.773676 0 0.633581
    outer loop
      vertex -142.03 6.35 2.46947
      vertex -142.227 -6.35 2.71003
      vertex -142.03 -6.35 2.46947
    endloop
  endfacet
  facet normal 0.995028 -0 0.099596
    outer loop
      vertex -141.793 -6.35 1.89721
      vertex -141.762 6.35 1.5875
      vertex -141.793 6.35 1.89721
    endloop
  endfacet
  facet normal 0.995028 0 0.099596
    outer loop
      vertex -141.762 6.35 1.5875
      vertex -141.793 -6.35 1.89721
      vertex -141.762 -6.35 1.5875
    endloop
  endfacet
  facet normal 0.0979248 0 -0.995194
    outer loop
      vertex -143.35 -6.35 0
      vertex -143.04 6.35 0.0305033
      vertex -143.04 -6.35 0.0305033
    endloop
  endfacet
  facet normal 0.0979248 0 -0.995194
    outer loop
      vertex -143.04 6.35 0.0305033
      vertex -143.35 -6.35 0
      vertex -143.35 6.35 0
    endloop
  endfacet
  facet normal 0.0979143 0 0.995195
    outer loop
      vertex -143.35 6.35 3.175
      vertex -143.04 -6.35 3.1445
      vertex -143.04 6.35 3.1445
    endloop
  endfacet
  facet normal 0.0979143 0 0.995195
    outer loop
      vertex -143.04 -6.35 3.1445
      vertex -143.35 6.35 3.175
      vertex -143.35 -6.35 3.175
    endloop
  endfacet
  facet normal -0.95724 0 0.289294
    outer loop
      vertex -144.907 -6.35 1.89721
      vertex -144.817 6.35 2.19501
      vertex -144.907 6.35 1.89721
    endloop
  endfacet
  facet normal -0.95724 0 0.289294
    outer loop
      vertex -144.817 6.35 2.19501
      vertex -144.907 -6.35 1.89721
      vertex -144.817 -6.35 2.19501
    endloop
  endfacet
  facet normal 0.773682 0 -0.633575
    outer loop
      vertex -142.03 -6.35 0.705532
      vertex -142.227 6.35 0.464968
      vertex -142.03 6.35 0.705532
    endloop
  endfacet
  facet normal 0.773682 0 -0.633575
    outer loop
      vertex -142.227 6.35 0.464968
      vertex -142.03 -6.35 0.705532
      vertex -142.227 -6.35 0.464968
    endloop
  endfacet
  facet normal 0 1 0
    outer loop
      vertex -143.04 6.35 3.1445
      vertex -143.66 6.35 3.1445
      vertex -143.35 6.35 3.175
    endloop
  endfacet
  facet normal 0 1 0
    outer loop
      vertex -142.742 6.35 3.05416
      vertex -143.66 6.35 3.1445
      vertex -143.04 6.35 3.1445
    endloop
  endfacet
  facet normal 0 1 0
    outer loop
      vertex -142.742 6.35 3.05416
      vertex -143.958 6.35 3.05416
      vertex -143.66 6.35 3.1445
    endloop
  endfacet
  facet normal 0 1 0
    outer loop
      vertex -142.468 6.35 2.90746
      vertex -143.958 6.35 3.05416
      vertex -142.742 6.35 3.05416
    endloop
  endfacet
  facet normal 0 1 0
    outer loop
      vertex -142.468 6.35 2.90746
      vertex -144.232 6.35 2.90746
      vertex -143.958 6.35 3.05416
    endloop
  endfacet
  facet normal 0 1 0
    outer loop
      vertex -142.227 6.35 2.71003
      vertex -144.232 6.35 2.90746
      vertex -142.468 6.35 2.90746
    endloop
  endfacet
  facet normal 0 1 0
    outer loop
      vertex -142.227 6.35 2.71003
      vertex -144.473 6.35 2.71003
      vertex -144.232 6.35 2.90746
    endloop
  endfacet
  facet normal 0 1 0
    outer loop
      vertex -142.03 6.35 2.46947
      vertex -144.473 6.35 2.71003
      vertex -142.227 6.35 2.71003
    endloop
  endfacet
  facet normal 0 1 0
    outer loop
      vertex -142.03 6.35 2.46947
      vertex -144.67 6.35 2.46947
      vertex -144.473 6.35 2.71003
    endloop
  endfacet
  facet normal 0 1 0
    outer loop
      vertex -141.883 6.35 2.19501
      vertex -144.67 6.35 2.46947
      vertex -142.03 6.35 2.46947
    endloop
  endfacet
  facet normal 0 1 0
    outer loop
      vertex -141.883 6.35 2.19501
      vertex -144.817 6.35 2.19501
      vertex -144.67 6.35 2.46947
    endloop
  endfacet
  facet normal 0 1 0
    outer loop
      vertex -141.793 6.35 1.89721
      vertex -144.817 6.35 2.19501
      vertex -141.883 6.35 2.19501
    endloop
  endfacet
  facet normal 0 1 0
    outer loop
      vertex -141.793 6.35 1.89721
      vertex -144.907 6.35 1.89721
      vertex -144.817 6.35 2.19501
    endloop
  endfacet
  facet normal 0 1 0
    outer loop
      vertex -141.762 6.35 1.5875
      vertex -144.907 6.35 1.89721
      vertex -141.793 6.35 1.89721
    endloop
  endfacet
  facet normal 0 1 0
    outer loop
      vertex -141.762 6.35 1.5875
      vertex -144.938 6.35 1.5875
      vertex -144.907 6.35 1.89721
    endloop
  endfacet
  facet normal 0 1 -0
    outer loop
      vertex -141.793 6.35 1.27779
      vertex -144.938 6.35 1.5875
      vertex -141.762 6.35 1.5875
    endloop
  endfacet
  facet normal 0 1 0
    outer loop
      vertex -141.793 6.35 1.27779
      vertex -144.907 6.35 1.27779
      vertex -144.938 6.35 1.5875
    endloop
  endfacet
  facet normal 0 1 -0
    outer loop
      vertex -141.883 6.35 0.97999
      vertex -144.907 6.35 1.27779
      vertex -141.793 6.35 1.27779
    endloop
  endfacet
  facet normal 0 1 0
    outer loop
      vertex -141.883 6.35 0.97999
      vertex -144.817 6.35 0.97999
      vertex -144.907 6.35 1.27779
    endloop
  endfacet
  facet normal 0 1 -0
    outer loop
      vertex -142.03 6.35 0.705532
      vertex -144.817 6.35 0.97999
      vertex -141.883 6.35 0.97999
    endloop
  endfacet
  facet normal 0 1 0
    outer loop
      vertex -142.03 6.35 0.705532
      vertex -144.67 6.35 0.705532
      vertex -144.817 6.35 0.97999
    endloop
  endfacet
  facet normal 0 1 -0
    outer loop
      vertex -142.227 6.35 0.464968
      vertex -144.67 6.35 0.705532
      vertex -142.03 6.35 0.705532
    endloop
  endfacet
  facet normal 0 1 0
    outer loop
      vertex -142.227 6.35 0.464968
      vertex -144.473 6.35 0.464968
      vertex -144.67 6.35 0.705532
    endloop
  endfacet
  facet normal 0 1 -0
    outer loop
      vertex -142.468 6.35 0.267542
      vertex -144.473 6.35 0.464968
      vertex -142.227 6.35 0.464968
    endloop
  endfacet
  facet normal 0 1 0
    outer loop
      vertex -142.468 6.35 0.267542
      vertex -144.232 6.35 0.267542
      vertex -144.473 6.35 0.464968
    endloop
  endfacet
  facet normal 0 1 -0
    outer loop
      vertex -142.742 6.35 0.120841
      vertex -144.232 6.35 0.267542
      vertex -142.468 6.35 0.267542
    endloop
  endfacet
  facet normal 0 1 0
    outer loop
      vertex -142.742 6.35 0.120841
      vertex -143.958 6.35 0.120841
      vertex -144.232 6.35 0.267542
    endloop
  endfacet
  facet normal 0 1 -0
    outer loop
      vertex -143.04 6.35 0.0305033
      vertex -143.958 6.35 0.120841
      vertex -142.742 6.35 0.120841
    endloop
  endfacet
  facet normal 0 1 0
    outer loop
      vertex -143.04 6.35 0.0305033
      vertex -143.66 6.35 0.0305033
      vertex -143.958 6.35 0.120841
    endloop
  endfacet
  facet normal -0 1 0
    outer loop
      vertex -143.66 6.35 0.0305033
      vertex -143.04 6.35 0.0305033
      vertex -143.35 6.35 0
    endloop
  endfacet
  facet normal 0.290109 0 -0.956993
    outer loop
      vertex -143.04 -6.35 0.0305033
      vertex -142.742 6.35 0.120841
      vertex -142.742 -6.35 0.120841
    endloop
  endfacet
  facet normal 0.290109 0 -0.956993
    outer loop
      vertex -142.742 6.35 0.120841
      vertex -143.04 -6.35 0.0305033
      vertex -143.04 6.35 0.0305033
    endloop
  endfacet
  facet normal -0.881522 0 -0.472144
    outer loop
      vertex -144.67 -6.35 0.705532
      vertex -144.817 6.35 0.97999
      vertex -144.67 6.35 0.705532
    endloop
  endfacet
  facet normal -0.881522 -0 -0.472144
    outer loop
      vertex -144.817 6.35 0.97999
      vertex -144.67 -6.35 0.705532
      vertex -144.817 -6.35 0.97999
    endloop
  endfacet
  facet normal -0.995028 0 -0.099596
    outer loop
      vertex -144.907 -6.35 1.27779
      vertex -144.938 6.35 1.5875
      vertex -144.907 6.35 1.27779
    endloop
  endfacet
  facet normal -0.995028 -0 -0.099596
    outer loop
      vertex -144.938 6.35 1.5875
      vertex -144.907 -6.35 1.27779
      vertex -144.938 -6.35 1.5875
    endloop
  endfacet
  facet normal 0.633715 0 0.773567
    outer loop
      vertex -142.468 6.35 2.90746
      vertex -142.227 -6.35 2.71003
      vertex -142.227 6.35 2.71003
    endloop
  endfacet
  facet normal 0.633715 0 0.773567
    outer loop
      vertex -142.227 -6.35 2.71003
      vertex -142.468 6.35 2.90746
      vertex -142.468 -6.35 2.90746
    endloop
  endfacet
  facet normal -0.290109 0 -0.956993
    outer loop
      vertex -143.958 -6.35 0.120841
      vertex -143.66 6.35 0.0305033
      vertex -143.66 -6.35 0.0305033
    endloop
  endfacet
  facet normal -0.290109 0 -0.956993
    outer loop
      vertex -143.66 6.35 0.0305033
      vertex -143.958 -6.35 0.120841
      vertex -143.958 6.35 0.120841
    endloop
  endfacet
  facet normal 0.290116 0 0.956991
    outer loop
      vertex -143.04 6.35 3.1445
      vertex -142.742 -6.35 3.05416
      vertex -142.742 6.35 3.05416
    endloop
  endfacet
  facet normal 0.290116 0 0.956991
    outer loop
      vertex -142.742 -6.35 3.05416
      vertex -143.04 6.35 3.1445
      vertex -143.04 -6.35 3.1445
    endloop
  endfacet
  facet normal -0.881523 0 0.472141
    outer loop
      vertex -144.817 -6.35 2.19501
      vertex -144.67 6.35 2.46947
      vertex -144.817 6.35 2.19501
    endloop
  endfacet
  facet normal -0.881523 0 0.472141
    outer loop
      vertex -144.67 6.35 2.46947
      vertex -144.817 -6.35 2.19501
      vertex -144.67 -6.35 2.46947
    endloop
  endfacet
  facet normal -0.47201 0 -0.881593
    outer loop
      vertex -144.232 -6.35 0.267542
      vertex -143.958 6.35 0.120841
      vertex -143.958 -6.35 0.120841
    endloop
  endfacet
  facet normal -0.47201 0 -0.881593
    outer loop
      vertex -143.958 6.35 0.120841
      vertex -144.232 -6.35 0.267542
      vertex -144.232 6.35 0.267542
    endloop
  endfacet
  facet normal 0.472007 0 0.881595
    outer loop
      vertex -142.742 6.35 3.05416
      vertex -142.468 -6.35 2.90746
      vertex -142.468 6.35 2.90746
    endloop
  endfacet
  facet normal 0.472007 0 0.881595
    outer loop
      vertex -142.468 -6.35 2.90746
      vertex -142.742 6.35 3.05416
      vertex -142.742 -6.35 3.05416
    endloop
  endfacet
  facet normal 0.633707 0 -0.773573
    outer loop
      vertex -142.468 -6.35 0.267542
      vertex -142.227 6.35 0.464968
      vertex -142.227 -6.35 0.464968
    endloop
  endfacet
  facet normal 0.633707 0 -0.773573
    outer loop
      vertex -142.227 6.35 0.464968
      vertex -142.468 -6.35 0.267542
      vertex -142.468 6.35 0.267542
    endloop
  endfacet
  facet normal -0.0979248 0 -0.995194
    outer loop
      vertex -143.66 -6.35 0.0305033
      vertex -143.35 6.35 0
      vertex -143.35 -6.35 0
    endloop
  endfacet
  facet normal -0.0979248 0 -0.995194
    outer loop
      vertex -143.35 6.35 0
      vertex -143.66 -6.35 0.0305033
      vertex -143.66 6.35 0.0305033
    endloop
  endfacet
  facet normal -0.633715 0 0.773567
    outer loop
      vertex -144.473 6.35 2.71003
      vertex -144.232 -6.35 2.90746
      vertex -144.232 6.35 2.90746
    endloop
  endfacet
  facet normal -0.633715 0 0.773567
    outer loop
      vertex -144.232 -6.35 2.90746
      vertex -144.473 6.35 2.71003
      vertex -144.473 -6.35 2.71003
    endloop
  endfacet
  facet normal 0.47201 0 -0.881593
    outer loop
      vertex -142.742 -6.35 0.120841
      vertex -142.468 6.35 0.267542
      vertex -142.468 -6.35 0.267542
    endloop
  endfacet
  facet normal 0.47201 0 -0.881593
    outer loop
      vertex -142.468 6.35 0.267542
      vertex -142.742 -6.35 0.120841
      vertex -142.742 6.35 0.120841
    endloop
  endfacet
  facet normal -0.95724 0 -0.289294
    outer loop
      vertex -144.817 -6.35 0.97999
      vertex -144.907 6.35 1.27779
      vertex -144.817 6.35 0.97999
    endloop
  endfacet
  facet normal -0.95724 -0 -0.289294
    outer loop
      vertex -144.907 6.35 1.27779
      vertex -144.817 -6.35 0.97999
      vertex -144.907 -6.35 1.27779
    endloop
  endfacet
  facet normal -0.995028 0 0.099596
    outer loop
      vertex -144.938 -6.35 1.5875
      vertex -144.907 6.35 1.89721
      vertex -144.938 6.35 1.5875
    endloop
  endfacet
  facet normal -0.995028 0 0.099596
    outer loop
      vertex -144.907 6.35 1.89721
      vertex -144.938 -6.35 1.5875
      vertex -144.907 -6.35 1.89721
    endloop
  endfacet
  facet normal -0.633707 0 -0.773573
    outer loop
      vertex -144.473 -6.35 0.464968
      vertex -144.232 6.35 0.267542
      vertex -144.232 -6.35 0.267542
    endloop
  endfacet
  facet normal -0.633707 0 -0.773573
    outer loop
      vertex -144.232 6.35 0.267542
      vertex -144.473 -6.35 0.464968
      vertex -144.473 6.35 0.464968
    endloop
  endfacet
  facet normal -0.773676 0 0.633581
    outer loop
      vertex -144.67 -6.35 2.46947
      vertex -144.473 6.35 2.71003
      vertex -144.67 6.35 2.46947
    endloop
  endfacet
  facet normal -0.773676 0 0.633581
    outer loop
      vertex -144.473 6.35 2.71003
      vertex -144.67 -6.35 2.46947
      vertex -144.473 -6.35 2.71003
    endloop
  endfacet
  facet normal 0 -1 0
    outer loop
      vertex -143.66 -6.35 3.1445
      vertex -143.04 -6.35 3.1445
      vertex -143.35 -6.35 3.175
    endloop
  endfacet
  facet normal 0 -1 0
    outer loop
      vertex -143.958 -6.35 3.05416
      vertex -143.04 -6.35 3.1445
      vertex -143.66 -6.35 3.1445
    endloop
  endfacet
  facet normal 0 -1 0
    outer loop
      vertex -143.958 -6.35 3.05416
      vertex -142.742 -6.35 3.05416
      vertex -143.04 -6.35 3.1445
    endloop
  endfacet
  facet normal 0 -1 0
    outer loop
      vertex -144.232 -6.35 2.90746
      vertex -142.742 -6.35 3.05416
      vertex -143.958 -6.35 3.05416
    endloop
  endfacet
  facet normal 0 -1 0
    outer loop
      vertex -144.232 -6.35 2.90746
      vertex -142.468 -6.35 2.90746
      vertex -142.742 -6.35 3.05416
    endloop
  endfacet
  facet normal 0 -1 0
    outer loop
      vertex -144.473 -6.35 2.71003
      vertex -142.468 -6.35 2.90746
      vertex -144.232 -6.35 2.90746
    endloop
  endfacet
  facet normal 0 -1 0
    outer loop
      vertex -144.473 -6.35 2.71003
      vertex -142.227 -6.35 2.71003
      vertex -142.468 -6.35 2.90746
    endloop
  endfacet
  facet normal 0 -1 0
    outer loop
      vertex -144.67 -6.35 2.46947
      vertex -142.227 -6.35 2.71003
      vertex -144.473 -6.35 2.71003
    endloop
  endfacet
  facet normal 0 -1 0
    outer loop
      vertex -144.67 -6.35 2.46947
      vertex -142.03 -6.35 2.46947
      vertex -142.227 -6.35 2.71003
    endloop
  endfacet
  facet normal 0 -1 0
    outer loop
      vertex -144.817 -6.35 2.19501
      vertex -142.03 -6.35 2.46947
      vertex -144.67 -6.35 2.46947
    endloop
  endfacet
  facet normal 0 -1 0
    outer loop
      vertex -144.817 -6.35 2.19501
      vertex -141.883 -6.35 2.19501
      vertex -142.03 -6.35 2.46947
    endloop
  endfacet
  facet normal 0 -1 0
    outer loop
      vertex -144.907 -6.35 1.89721
      vertex -141.883 -6.35 2.19501
      vertex -144.817 -6.35 2.19501
    endloop
  endfacet
  facet normal 0 -1 0
    outer loop
      vertex -144.907 -6.35 1.89721
      vertex -141.793 -6.35 1.89721
      vertex -141.883 -6.35 2.19501
    endloop
  endfacet
  facet normal 0 -1 0
    outer loop
      vertex -144.938 -6.35 1.5875
      vertex -141.793 -6.35 1.89721
      vertex -144.907 -6.35 1.89721
    endloop
  endfacet
  facet normal 0 -1 0
    outer loop
      vertex -144.938 -6.35 1.5875
      vertex -141.762 -6.35 1.5875
      vertex -141.793 -6.35 1.89721
    endloop
  endfacet
  facet normal 0 -1 0
    outer loop
      vertex -144.907 -6.35 1.27779
      vertex -141.762 -6.35 1.5875
      vertex -144.938 -6.35 1.5875
    endloop
  endfacet
  facet normal 0 -1 0
    outer loop
      vertex -144.907 -6.35 1.27779
      vertex -141.793 -6.35 1.27779
      vertex -141.762 -6.35 1.5875
    endloop
  endfacet
  facet normal 0 -1 0
    outer loop
      vertex -144.817 -6.35 0.97999
      vertex -141.793 -6.35 1.27779
      vertex -144.907 -6.35 1.27779
    endloop
  endfacet
  facet normal 0 -1 0
    outer loop
      vertex -144.817 -6.35 0.97999
      vertex -141.883 -6.35 0.97999
      vertex -141.793 -6.35 1.27779
    endloop
  endfacet
  facet normal 0 -1 0
    outer loop
      vertex -144.67 -6.35 0.705532
      vertex -141.883 -6.35 0.97999
      vertex -144.817 -6.35 0.97999
    endloop
  endfacet
  facet normal 0 -1 0
    outer loop
      vertex -144.67 -6.35 0.705532
      vertex -142.03 -6.35 0.705532
      vertex -141.883 -6.35 0.97999
    endloop
  endfacet
  facet normal 0 -1 0
    outer loop
      vertex -144.473 -6.35 0.464968
      vertex -142.03 -6.35 0.705532
      vertex -144.67 -6.35 0.705532
    endloop
  endfacet
  facet normal 0 -1 0
    outer loop
      vertex -144.473 -6.35 0.464968
      vertex -142.227 -6.35 0.464968
      vertex -142.03 -6.35 0.705532
    endloop
  endfacet
  facet normal 0 -1 0
    outer loop
      vertex -144.232 -6.35 0.267542
      vertex -142.227 -6.35 0.464968
      vertex -144.473 -6.35 0.464968
    endloop
  endfacet
  facet normal 0 -1 0
    outer loop
      vertex -144.232 -6.35 0.267542
      vertex -142.468 -6.35 0.267542
      vertex -142.227 -6.35 0.464968
    endloop
  endfacet
  facet normal 0 -1 0
    outer loop
      vertex -143.958 -6.35 0.120841
      vertex -142.468 -6.35 0.267542
      vertex -144.232 -6.35 0.267542
    endloop
  endfacet
  facet normal 0 -1 0
    outer loop
      vertex -143.958 -6.35 0.120841
      vertex -142.742 -6.35 0.120841
      vertex -142.468 -6.35 0.267542
    endloop
  endfacet
  facet normal 0 -1 0
    outer loop
      vertex -143.66 -6.35 0.0305033
      vertex -142.742 -6.35 0.120841
      vertex -143.958 -6.35 0.120841
    endloop
  endfacet
  facet normal 0 -1 0
    outer loop
      vertex -143.66 -6.35 0.0305033
      vertex -143.04 -6.35 0.0305033
      vertex -142.742 -6.35 0.120841
    endloop
  endfacet
  facet normal -0 -1 0
    outer loop
      vertex -143.04 -6.35 0.0305033
      vertex -143.66 -6.35 0.0305033
      vertex -143.35 -6.35 0
    endloop
  endfacet
  facet normal -0.0979143 0 0.995195
    outer loop
      vertex -143.66 6.35 3.1445
      vertex -143.35 -6.35 3.175
      vertex -143.35 6.35 3.175
    endloop
  endfacet
  facet normal -0.0979143 0 0.995195
    outer loop
      vertex -143.35 -6.35 3.175
      vertex -143.66 6.35 3.1445
      vertex -143.66 -6.35 3.1445
    endloop
  endfacet
  facet normal -0.290116 0 0.956991
    outer loop
      vertex -143.958 6.35 3.05416
      vertex -143.66 -6.35 3.1445
      vertex -143.66 6.35 3.1445
    endloop
  endfacet
  facet normal -0.290116 0 0.956991
    outer loop
      vertex -143.66 -6.35 3.1445
      vertex -143.958 6.35 3.05416
      vertex -143.958 -6.35 3.05416
    endloop
  endfacet
  facet normal -0.472007 0 0.881595
    outer loop
      vertex -144.232 6.35 2.90746
      vertex -143.958 -6.35 3.05416
      vertex -143.958 6.35 3.05416
    endloop
  endfacet
  facet normal -0.472007 0 0.881595
    outer loop
      vertex -143.958 -6.35 3.05416
      vertex -144.232 6.35 2.90746
      vertex -144.232 -6.35 2.90746
    endloop
  endfacet
  facet normal -0.773682 0 -0.633575
    outer loop
      vertex -144.473 -6.35 0.464968
      vertex -144.67 6.35 0.705532
      vertex -144.473 6.35 0.464968
    endloop
  endfacet
  facet normal -0.773682 -0 -0.633575
    outer loop
      vertex -144.67 6.35 0.705532
      vertex -144.473 -6.35 0.464968
      vertex -144.67 -6.35 0.705532
    endloop
  endfacet
  facet normal 0.95724 0 -0.289294
    outer loop
      vertex -131.793 -6.35 1.27779
      vertex -131.883 6.35 0.97999
      vertex -131.793 6.35 1.27779
    endloop
  endfacet
  facet normal 0.95724 0 -0.289294
    outer loop
      vertex -131.883 6.35 0.97999
      vertex -131.793 -6.35 1.27779
      vertex -131.883 -6.35 0.97999
    endloop
  endfacet
  facet normal 0.995028 0 -0.099596
    outer loop
      vertex -131.762 -6.35 1.5875
      vertex -131.793 6.35 1.27779
      vertex -131.762 6.35 1.5875
    endloop
  endfacet
  facet normal 0.995028 0 -0.099596
    outer loop
      vertex -131.793 6.35 1.27779
      vertex -131.762 -6.35 1.5875
      vertex -131.793 -6.35 1.27779
    endloop
  endfacet
  facet normal 0.881522 0 -0.472144
    outer loop
      vertex -131.883 -6.35 0.97999
      vertex -132.03 6.35 0.705532
      vertex -131.883 6.35 0.97999
    endloop
  endfacet
  facet normal 0.881522 0 -0.472144
    outer loop
      vertex -132.03 6.35 0.705532
      vertex -131.883 -6.35 0.97999
      vertex -132.03 -6.35 0.705532
    endloop
  endfacet
  facet normal 0.95724 -0 0.289294
    outer loop
      vertex -131.883 -6.35 2.19501
      vertex -131.793 6.35 1.89721
      vertex -131.883 6.35 2.19501
    endloop
  endfacet
  facet normal 0.95724 0 0.289294
    outer loop
      vertex -131.793 6.35 1.89721
      vertex -131.883 -6.35 2.19501
      vertex -131.793 -6.35 1.89721
    endloop
  endfacet
  facet normal 0.881523 -0 0.472141
    outer loop
      vertex -132.03 -6.35 2.46947
      vertex -131.883 6.35 2.19501
      vertex -132.03 6.35 2.46947
    endloop
  endfacet
  facet normal 0.881523 0 0.472141
    outer loop
      vertex -131.883 6.35 2.19501
      vertex -132.03 -6.35 2.46947
      vertex -131.883 -6.35 2.19501
    endloop
  endfacet
  facet normal 0.773676 -0 0.633581
    outer loop
      vertex -132.227 -6.35 2.71003
      vertex -132.03 6.35 2.46947
      vertex -132.227 6.35 2.71003
    endloop
  endfacet
  facet normal 0.773676 0 0.633581
    outer loop
      vertex -132.03 6.35 2.46947
      vertex -132.227 -6.35 2.71003
      vertex -132.03 -6.35 2.46947
    endloop
  endfacet
  facet normal 0.995028 -0 0.099596
    outer loop
      vertex -131.793 -6.35 1.89721
      vertex -131.762 6.35 1.5875
      vertex -131.793 6.35 1.89721
    endloop
  endfacet
  facet normal 0.995028 0 0.099596
    outer loop
      vertex -131.762 6.35 1.5875
      vertex -131.793 -6.35 1.89721
      vertex -131.762 -6.35 1.5875
    endloop
  endfacet
  facet normal 0.0979248 0 -0.995194
    outer loop
      vertex -133.35 -6.35 0
      vertex -133.04 6.35 0.0305033
      vertex -133.04 -6.35 0.0305033
    endloop
  endfacet
  facet normal 0.0979248 0 -0.995194
    outer loop
      vertex -133.04 6.35 0.0305033
      vertex -133.35 -6.35 0
      vertex -133.35 6.35 0
    endloop
  endfacet
  facet normal 0.0979143 0 0.995195
    outer loop
      vertex -133.35 6.35 3.175
      vertex -133.04 -6.35 3.1445
      vertex -133.04 6.35 3.1445
    endloop
  endfacet
  facet normal 0.0979143 0 0.995195
    outer loop
      vertex -133.04 -6.35 3.1445
      vertex -133.35 6.35 3.175
      vertex -133.35 -6.35 3.175
    endloop
  endfacet
  facet normal -0.95724 0 0.289294
    outer loop
      vertex -134.907 -6.35 1.89721
      vertex -134.817 6.35 2.19501
      vertex -134.907 6.35 1.89721
    endloop
  endfacet
  facet normal -0.95724 0 0.289294
    outer loop
      vertex -134.817 6.35 2.19501
      vertex -134.907 -6.35 1.89721
      vertex -134.817 -6.35 2.19501
    endloop
  endfacet
  facet normal 0 1 0
    outer loop
      vertex -133.04 6.35 3.1445
      vertex -133.66 6.35 3.1445
      vertex -133.35 6.35 3.175
    endloop
  endfacet
  facet normal 0 1 0
    outer loop
      vertex -132.742 6.35 3.05416
      vertex -133.66 6.35 3.1445
      vertex -133.04 6.35 3.1445
    endloop
  endfacet
  facet normal 0 1 0
    outer loop
      vertex -132.742 6.35 3.05416
      vertex -133.958 6.35 3.05416
      vertex -133.66 6.35 3.1445
    endloop
  endfacet
  facet normal 0 1 0
    outer loop
      vertex -132.468 6.35 2.90746
      vertex -133.958 6.35 3.05416
      vertex -132.742 6.35 3.05416
    endloop
  endfacet
  facet normal 0 1 0
    outer loop
      vertex -132.468 6.35 2.90746
      vertex -134.232 6.35 2.90746
      vertex -133.958 6.35 3.05416
    endloop
  endfacet
  facet normal 0 1 0
    outer loop
      vertex -132.227 6.35 2.71003
      vertex -134.232 6.35 2.90746
      vertex -132.468 6.35 2.90746
    endloop
  endfacet
  facet normal 0 1 0
    outer loop
      vertex -132.227 6.35 2.71003
      vertex -134.473 6.35 2.71003
      vertex -134.232 6.35 2.90746
    endloop
  endfacet
  facet normal 0 1 0
    outer loop
      vertex -132.03 6.35 2.46947
      vertex -134.473 6.35 2.71003
      vertex -132.227 6.35 2.71003
    endloop
  endfacet
  facet normal 0 1 0
    outer loop
      vertex -132.03 6.35 2.46947
      vertex -134.67 6.35 2.46947
      vertex -134.473 6.35 2.71003
    endloop
  endfacet
  facet normal 0 1 0
    outer loop
      vertex -131.883 6.35 2.19501
      vertex -134.67 6.35 2.46947
      vertex -132.03 6.35 2.46947
    endloop
  endfacet
  facet normal 0 1 0
    outer loop
      vertex -131.883 6.35 2.19501
      vertex -134.817 6.35 2.19501
      vertex -134.67 6.35 2.46947
    endloop
  endfacet
  facet normal 0 1 0
    outer loop
      vertex -131.793 6.35 1.89721
      vertex -134.817 6.35 2.19501
      vertex -131.883 6.35 2.19501
    endloop
  endfacet
  facet normal 0 1 0
    outer loop
      vertex -131.793 6.35 1.89721
      vertex -134.907 6.35 1.89721
      vertex -134.817 6.35 2.19501
    endloop
  endfacet
  facet normal 0 1 0
    outer loop
      vertex -131.762 6.35 1.5875
      vertex -134.907 6.35 1.89721
      vertex -131.793 6.35 1.89721
    endloop
  endfacet
  facet normal 0 1 0
    outer loop
      vertex -131.762 6.35 1.5875
      vertex -134.938 6.35 1.5875
      vertex -134.907 6.35 1.89721
    endloop
  endfacet
  facet normal 0 1 -0
    outer loop
      vertex -131.793 6.35 1.27779
      vertex -134.938 6.35 1.5875
      vertex -131.762 6.35 1.5875
    endloop
  endfacet
  facet normal 0 1 0
    outer loop
      vertex -131.793 6.35 1.27779
      vertex -134.907 6.35 1.27779
      vertex -134.938 6.35 1.5875
    endloop
  endfacet
  facet normal 0 1 -0
    outer loop
      vertex -131.883 6.35 0.97999
      vertex -134.907 6.35 1.27779
      vertex -131.793 6.35 1.27779
    endloop
  endfacet
  facet normal 0 1 0
    outer loop
      vertex -131.883 6.35 0.97999
      vertex -134.817 6.35 0.97999
      vertex -134.907 6.35 1.27779
    endloop
  endfacet
  facet normal 0 1 -0
    outer loop
      vertex -132.03 6.35 0.705532
      vertex -134.817 6.35 0.97999
      vertex -131.883 6.35 0.97999
    endloop
  endfacet
  facet normal 0 1 0
    outer loop
      vertex -132.03 6.35 0.705532
      vertex -134.67 6.35 0.705532
      vertex -134.817 6.35 0.97999
    endloop
  endfacet
  facet normal 0 1 -0
    outer loop
      vertex -132.227 6.35 0.464968
      vertex -134.67 6.35 0.705532
      vertex -132.03 6.35 0.705532
    endloop
  endfacet
  facet normal 0 1 0
    outer loop
      vertex -132.227 6.35 0.464968
      vertex -134.473 6.35 0.464968
      vertex -134.67 6.35 0.705532
    endloop
  endfacet
  facet normal 0 1 -0
    outer loop
      vertex -132.468 6.35 0.267542
      vertex -134.473 6.35 0.464968
      vertex -132.227 6.35 0.464968
    endloop
  endfacet
  facet normal 0 1 0
    outer loop
      vertex -132.468 6.35 0.267542
      vertex -134.232 6.35 0.267542
      vertex -134.473 6.35 0.464968
    endloop
  endfacet
  facet normal 0 1 -0
    outer loop
      vertex -132.742 6.35 0.120841
      vertex -134.232 6.35 0.267542
      vertex -132.468 6.35 0.267542
    endloop
  endfacet
  facet normal 0 1 0
    outer loop
      vertex -132.742 6.35 0.120841
      vertex -133.958 6.35 0.120841
      vertex -134.232 6.35 0.267542
    endloop
  endfacet
  facet normal 0 1 -0
    outer loop
      vertex -133.04 6.35 0.0305033
      vertex -133.958 6.35 0.120841
      vertex -132.742 6.35 0.120841
    endloop
  endfacet
  facet normal 0 1 0
    outer loop
      vertex -133.04 6.35 0.0305033
      vertex -133.66 6.35 0.0305033
      vertex -133.958 6.35 0.120841
    endloop
  endfacet
  facet normal -0 1 0
    outer loop
      vertex -133.66 6.35 0.0305033
      vertex -133.04 6.35 0.0305033
      vertex -133.35 6.35 0
    endloop
  endfacet
  facet normal 0.290109 0 -0.956993
    outer loop
      vertex -133.04 -6.35 0.0305033
      vertex -132.742 6.35 0.120841
      vertex -132.742 -6.35 0.120841
    endloop
  endfacet
  facet normal 0.290109 0 -0.956993
    outer loop
      vertex -132.742 6.35 0.120841
      vertex -133.04 -6.35 0.0305033
      vertex -133.04 6.35 0.0305033
    endloop
  endfacet
  facet normal -0.881522 0 -0.472144
    outer loop
      vertex -134.67 -6.35 0.705532
      vertex -134.817 6.35 0.97999
      vertex -134.67 6.35 0.705532
    endloop
  endfacet
  facet normal -0.881522 -0 -0.472144
    outer loop
      vertex -134.817 6.35 0.97999
      vertex -134.67 -6.35 0.705532
      vertex -134.817 -6.35 0.97999
    endloop
  endfacet
  facet normal -0.995028 0 -0.099596
    outer loop
      vertex -134.907 -6.35 1.27779
      vertex -134.938 6.35 1.5875
      vertex -134.907 6.35 1.27779
    endloop
  endfacet
  facet normal -0.995028 -0 -0.099596
    outer loop
      vertex -134.938 6.35 1.5875
      vertex -134.907 -6.35 1.27779
      vertex -134.938 -6.35 1.5875
    endloop
  endfacet
  facet normal 0.633715 0 0.773567
    outer loop
      vertex -132.468 6.35 2.90746
      vertex -132.227 -6.35 2.71003
      vertex -132.227 6.35 2.71003
    endloop
  endfacet
  facet normal 0.633715 0 0.773567
    outer loop
      vertex -132.227 -6.35 2.71003
      vertex -132.468 6.35 2.90746
      vertex -132.468 -6.35 2.90746
    endloop
  endfacet
  facet normal -0.290109 0 -0.956993
    outer loop
      vertex -133.958 -6.35 0.120841
      vertex -133.66 6.35 0.0305033
      vertex -133.66 -6.35 0.0305033
    endloop
  endfacet
  facet normal -0.290109 0 -0.956993
    outer loop
      vertex -133.66 6.35 0.0305033
      vertex -133.958 -6.35 0.120841
      vertex -133.958 6.35 0.120841
    endloop
  endfacet
  facet normal 0.773682 0 -0.633575
    outer loop
      vertex -132.03 -6.35 0.705532
      vertex -132.227 6.35 0.464968
      vertex -132.03 6.35 0.705532
    endloop
  endfacet
  facet normal 0.773682 0 -0.633575
    outer loop
      vertex -132.227 6.35 0.464968
      vertex -132.03 -6.35 0.705532
      vertex -132.227 -6.35 0.464968
    endloop
  endfacet
  facet normal 0.290116 0 0.956991
    outer loop
      vertex -133.04 6.35 3.1445
      vertex -132.742 -6.35 3.05416
      vertex -132.742 6.35 3.05416
    endloop
  endfacet
  facet normal 0.290116 0 0.956991
    outer loop
      vertex -132.742 -6.35 3.05416
      vertex -133.04 6.35 3.1445
      vertex -133.04 -6.35 3.1445
    endloop
  endfacet
  facet normal -0.881523 0 0.472141
    outer loop
      vertex -134.817 -6.35 2.19501
      vertex -134.67 6.35 2.46947
      vertex -134.817 6.35 2.19501
    endloop
  endfacet
  facet normal -0.881523 0 0.472141
    outer loop
      vertex -134.67 6.35 2.46947
      vertex -134.817 -6.35 2.19501
      vertex -134.67 -6.35 2.46947
    endloop
  endfacet
  facet normal -0.47201 0 -0.881593
    outer loop
      vertex -134.232 -6.35 0.267542
      vertex -133.958 6.35 0.120841
      vertex -133.958 -6.35 0.120841
    endloop
  endfacet
  facet normal -0.47201 0 -0.881593
    outer loop
      vertex -133.958 6.35 0.120841
      vertex -134.232 -6.35 0.267542
      vertex -134.232 6.35 0.267542
    endloop
  endfacet
  facet normal 0.472007 0 0.881595
    outer loop
      vertex -132.742 6.35 3.05416
      vertex -132.468 -6.35 2.90746
      vertex -132.468 6.35 2.90746
    endloop
  endfacet
  facet normal 0.472007 0 0.881595
    outer loop
      vertex -132.468 -6.35 2.90746
      vertex -132.742 6.35 3.05416
      vertex -132.742 -6.35 3.05416
    endloop
  endfacet
  facet normal 0.633707 0 -0.773573
    outer loop
      vertex -132.468 -6.35 0.267542
      vertex -132.227 6.35 0.464968
      vertex -132.227 -6.35 0.464968
    endloop
  endfacet
  facet normal 0.633707 0 -0.773573
    outer loop
      vertex -132.227 6.35 0.464968
      vertex -132.468 -6.35 0.267542
      vertex -132.468 6.35 0.267542
    endloop
  endfacet
  facet normal -0.0979248 0 -0.995194
    outer loop
      vertex -133.66 -6.35 0.0305033
      vertex -133.35 6.35 0
      vertex -133.35 -6.35 0
    endloop
  endfacet
  facet normal -0.0979248 0 -0.995194
    outer loop
      vertex -133.35 6.35 0
      vertex -133.66 -6.35 0.0305033
      vertex -133.66 6.35 0.0305033
    endloop
  endfacet
  facet normal -0.633715 0 0.773567
    outer loop
      vertex -134.473 6.35 2.71003
      vertex -134.232 -6.35 2.90746
      vertex -134.232 6.35 2.90746
    endloop
  endfacet
  facet normal -0.633715 0 0.773567
    outer loop
      vertex -134.232 -6.35 2.90746
      vertex -134.473 6.35 2.71003
      vertex -134.473 -6.35 2.71003
    endloop
  endfacet
  facet normal 0.47201 0 -0.881593
    outer loop
      vertex -132.742 -6.35 0.120841
      vertex -132.468 6.35 0.267542
      vertex -132.468 -6.35 0.267542
    endloop
  endfacet
  facet normal 0.47201 0 -0.881593
    outer loop
      vertex -132.468 6.35 0.267542
      vertex -132.742 -6.35 0.120841
      vertex -132.742 6.35 0.120841
    endloop
  endfacet
  facet normal -0.95724 0 -0.289294
    outer loop
      vertex -134.817 -6.35 0.97999
      vertex -134.907 6.35 1.27779
      vertex -134.817 6.35 0.97999
    endloop
  endfacet
  facet normal -0.95724 -0 -0.289294
    outer loop
      vertex -134.907 6.35 1.27779
      vertex -134.817 -6.35 0.97999
      vertex -134.907 -6.35 1.27779
    endloop
  endfacet
  facet normal -0.995028 0 0.099596
    outer loop
      vertex -134.938 -6.35 1.5875
      vertex -134.907 6.35 1.89721
      vertex -134.938 6.35 1.5875
    endloop
  endfacet
  facet normal -0.995028 0 0.099596
    outer loop
      vertex -134.907 6.35 1.89721
      vertex -134.938 -6.35 1.5875
      vertex -134.907 -6.35 1.89721
    endloop
  endfacet
  facet normal -0.633707 0 -0.773573
    outer loop
      vertex -134.473 -6.35 0.464968
      vertex -134.232 6.35 0.267542
      vertex -134.232 -6.35 0.267542
    endloop
  endfacet
  facet normal -0.633707 0 -0.773573
    outer loop
      vertex -134.232 6.35 0.267542
      vertex -134.473 -6.35 0.464968
      vertex -134.473 6.35 0.464968
    endloop
  endfacet
  facet normal -0.773676 0 0.633581
    outer loop
      vertex -134.67 -6.35 2.46947
      vertex -134.473 6.35 2.71003
      vertex -134.67 6.35 2.46947
    endloop
  endfacet
  facet normal -0.773676 0 0.633581
    outer loop
      vertex -134.473 6.35 2.71003
      vertex -134.67 -6.35 2.46947
      vertex -134.473 -6.35 2.71003
    endloop
  endfacet
  facet normal 0 -1 0
    outer loop
      vertex -133.66 -6.35 3.1445
      vertex -133.04 -6.35 3.1445
      vertex -133.35 -6.35 3.175
    endloop
  endfacet
  facet normal 0 -1 0
    outer loop
      vertex -133.958 -6.35 3.05416
      vertex -133.04 -6.35 3.1445
      vertex -133.66 -6.35 3.1445
    endloop
  endfacet
  facet normal 0 -1 0
    outer loop
      vertex -133.958 -6.35 3.05416
      vertex -132.742 -6.35 3.05416
      vertex -133.04 -6.35 3.1445
    endloop
  endfacet
  facet normal 0 -1 0
    outer loop
      vertex -134.232 -6.35 2.90746
      vertex -132.742 -6.35 3.05416
      vertex -133.958 -6.35 3.05416
    endloop
  endfacet
  facet normal 0 -1 0
    outer loop
      vertex -134.232 -6.35 2.90746
      vertex -132.468 -6.35 2.90746
      vertex -132.742 -6.35 3.05416
    endloop
  endfacet
  facet normal 0 -1 0
    outer loop
      vertex -134.473 -6.35 2.71003
      vertex -132.468 -6.35 2.90746
      vertex -134.232 -6.35 2.90746
    endloop
  endfacet
  facet normal 0 -1 0
    outer loop
      vertex -134.473 -6.35 2.71003
      vertex -132.227 -6.35 2.71003
      vertex -132.468 -6.35 2.90746
    endloop
  endfacet
  facet normal 0 -1 0
    outer loop
      vertex -134.67 -6.35 2.46947
      vertex -132.227 -6.35 2.71003
      vertex -134.473 -6.35 2.71003
    endloop
  endfacet
  facet normal 0 -1 0
    outer loop
      vertex -134.67 -6.35 2.46947
      vertex -132.03 -6.35 2.46947
      vertex -132.227 -6.35 2.71003
    endloop
  endfacet
  facet normal 0 -1 0
    outer loop
      vertex -134.817 -6.35 2.19501
      vertex -132.03 -6.35 2.46947
      vertex -134.67 -6.35 2.46947
    endloop
  endfacet
  facet normal 0 -1 0
    outer loop
      vertex -134.817 -6.35 2.19501
      vertex -131.883 -6.35 2.19501
      vertex -132.03 -6.35 2.46947
    endloop
  endfacet
  facet normal 0 -1 0
    outer loop
      vertex -134.907 -6.35 1.89721
      vertex -131.883 -6.35 2.19501
      vertex -134.817 -6.35 2.19501
    endloop
  endfacet
  facet normal 0 -1 0
    outer loop
      vertex -134.907 -6.35 1.89721
      vertex -131.793 -6.35 1.89721
      vertex -131.883 -6.35 2.19501
    endloop
  endfacet
  facet normal 0 -1 0
    outer loop
      vertex -134.938 -6.35 1.5875
      vertex -131.793 -6.35 1.89721
      vertex -134.907 -6.35 1.89721
    endloop
  endfacet
  facet normal 0 -1 0
    outer loop
      vertex -134.938 -6.35 1.5875
      vertex -131.762 -6.35 1.5875
      vertex -131.793 -6.35 1.89721
    endloop
  endfacet
  facet normal 0 -1 0
    outer loop
      vertex -134.907 -6.35 1.27779
      vertex -131.762 -6.35 1.5875
      vertex -134.938 -6.35 1.5875
    endloop
  endfacet
  facet normal 0 -1 0
    outer loop
      vertex -134.907 -6.35 1.27779
      vertex -131.793 -6.35 1.27779
      vertex -131.762 -6.35 1.5875
    endloop
  endfacet
  facet normal 0 -1 0
    outer loop
      vertex -134.817 -6.35 0.97999
      vertex -131.793 -6.35 1.27779
      vertex -134.907 -6.35 1.27779
    endloop
  endfacet
  facet normal 0 -1 0
    outer loop
      vertex -134.817 -6.35 0.97999
      vertex -131.883 -6.35 0.97999
      vertex -131.793 -6.35 1.27779
    endloop
  endfacet
  facet normal 0 -1 0
    outer loop
      vertex -134.67 -6.35 0.705532
      vertex -131.883 -6.35 0.97999
      vertex -134.817 -6.35 0.97999
    endloop
  endfacet
  facet normal 0 -1 0
    outer loop
      vertex -134.67 -6.35 0.705532
      vertex -132.03 -6.35 0.705532
      vertex -131.883 -6.35 0.97999
    endloop
  endfacet
  facet normal 0 -1 0
    outer loop
      vertex -134.473 -6.35 0.464968
      vertex -132.03 -6.35 0.705532
      vertex -134.67 -6.35 0.705532
    endloop
  endfacet
  facet normal 0 -1 0
    outer loop
      vertex -134.473 -6.35 0.464968
      vertex -132.227 -6.35 0.464968
      vertex -132.03 -6.35 0.705532
    endloop
  endfacet
  facet normal 0 -1 0
    outer loop
      vertex -134.232 -6.35 0.267542
      vertex -132.227 -6.35 0.464968
      vertex -134.473 -6.35 0.464968
    endloop
  endfacet
  facet normal 0 -1 0
    outer loop
      vertex -134.232 -6.35 0.267542
      vertex -132.468 -6.35 0.267542
      vertex -132.227 -6.35 0.464968
    endloop
  endfacet
  facet normal 0 -1 0
    outer loop
      vertex -133.958 -6.35 0.120841
      vertex -132.468 -6.35 0.267542
      vertex -134.232 -6.35 0.267542
    endloop
  endfacet
  facet normal 0 -1 0
    outer loop
      vertex -133.958 -6.35 0.120841
      vertex -132.742 -6.35 0.120841
      vertex -132.468 -6.35 0.267542
    endloop
  endfacet
  facet normal 0 -1 0
    outer loop
      vertex -133.66 -6.35 0.0305033
      vertex -132.742 -6.35 0.120841
      vertex -133.958 -6.35 0.120841
    endloop
  endfacet
  facet normal 0 -1 0
    outer loop
      vertex -133.66 -6.35 0.0305033
      vertex -133.04 -6.35 0.0305033
      vertex -132.742 -6.35 0.120841
    endloop
  endfacet
  facet normal -0 -1 0
    outer loop
      vertex -133.04 -6.35 0.0305033
      vertex -133.66 -6.35 0.0305033
      vertex -133.35 -6.35 0
    endloop
  endfacet
  facet normal -0.0979143 0 0.995195
    outer loop
      vertex -133.66 6.35 3.1445
      vertex -133.35 -6.35 3.175
      vertex -133.35 6.35 3.175
    endloop
  endfacet
  facet normal -0.0979143 0 0.995195
    outer loop
      vertex -133.35 -6.35 3.175
      vertex -133.66 6.35 3.1445
      vertex -133.66 -6.35 3.1445
    endloop
  endfacet
  facet normal -0.290116 0 0.956991
    outer loop
      vertex -133.958 6.35 3.05416
      vertex -133.66 -6.35 3.1445
      vertex -133.66 6.35 3.1445
    endloop
  endfacet
  facet normal -0.290116 0 0.956991
    outer loop
      vertex -133.66 -6.35 3.1445
      vertex -133.958 6.35 3.05416
      vertex -133.958 -6.35 3.05416
    endloop
  endfacet
  facet normal -0.472007 0 0.881595
    outer loop
      vertex -134.232 6.35 2.90746
      vertex -133.958 -6.35 3.05416
      vertex -133.958 6.35 3.05416
    endloop
  endfacet
  facet normal -0.472007 0 0.881595
    outer loop
      vertex -133.958 -6.35 3.05416
      vertex -134.232 6.35 2.90746
      vertex -134.232 -6.35 2.90746
    endloop
  endfacet
  facet normal -0.773682 0 -0.633575
    outer loop
      vertex -134.473 -6.35 0.464968
      vertex -134.67 6.35 0.705532
      vertex -134.473 6.35 0.464968
    endloop
  endfacet
  facet normal -0.773682 -0 -0.633575
    outer loop
      vertex -134.67 6.35 0.705532
      vertex -134.473 -6.35 0.464968
      vertex -134.67 -6.35 0.705532
    endloop
  endfacet
endsolid OpenSCAD_Model
